Facultad,Docente,Código Plan,Carrera,Id Asignatura,Asignatura,Sección,¿Que opina del profesor?,Sentimiento,% Sentimiento,Emocion,% Emocion,Discurso_Odio,Prob_Odio,Prob_Dirigido,Prob_Agresivo
FACULTAD DE INGENIERIA Y ARQUITECTURA,FSZL,GE02,GEOLOGÍA PLAN 2017,56027,EVALUACION Y GESTION DE PROYECTOS,11,buen profesor.,Positivo,0.8798,Alegría,0.6186,No detectado,0.0201,0.0141,0.0145
FACULTAD DE INGENIERIA Y ARQUITECTURA,FSZL,GE02,GEOLOGÍA PLAN 2017,56027,EVALUACION Y GESTION DE PROYECTOS,11,buen profesor.,Positivo,0.8798,Alegría,0.6186,No detectado,0.0201,0.0141,0.0145
FACULTAD DE INGENIERIA Y ARQUITECTURA,FSZL,GE02,GEOLOGÍA PLAN 2017,56027,EVALUACION Y GESTION DE PROYECTOS,10,buen profesor.,Positivo,0.8798,Alegría,0.6186,No detectado,0.0201,0.0141,0.0145
FACULTAD DE INGENIERIA Y ARQUITECTURA,FSZL,IM02,INGENIERÍA CIVIL EN MINAS PLAN 2017,56017,GESTION DE RIESGOS EN MINERIA,10,buen profesor.,Positivo,0.8798,Alegría,0.6186,No detectado,0.0201,0.0141,0.0145
FACULTAD DE INGENIERIA Y ARQUITECTURA,FSZL,IM02,INGENIERÍA CIVIL EN MINAS PLAN 2017,56015,ECONOMIA MINERA,10,"buen profesor, debe considerar subir mas el material a la plataforma pero nada mas que decir.",Neutral,0.7083,Otro,0.9961,No detectado,0.0222,0.0095,0.0106
FACULTAD DE INGENIERIA Y ARQUITECTURA,FSZL,IM02,INGENIERÍA CIVIL EN MINAS PLAN 2017,56015,ECONOMIA MINERA,10,"de positivo tiene mucha trayectoria y tiene dominio de la materia, lo negativo que no prepara bien las clases con antelacion, desinteres en la continuidad de la materia perdida del hilo de las clases anteriores, faltó materia por ver, no uso de las plataformas para subir materia, en ocacionas clases repetitivas, misma materia misma ppt en diferente día.",Negativo,0.9635,Otro,0.8120,No detectado,0.0325,0.0085,0.0150
FACULTAD DE INGENIERIA Y ARQUITECTURA,FSZL,GE02,GEOLOGÍA PLAN 2017,56027,EVALUACION Y GESTION DE PROYECTOS,11,"el profesor tiene una muy buena disposición a resolver dudas, respetuoso con los estudiantes.",Positivo,0.9482,Otro,0.9482,No detectado,0.0144,0.0068,0.0077
FACULTAD DE INGENIERIA Y ARQUITECTURA,FSZL,GE02,GEOLOGÍA PLAN 2017,56027,EVALUACION Y GESTION DE PROYECTOS,10,"el profesor tiene una muy buena disposición a resolver dudas, respetuoso con los estudiantes.",Positivo,0.9482,Otro,0.9482,No detectado,0.0144,0.0068,0.0077
FACULTAD DE INGENIERIA Y ARQUITECTURA,FSZL,IM02,INGENIERÍA CIVIL EN MINAS PLAN 2017,56027,EVALUACION Y GESTION DE PROYECTOS,11,excelente profesor.,Positivo,0.9060,Alegría,0.9409,No detectado,0.0124,0.0121,0.0102
FACULTAD DE INGENIERIA Y ARQUITECTURA,FSZL,IM02,INGENIERÍA CIVIL EN MINAS PLAN 2017,56027,EVALUACION Y GESTION DE PROYECTOS,10,excelente profesor y su dominio en los temas son excelentes.,Positivo,0.9745,Alegría,0.8689,No detectado,0.0124,0.0057,0.0085
FACULTAD DE INGENIERIA Y ARQUITECTURA,FSZL,IM02,INGENIERÍA CIVIL EN MINAS PLAN 2017,56017,GESTION DE RIESGOS EN MINERIA,10,necesitas un curso de computación.,Neutral,0.7683,Otro,0.9861,No detectado,0.0352,0.0121,0.0181
FACULTAD DE INGENIERIA Y ARQUITECTURA,FSZL,GE02,GEOLOGÍA PLAN 2017,56027,EVALUACION Y GESTION DE PROYECTOS,11,no tengo.,Negativo,0.4830,Otro,0.8882,No detectado,0.0808,0.0294,0.0498
FACULTAD DE INGENIERIA Y ARQUITECTURA,FSZL,GE02,GEOLOGÍA PLAN 2017,56027,EVALUACION Y GESTION DE PROYECTOS,10,no tengo comentarios.,Negativo,0.5232,Otro,0.7242,No detectado,0.0321,0.0071,0.0184
FACULTAD DE INGENIERIA Y ARQUITECTURA,FSZL,IM02,INGENIERÍA CIVIL EN MINAS PLAN 2017,56017,GESTION DE RIESGOS EN MINERIA,10,"positivo, dominio de la materia y experiencia, lo negativo, constantemente hay que recordarlee lo que vimos las clases pasadas, no preparación de clases sus ppts con buena información pero da la sensación que son preparados hace años, no deja en claro las evaluaciones, materias no pasadas en su totalidad, criterios de evaluación inflexibles, no da avisos generales a los estudiantes de cuando no hará clases o de subida de materia. mucha lectura de ppts, por lo que las pruebas se regian deacuerdo a lo textual de la diapositiva, haciendo pruebas memorionas y no realmente de lo que se entiende o no sobre la materia.",Negativo,0.9236,Otro,0.8731,No detectado,0.0601,0.0037,0.0229
FACULTAD DE INGENIERIA Y ARQUITECTURA,FSZL,IM02,INGENIERÍA CIVIL EN MINAS PLAN 2017,56027,EVALUACION Y GESTION DE PROYECTOS,11,problemas con aula virtual.,Negativo,0.8304,Otro,0.9050,No detectado,0.0559,0.0085,0.0256
FACULTAD DE INGENIERIA Y ARQUITECTURA,FSZL,IM02,INGENIERÍA CIVIL EN MINAS PLAN 2017,56027,EVALUACION Y GESTION DE PROYECTOS,10,problemas con las plataformas como aula virtual.,Negativo,0.8880,Otro,0.6883,No detectado,0.0651,0.0057,0.0240
FACULTAD DE INGENIERIA Y ARQUITECTURA,FSZL,IM02,INGENIERÍA CIVIL EN MINAS PLAN 2017,56017,GESTION DE RIESGOS EN MINERIA,10,"profesor aplica notas sin una pauta. correccion de informes y presentaciones con nota que le tinca.. las pruebas si la respuesta de desarrollo no dice la palabra especifica que el espera. está mala la respuesta, aunque la oracion tenga el mismo sentido.",Negativo,0.9044,Otro,0.8896,No detectado,0.0610,0.0068,0.0249
FACULTAD DE INGENIERIA Y ARQUITECTURA,FSZL,IM02,INGENIERÍA CIVIL EN MINAS PLAN 2017,56027,EVALUACION Y GESTION DE PROYECTOS,11,sin comentarios.,Neutral,0.4468,Otro,0.6370,No detectado,0.0500,0.0090,0.0231
FACULTAD DE INGENIERIA Y ARQUITECTURA,FSZL,IM02,INGENIERÍA CIVIL EN MINAS PLAN 2017,56027,EVALUACION Y GESTION DE PROYECTOS,10,sin comentarios.,Neutral,0.4468,Otro,0.6370,No detectado,0.0500,0.0090,0.0231
FACULTAD DE INGENIERIA Y ARQUITECTURA,FSZL,IM02,INGENIERÍA CIVIL EN MINAS PLAN 2017,56015,ECONOMIA MINERA,10,"solo presenta problemas tecnologicos, como el uso de aula virtual.",Negativo,0.8206,Otro,0.9883,No detectado,0.0420,0.0076,0.0161
FACULTAD DE INGENIERIA Y ARQUITECTURA,FSZL,GE02,GEOLOGÍA PLAN 2017,56027,EVALUACION Y GESTION DE PROYECTOS,10,"un muy buen profesor con harta paciencia, sus pruebas son un gran desafío.",Positivo,0.9709,Otro,0.6033,No detectado,0.0185,0.0070,0.0095
FACULTAD DE INGENIERIA Y ARQUITECTURA,FSZL,GE02,GEOLOGÍA PLAN 2017,56027,EVALUACION Y GESTION DE PROYECTOS,10,un profesor muy viejito para enseñar.,Negativo,0.9350,Otro,0.9909,No detectado,0.0622,0.0189,0.0182
FACULTAD DE INGENIERIA Y ARQUITECTURA,OSM,AR03,ARQUITECTURA PLAN 2015,11064,TALLER V: PROYECTO Y CIUDAD,10,"buen profesor, pero explica mal.",Negativo,0.6667,Otro,0.9614,No detectado,0.0277,0.0190,0.0156
FACULTAD DE INGENIERIA Y ARQUITECTURA,OSM,AR03,ARQUITECTURA PLAN 2015,11064,TALLER V: PROYECTO Y CIUDAD,10,buen profesor.,Positivo,0.8798,Alegría,0.6186,No detectado,0.0201,0.0141,0.0145
FACULTAD DE INGENIERIA Y ARQUITECTURA,OSM,AR03,ARQUITECTURA PLAN 2015,11064,TALLER V: PROYECTO Y CIUDAD,10,buen profesor.,Positivo,0.8798,Alegría,0.6186,No detectado,0.0201,0.0141,0.0145
FACULTAD DE INGENIERIA Y ARQUITECTURA,OSM,AR03,ARQUITECTURA PLAN 2015,11064,TALLER V: PROYECTO Y CIUDAD,10,"buen profesor , con mucha experiencia.",Positivo,0.9136,Otro,0.9533,No detectado,0.0201,0.0143,0.0108
FACULTAD DE INGENIERIA Y ARQUITECTURA,OSM,AR03,ARQUITECTURA PLAN 2015,11064,TALLER V: PROYECTO Y CIUDAD,10,buen profesor que nos apoyá bastante a lo largo del año a pesar de las dificultades que tuvimos que pasar.,Positivo,0.9040,Alegría,0.8694,No detectado,0.0128,0.0065,0.0076
FACULTAD DE INGENIERIA Y ARQUITECTURA,OSM,AR03,ARQUITECTURA PLAN 2015,11064,TALLER V: PROYECTO Y CIUDAD,10,creo que al profesor le falta un poco mas de sistemas digitales como revit autocad etc etc.,Neutral,0.5989,Otro,0.9812,No detectado,0.0182,0.0058,0.0091
FACULTAD DE INGENIERIA Y ARQUITECTURA,OSM,AR03,ARQUITECTURA PLAN 2015,11064,TALLER V: PROYECTO Y CIUDAD,10,el profesor enseña muy bien ya que sabe mucho por los años que lleva de arquitecto.,Positivo,0.9648,Otro,0.9927,No detectado,0.0115,0.0071,0.0061
FACULTAD DE INGENIERIA Y ARQUITECTURA,OSM,AR03,ARQUITECTURA PLAN 2015,11064,TALLER V: PROYECTO Y CIUDAD,10,"el profesor hizo un buen trabajo en taller v, en general sus retroalimentaciones y experiencia nos sirviá mucho para llegar al proyecto.",Positivo,0.9801,Alegría,0.6966,No detectado,0.0108,0.0063,0.0066
FACULTAD DE INGENIERIA Y ARQUITECTURA,OSM,AR03,ARQUITECTURA PLAN 2015,11064,TALLER V: PROYECTO Y CIUDAD,10,excelente profesor.,Positivo,0.9060,Alegría,0.9409,No detectado,0.0124,0.0121,0.0102
FACULTAD DE INGENIERIA Y ARQUITECTURA,OSM,AR03,ARQUITECTURA PLAN 2015,11064,TALLER V: PROYECTO Y CIUDAD,10,gracias por todo!.,Positivo,0.8861,Alegría,0.9907,No detectado,0.0180,0.0154,0.0135
FACULTAD DE INGENIERIA Y ARQUITECTURA,OSM,AR03,ARQUITECTURA PLAN 2015,11064,TALLER V: PROYECTO Y CIUDAD,10,"he aprendido bastante del profesor, refleja muy bien su trayectoria y experiencia.",Positivo,0.9750,Alegría,0.8534,No detectado,0.0090,0.0086,0.0063
FACULTAD DE INGENIERIA Y ARQUITECTURA,OSM,AR03,ARQUITECTURA PLAN 2015,11064,TALLER V: PROYECTO Y CIUDAD,10,"lejos, el mejor taller que he tenido. excelente experiencia.",Positivo,0.9776,Alegría,0.9903,No detectado,0.0094,0.0065,0.0074
FACULTAD DE INGENIERIA Y ARQUITECTURA,OSM,AR03,ARQUITECTURA PLAN 2015,11064,TALLER V: PROYECTO Y CIUDAD,10,me gusta su forma de enseñar.,Positivo,0.9443,Alegría,0.6901,No detectado,0.0202,0.0233,0.0142
FACULTAD DE INGENIERIA Y ARQUITECTURA,OSM,AR03,ARQUITECTURA PLAN 2015,11064,TALLER V: PROYECTO Y CIUDAD,10,muy buen profesor.,Positivo,0.9677,Alegría,0.9051,No detectado,0.0123,0.0104,0.0094
FACULTAD DE INGENIERIA Y ARQUITECTURA,OSM,AR03,ARQUITECTURA PLAN 2015,11064,TALLER V: PROYECTO Y CIUDAD,10,muy buen profesor.,Positivo,0.9677,Alegría,0.9051,No detectado,0.0123,0.0104,0.0094
FACULTAD DE INGENIERIA Y ARQUITECTURA,OSM,AR03,ARQUITECTURA PLAN 2015,11064,TALLER V: PROYECTO Y CIUDAD,10,"muy buenas dinámicas de clases, llenas de aprendizaje. buenos métodos de enseñanza tanto profesor como ayudante.",Positivo,0.9700,Alegría,0.9840,No detectado,0.0154,0.0046,0.0095
FACULTAD DE INGENIERIA Y ARQUITECTURA,OSM,AR03,ARQUITECTURA PLAN 2015,11064,TALLER V: PROYECTO Y CIUDAD,10,muy interesante.,Positivo,0.9241,Alegría,0.6157,No detectado,0.0204,0.0102,0.0162
FACULTAD DE INGENIERIA Y ARQUITECTURA,OSM,AR03,ARQUITECTURA PLAN 2015,11064,TALLER V: PROYECTO Y CIUDAD,10,"perfecto profesor, dando enfasis a la creatividad e ideas de los estudiantes.",Positivo,0.9588,Alegría,0.8171,No detectado,0.0156,0.0076,0.0079
FACULTAD DE INGENIERIA Y ARQUITECTURA,OSM,AR03,ARQUITECTURA PLAN 2015,11064,TALLER V: PROYECTO Y CIUDAD,10,"profesor con mucha energia, conocimientos y ganas de enseñar.",Positivo,0.9529,Alegría,0.8317,No detectado,0.0169,0.0079,0.0091
FACULTAD DE INGENIERIA Y ARQUITECTURA,OECM,CO05,INGENIERÍA EN CONSTRUCCIÓN PLAN 2017,58000,INTRODUCCION A LAS MATEMATICAS,50,"a diferencia de otros profesores el comportamiento de oscar catalán no fue el apropiado, esto debido a su falta de empatía con el resto, actitudes desafiantes e infantiles como enojarse porque otro compañero llega tarde, interrumpe la continuidad de la clase por más de un tiempo prudente, dándole lecciones a cada uno de que deben llegar a la hora con una pésima disposición, además de realizar ejercicios y equivocarse en reiteradas ocasiones, aludiendo a una frase repetitiva sin credibilidad: ""era para ver si estaban atentos"", este dicho lo habrá hablado más de 20 veces durante el semestre dando a entender que no se encuentra capacitado para resolver ejercicios del todo, teniendo que verificar su seguridad a través de las respuestas de sus estudiantes, su manera de enseñar no era la apropiada ya que gran mayorí­a de curso decí­a no entender lo que enseñaba.",Negativo,0.9796,Ira,0.9499,No detectado,0.0154,0.0049,0.0120
FACULTAD DE INGENIERIA Y ARQUITECTURA,OECM,CO05,INGENIERÍA EN CONSTRUCCIÓN PLAN 2017,58000,INTRODUCCION A LAS MATEMATICAS,50,a mí parecer el profesor debería hacer ejercicios acorde a la clase anterior antes de comenzar inmediatamente con algo nuevo para poder aclarar las dudas que quedarón de antes.,Neutral,0.8337,Otro,0.9958,No detectado,0.0170,0.0060,0.0087
FACULTAD DE INGENIERIA Y ARQUITECTURA,OECM,IM02,INGENIERÍA CIVIL EN MINAS PLAN 2017,58000,INTRODUCCION A LAS MATEMATICAS,51,"al ser externo, no se podí­a acercar a él presencial para hacerle preguntas; faltó varias veces sin avisarnos como sección pero tiene buena enseñanza.",Neutral,0.6718,Otro,0.9955,No detectado,0.0252,0.0069,0.0123
FACULTAD DE INGENIERIA Y ARQUITECTURA,OECM,GE02,GEOLOGÍA PLAN 2017,58000,INTRODUCCION A LAS MATEMATICAS,51,aveces no respondia dudas o no explicaba bien las dudas.,Negativo,0.6027,Otro,0.9799,No detectado,0.0436,0.0068,0.0197
FACULTAD DE INGENIERIA Y ARQUITECTURA,OECM,IM02,INGENIERÍA CIVIL EN MINAS PLAN 2017,58000,INTRODUCCION A LAS MATEMATICAS,31,buen docente.,Positivo,0.8689,Alegría,0.8098,No detectado,0.0230,0.0187,0.0216
FACULTAD DE INGENIERIA Y ARQUITECTURA,OECM,GE02,GEOLOGÍA PLAN 2017,3231,CALCULO II,31,buen profesor.,Positivo,0.8798,Alegría,0.6186,No detectado,0.0201,0.0141,0.0145
FACULTAD DE INGENIERIA Y ARQUITECTURA,OECM,IM02,INGENIERÍA CIVIL EN MINAS PLAN 2017,58000,INTRODUCCION A LAS MATEMATICAS,30,buen profesor.,Positivo,0.8798,Alegría,0.6186,No detectado,0.0201,0.0141,0.0145
FACULTAD DE INGENIERIA Y ARQUITECTURA,OECM,IM02,INGENIERÍA CIVIL EN MINAS PLAN 2017,58000,INTRODUCCION A LAS MATEMATICAS,51,buen profesor.,Positivo,0.8798,Alegría,0.6186,No detectado,0.0201,0.0141,0.0145
FACULTAD DE INGENIERIA Y ARQUITECTURA,OECM,GE02,GEOLOGÍA PLAN 2017,58000,INTRODUCCION A LAS MATEMATICAS,51,buen profesor en general.,Positivo,0.7928,Otro,0.8735,No detectado,0.0126,0.0082,0.0096
FACULTAD DE INGENIERIA Y ARQUITECTURA,OECM,OB07,INGENIERÍA CIVIL EN OBRAS CIVILES PLAN 2017,3231,CALCULO II,31,buen profesor.,Positivo,0.8798,Alegría,0.6186,No detectado,0.0201,0.0141,0.0145
FACULTAD DE INGENIERIA Y ARQUITECTURA,OECM,CI02,INGENIERÍA CIVIL INDUSTRIAL (PLAN 2015),58000,INTRODUCCION A LAS MATEMATICAS,51,buen profesor.,Positivo,0.8798,Alegría,0.6186,No detectado,0.0201,0.0141,0.0145
FACULTAD DE INGENIERIA Y ARQUITECTURA,OECM,OB07,INGENIERÍA CIVIL EN OBRAS CIVILES PLAN 2017,58000,INTRODUCCION A LAS MATEMATICAS,50,buen profesor.,Positivo,0.8798,Alegría,0.6186,No detectado,0.0201,0.0141,0.0145
FACULTAD DE INGENIERIA Y ARQUITECTURA,OECM,IM02,INGENIERÍA CIVIL EN MINAS PLAN 2017,58000,INTRODUCCION A LAS MATEMATICAS,31,buen profesor.,Positivo,0.8798,Alegría,0.6186,No detectado,0.0201,0.0141,0.0145
FACULTAD DE INGENIERIA Y ARQUITECTURA,OECM,IM02,INGENIERÍA CIVIL EN MINAS PLAN 2017,58000,INTRODUCCION A LAS MATEMATICAS,30,buen profesor.,Positivo,0.8798,Alegría,0.6186,No detectado,0.0201,0.0141,0.0145
FACULTAD DE INGENIERIA Y ARQUITECTURA,OECM,IM02,INGENIERÍA CIVIL EN MINAS PLAN 2017,58000,INTRODUCCION A LAS MATEMATICAS,51,buen profesor.,Positivo,0.8798,Alegría,0.6186,No detectado,0.0201,0.0141,0.0145
FACULTAD DE INGENIERIA Y ARQUITECTURA,OECM,GE02,GEOLOGÍA PLAN 2017,58000,INTRODUCCION A LAS MATEMATICAS,51,buen profesor.,Positivo,0.8798,Alegría,0.6186,No detectado,0.0201,0.0141,0.0145
FACULTAD DE INGENIERIA Y ARQUITECTURA,OECM,GE02,GEOLOGÍA PLAN 2017,58000,INTRODUCCION A LAS MATEMATICAS,51,buen profesor con muy buenas ideas.,Positivo,0.9713,Otro,0.5901,No detectado,0.0211,0.0075,0.0115
FACULTAD DE INGENIERIA Y ARQUITECTURA,OECM,GE02,GEOLOGÍA PLAN 2017,58000,INTRODUCCION A LAS MATEMATICAS,51,"buen profesor dentro de lo que cabe, queda clara la materia.",Positivo,0.8819,Otro,0.9814,No detectado,0.0200,0.0077,0.0087
FACULTAD DE INGENIERIA Y ARQUITECTURA,OECM,GE02,GEOLOGÍA PLAN 2017,58000,INTRODUCCION A LAS MATEMATICAS,51,buen profesor lo unico que no se acompañaba con el de ejercicio.,Neutral,0.5924,Otro,0.9756,No detectado,0.0468,0.0223,0.0213
FACULTAD DE INGENIERIA Y ARQUITECTURA,OECM,IC05,INGENIERÍA CIVIL EN COMPUTACIÓN E INFORMÁTICA PLAN 2017,58000,INTRODUCCION A LAS MATEMATICAS,51,"buen profesor, exigente, responsable siempre llegando a la hora a clases.",Positivo,0.8148,Otro,0.8333,No detectado,0.0345,0.0149,0.0170
FACULTAD DE INGENIERIA Y ARQUITECTURA,OECM,GE02,GEOLOGÍA PLAN 2017,58000,INTRODUCCION A LAS MATEMATICAS,51,"buen profesor, nada que decir.",Positivo,0.8755,Otro,0.9103,No detectado,0.0161,0.0113,0.0096
FACULTAD DE INGENIERIA Y ARQUITECTURA,OECM,GE02,GEOLOGÍA PLAN 2017,58000,INTRODUCCION A LAS MATEMATICAS,51,"buen profesor, solo en algunas situaciones le falta paciencia.",Neutral,0.5208,Otro,0.9881,No detectado,0.0234,0.0102,0.0105
FACULTAD DE INGENIERIA Y ARQUITECTURA,OECM,IM02,INGENIERÍA CIVIL EN MINAS PLAN 2017,58000,INTRODUCCION A LAS MATEMATICAS,30,"buen profesor, solo que demora un poco a la hora de entregar calificaciones de las evaluaciones y realiza muy pocos controles.",Negativo,0.6156,Otro,0.9930,No detectado,0.0183,0.0073,0.0107
FACULTAD DE INGENIERIA Y ARQUITECTURA,OECM,OB07,INGENIERÍA CIVIL EN OBRAS CIVILES PLAN 2017,58000,INTRODUCCION A LAS MATEMATICAS,50,buena.,Positivo,0.4375,Alegría,0.8671,No detectado,0.0866,0.0550,0.0752
FACULTAD DE INGENIERIA Y ARQUITECTURA,OECM,GE02,GEOLOGÍA PLAN 2017,58000,INTRODUCCION A LAS MATEMATICAS,51,"buena disposición para enseñar, pero debería llevar la clase con un poquito menos de rapidez al explicar.",Neutral,0.5048,Otro,0.9904,No detectado,0.0275,0.0121,0.0125
FACULTAD DE INGENIERIA Y ARQUITECTURA,OECM,OB07,INGENIERÍA CIVIL EN OBRAS CIVILES PLAN 2017,58000,INTRODUCCION A LAS MATEMATICAS,50,buena metodologia de divulgacion pero muy mala actitud con el alumnado.,Negativo,0.8590,Ira,0.8301,No detectado,0.0341,0.0105,0.0148
FACULTAD DE INGENIERIA Y ARQUITECTURA,OECM,OB07,INGENIERÍA CIVIL EN OBRAS CIVILES PLAN 2017,58000,INTRODUCCION A LAS MATEMATICAS,50,buenas enseñanzas.,Positivo,0.8789,Alegría,0.7393,No detectado,0.0384,0.0081,0.0238
FACULTAD DE INGENIERIA Y ARQUITECTURA,OECM,OB07,INGENIERÍA CIVIL EN OBRAS CIVILES PLAN 2017,58000,INTRODUCCION A LAS MATEMATICAS,50,bueno.,Neutral,0.4849,Otro,0.8337,No detectado,0.0527,0.0147,0.0360
FACULTAD DE INGENIERIA Y ARQUITECTURA,OECM,GE02,GEOLOGÍA PLAN 2017,58000,INTRODUCCION A LAS MATEMATICAS,51,como solo tene ejercicios con él puedo decir que su aprenderia a resolver ejercicios durante el semestre.,Positivo,0.7104,Otro,0.9811,No detectado,0.0156,0.0074,0.0089
FACULTAD DE INGENIERIA Y ARQUITECTURA,OECM,CO05,INGENIERÍA EN CONSTRUCCIÓN PLAN 2017,58000,INTRODUCCION A LAS MATEMATICAS,50,"cambiaria el método de explicación del profesor 
incluiría mas guías y trabajos para reforzar.",Neutral,0.8382,Otro,0.9964,No detectado,0.0266,0.0079,0.0111
FACULTAD DE INGENIERIA Y ARQUITECTURA,OECM,CO05,INGENIERÍA EN CONSTRUCCIÓN PLAN 2017,58000,INTRODUCCION A LAS MATEMATICAS,50,"completo dominio de la materia, buen acto del habla, excelente relator, exigente.",Positivo,0.9531,Otro,0.6071,No detectado,0.0128,0.0078,0.0083
FACULTAD DE INGENIERIA Y ARQUITECTURA,OECM,IC05,INGENIERÍA CIVIL EN COMPUTACIÓN E INFORMÁTICA PLAN 2017,58000,INTRODUCCION A LAS MATEMATICAS,30,"considero que el profesor tiene muy buen conocimiento acerca de la materia que implica, pero no siento que lo suyo sea la docencia, me gustaría que se tomen en cuenta los puntos que no cumple y lo que siento yo que le faltan, agradezco su intento de enseñanza pero no siento que lo haga bien o lo haga con intenciones de enseñar.",Negativo,0.6062,Otro,0.9743,No detectado,0.0128,0.0060,0.0081
FACULTAD DE INGENIERIA Y ARQUITECTURA,OECM,IM02,INGENIERÍA CIVIL EN MINAS PLAN 2017,58000,INTRODUCCION A LAS MATEMATICAS,31,"critica a muchos solo con la mirada, no relaciona nada con la carrera, si un estudiante no entendio el ejercicio se enoja y lo unico que dice es ""y como no vas a saber"" y hace el ejercicio otra vez de mala gana, y amenaza diciendo ""ya iran para calculo"", solo critica y enseña de mala manera, la otra vez miro super mal a un compañero e hizo una mirada de disgusto solo porque el no lo escucho decir ""presente"" y si lo dijo, estaba justo al lado mio.",Negativo,0.9652,Ira,0.8991,No detectado,0.1013,0.0131,0.0437
FACULTAD DE INGENIERIA Y ARQUITECTURA,OECM,IM02,INGENIERÍA CIVIL EN MINAS PLAN 2017,58000,INTRODUCCION A LAS MATEMATICAS,30,cuando uno no sabe muy bien la materia y pregunta se lo toma mal y no da un buen trato al estudiante.,Negativo,0.9746,Ira,0.4812,No detectado,0.0201,0.0060,0.0107
FACULTAD DE INGENIERIA Y ARQUITECTURA,OECM,IM02,INGENIERÍA CIVIL EN MINAS PLAN 2017,58000,INTRODUCCION A LAS MATEMATICAS,31,de vez en cuando es muy pesado para responder cuando el estudiante le pregunta algo que no entiende.,Negativo,0.9050,Otro,0.9960,No detectado,0.0145,0.0063,0.0080
FACULTAD DE INGENIERIA Y ARQUITECTURA,OECM,CO05,INGENIERÍA EN CONSTRUCCIÓN PLAN 2017,58000,INTRODUCCION A LAS MATEMATICAS,50,debe mejorar su actitud porque siento yo que su actitud es de estar obligado a ir a clases y no por querer educar.,Negativo,0.8966,Otro,0.9372,No detectado,0.0321,0.0124,0.0146
FACULTAD DE INGENIERIA Y ARQUITECTURA,OECM,CO05,INGENIERÍA EN CONSTRUCCIÓN PLAN 2017,58000,INTRODUCCION A LAS MATEMATICAS,50,debería esperar que los estudiantes terminen los ejercicios antes de resolverlos en la pizarra.,Neutral,0.8207,Otro,0.9949,No detectado,0.0947,0.0044,0.0247
FACULTAD DE INGENIERIA Y ARQUITECTURA,OECM,OB07,INGENIERÍA CIVIL EN OBRAS CIVILES PLAN 2017,58000,INTRODUCCION A LAS MATEMATICAS,50,debería mejorar la forma en la que explica.,Neutral,0.6458,Otro,0.9926,No detectado,0.0293,0.0189,0.0142
FACULTAD DE INGENIERIA Y ARQUITECTURA,OECM,IM02,INGENIERÍA CIVIL EN MINAS PLAN 2017,58000,INTRODUCCION A LAS MATEMATICAS,30,demuestra un buen desempeño como profesor.,Positivo,0.9362,Otro,0.9577,No detectado,0.0127,0.0123,0.0075
FACULTAD DE INGENIERIA Y ARQUITECTURA,OECM,IM02,INGENIERÍA CIVIL EN MINAS PLAN 2017,58000,INTRODUCCION A LAS MATEMATICAS,31,depende de la manera en la que el estudiabte entienda es recomendado el profesor.,Neutral,0.7549,Otro,0.9968,No detectado,0.0215,0.0077,0.0101
FACULTAD DE INGENIERIA Y ARQUITECTURA,OECM,IM02,INGENIERÍA CIVIL EN MINAS PLAN 2017,58000,INTRODUCCION A LAS MATEMATICAS,31,el profesor a pesar de tener un carácter estricto mantiene una buena comunicación y enseña con una buena metodología.,Positivo,0.9022,Otro,0.9874,No detectado,0.0141,0.0077,0.0087
FACULTAD DE INGENIERIA Y ARQUITECTURA,OECM,OB07,INGENIERÍA CIVIL EN OBRAS CIVILES PLAN 2017,58000,INTRODUCCION A LAS MATEMATICAS,50,el profesor aveces explica rapido y nos enreda en el aprendisaje.,Negativo,0.8338,Otro,0.9819,No detectado,0.0814,0.0146,0.0302
FACULTAD DE INGENIERIA Y ARQUITECTURA,OECM,OB07,INGENIERÍA CIVIL EN OBRAS CIVILES PLAN 2017,58000,INTRODUCCION A LAS MATEMATICAS,50,"el profesor es cumplido, respetuoso,conocedor y manejador de los temas enseñados. con esto produciendo respeto y aprendizaje de los temas.",Positivo,0.8981,Otro,0.9404,No detectado,0.0137,0.0067,0.0077
FACULTAD DE INGENIERIA Y ARQUITECTURA,OECM,GE02,GEOLOGÍA PLAN 2017,58000,INTRODUCCION A LAS MATEMATICAS,51,"el profesor explica más de 1 vez si algún estudiante no entiende, siempre se asegura que todos puedan entender y hace ejercicios variados para aprender con distintos ejercicios.",Neutral,0.6092,Otro,0.9961,No detectado,0.0149,0.0054,0.0080
FACULTAD DE INGENIERIA Y ARQUITECTURA,OECM,OB07,INGENIERÍA CIVIL EN OBRAS CIVILES PLAN 2017,58000,INTRODUCCION A LAS MATEMATICAS,50,"empatico , siempre responsable con respectos a nosotros los estudiantes con cautelacion al aprendizaje y autonomía en aprender.",Positivo,0.6559,Otro,0.7683,No detectado,0.0264,0.0061,0.0110
FACULTAD DE INGENIERIA Y ARQUITECTURA,OECM,IM02,INGENIERÍA CIVIL EN MINAS PLAN 2017,58000,INTRODUCCION A LAS MATEMATICAS,30,enseña bien.,Positivo,0.6398,Otro,0.5826,No detectado,0.0443,0.0204,0.0361
FACULTAD DE INGENIERIA Y ARQUITECTURA,OECM,GE02,GEOLOGÍA PLAN 2017,58000,INTRODUCCION A LAS MATEMATICAS,51,"enseña bien, solo que a veces se le acababa la paciencia cuando no se entendía.",Negativo,0.5093,Otro,0.9702,No detectado,0.0211,0.0099,0.0118
FACULTAD DE INGENIERIA Y ARQUITECTURA,OECM,IM02,INGENIERÍA CIVIL EN MINAS PLAN 2017,58000,INTRODUCCION A LAS MATEMATICAS,31,"es buen profesor , y por lo menos por mi parte le entiendo arto de lo explica en clases.",Positivo,0.9059,Otro,0.9856,No detectado,0.0121,0.0098,0.0074
FACULTAD DE INGENIERIA Y ARQUITECTURA,OECM,IC05,INGENIERÍA CIVIL EN COMPUTACIÓN E INFORMÁTICA PLAN 2017,58000,INTRODUCCION A LAS MATEMATICAS,30,"es buen profesor, solo no supe aprovechar las herramientas que me otorgó para poder pasar.",Neutral,0.5160,Otro,0.9837,No detectado,0.0149,0.0099,0.0088
FACULTAD DE INGENIERIA Y ARQUITECTURA,OECM,IM02,INGENIERÍA CIVIL EN MINAS PLAN 2017,58000,INTRODUCCION A LAS MATEMATICAS,30,es bueno enseñando y motiva a que los estudiantes estudien por su cuenta. el problema fue la falta de controles y la incertidumbre por saber las notas de estos.,Negativo,0.6912,Otro,0.9388,No detectado,0.0405,0.0034,0.0164
FACULTAD DE INGENIERIA Y ARQUITECTURA,OECM,IM02,INGENIERÍA CIVIL EN MINAS PLAN 2017,58000,INTRODUCCION A LAS MATEMATICAS,30,es muy buen profesor pero siento que explica demaciado rapido. si explicara paso a paso seria mucho mas comprensivo lo que trata de enseñar.,Positivo,0.8463,Otro,0.9643,No detectado,0.0230,0.0100,0.0113
FACULTAD DE INGENIERIA Y ARQUITECTURA,OECM,IC05,INGENIERÍA CIVIL EN COMPUTACIÓN E INFORMÁTICA PLAN 2017,58000,INTRODUCCION A LAS MATEMATICAS,30,es muy bueno explicando su materia.,Positivo,0.9518,Otro,0.9709,No detectado,0.0120,0.0080,0.0067
FACULTAD DE INGENIERIA Y ARQUITECTURA,OECM,CI02,INGENIERÍA CIVIL INDUSTRIAL (PLAN 2015),58000,INTRODUCCION A LAS MATEMATICAS,51,es un buen profesor con mucho conocimiento y ayuda a entender.,Positivo,0.9645,Otro,0.8810,No detectado,0.0122,0.0088,0.0081
FACULTAD DE INGENIERIA Y ARQUITECTURA,OECM,IM02,INGENIERÍA CIVIL EN MINAS PLAN 2017,58000,INTRODUCCION A LAS MATEMATICAS,30,es un buen profesor.,Positivo,0.9536,Otro,0.9379,No detectado,0.0156,0.0106,0.0089
FACULTAD DE INGENIERIA Y ARQUITECTURA,OECM,IC05,INGENIERÍA CIVIL EN COMPUTACIÓN E INFORMÁTICA PLAN 2017,58000,INTRODUCCION A LAS MATEMATICAS,31,"es un profesor que explica bien la materia lo recomiendo mucho,y da facilidad de entender algo que no sabes.",Positivo,0.9753,Otro,0.8777,No detectado,0.0094,0.0062,0.0063
FACULTAD DE INGENIERIA Y ARQUITECTURA,OECM,IM02,INGENIERÍA CIVIL EN MINAS PLAN 2017,58000,INTRODUCCION A LAS MATEMATICAS,31,estricto muy profesional.,Neutral,0.6414,Otro,0.9556,No detectado,0.0399,0.0263,0.0181
FACULTAD DE INGENIERIA Y ARQUITECTURA,OECM,OB07,INGENIERÍA CIVIL EN OBRAS CIVILES PLAN 2017,58000,INTRODUCCION A LAS MATEMATICAS,50,estuvo bien.,Positivo,0.8318,Otro,0.7163,No detectado,0.0630,0.0275,0.0503
FACULTAD DE INGENIERIA Y ARQUITECTURA,OECM,IM02,INGENIERÍA CIVIL EN MINAS PLAN 2017,58000,INTRODUCCION A LAS MATEMATICAS,30,"excelente profesor, su forma de enseñar es muy entretenida para uno como estudiante, tiene paciencia.",Positivo,0.9829,Alegría,0.8101,No detectado,0.0134,0.0085,0.0076
FACULTAD DE INGENIERIA Y ARQUITECTURA,OECM,OB07,INGENIERÍA CIVIL EN OBRAS CIVILES PLAN 2017,3231,CALCULO II,31,"explica bien, resuelve todo tipo de dudas que surgen en clases.",Neutral,0.6246,Otro,0.9948,No detectado,0.0196,0.0052,0.0079
FACULTAD DE INGENIERIA Y ARQUITECTURA,OECM,IC05,INGENIERÍA CIVIL EN COMPUTACIÓN E INFORMÁTICA PLAN 2017,58000,INTRODUCCION A LAS MATEMATICAS,30,"explica muy bien las materias aunque a veces se salta pasos debido a su experiencia en la materia, lo que confunde a los alumnos que aun no poseen un nivel avanzado de desarrollo matematico. por lo demas un excelente profesor, muy estricto, pero que exige respeto para respetar. algo muy justo a mi parecer.",Positivo,0.7579,Otro,0.9400,No detectado,0.0168,0.0062,0.0092
FACULTAD DE INGENIERIA Y ARQUITECTURA,OECM,IM02,INGENIERÍA CIVIL EN MINAS PLAN 2017,58000,INTRODUCCION A LAS MATEMATICAS,50,explica super bien.,Positivo,0.9548,Otro,0.7824,No detectado,0.0238,0.0144,0.0137
FACULTAD DE INGENIERIA Y ARQUITECTURA,OECM,IM02,INGENIERÍA CIVIL EN MINAS PLAN 2017,58000,INTRODUCCION A LAS MATEMATICAS,51,explica super bien.,Positivo,0.9548,Otro,0.7824,No detectado,0.0238,0.0144,0.0137
FACULTAD DE INGENIERIA Y ARQUITECTURA,OECM,IM02,INGENIERÍA CIVIL EN MINAS PLAN 2017,3231,CALCULO II,31,gran profesor.,Positivo,0.8978,Alegría,0.5446,No detectado,0.0136,0.0122,0.0107
FACULTAD DE INGENIERIA Y ARQUITECTURA,OECM,GE02,GEOLOGÍA PLAN 2017,58000,INTRODUCCION A LAS MATEMATICAS,51,habia mala comunicacionn entre profesor de practica y teoria.,Negativo,0.8889,Otro,0.9431,No detectado,0.0310,0.0084,0.0157
FACULTAD DE INGENIERIA Y ARQUITECTURA,OECM,OB07,INGENIERÍA CIVIL EN OBRAS CIVILES PLAN 2017,58000,INTRODUCCION A LAS MATEMATICAS,50,la verdad es muy buen profesor aprende mucho de el.,Positivo,0.9736,Otro,0.5815,No detectado,0.0106,0.0087,0.0071
FACULTAD DE INGENIERIA Y ARQUITECTURA,OECM,IM02,INGENIERÍA CIVIL EN MINAS PLAN 2017,58000,INTRODUCCION A LAS MATEMATICAS,30,la verdad no entiendí mucho con este profesor por su carácter al momento de enseñar las clases.,Negativo,0.9307,Otro,0.9834,No detectado,0.0164,0.0098,0.0095
FACULTAD DE INGENIERIA Y ARQUITECTURA,OECM,IM02,INGENIERÍA CIVIL EN MINAS PLAN 2017,58000,INTRODUCCION A LAS MATEMATICAS,50,le falta realizar más ejercicios referente a las pruebas y que no se enoje o responda mal cuando un alumno tiene alguna duda.,Neutral,0.6946,Otro,0.9918,No detectado,0.0212,0.0065,0.0100
FACULTAD DE INGENIERIA Y ARQUITECTURA,OECM,IM02,INGENIERÍA CIVIL EN MINAS PLAN 2017,58000,INTRODUCCION A LAS MATEMATICAS,31,le puse un 50 por qué es un excelente profesor solo es muy hiriente o pesado cuando te reta una vez conteste un audio por qué tengo un menor a mi cargo y me dijo que no tendría futuro que por qué contestaba la empresa en clases etc.,Negativo,0.9020,Otro,0.9747,No detectado,0.0149,0.0116,0.0113
FACULTAD DE INGENIERIA Y ARQUITECTURA,OECM,CO05,INGENIERÍA EN CONSTRUCCIÓN PLAN 2017,58000,INTRODUCCION A LAS MATEMATICAS,50,mas material de apoyo.,Neutral,0.7161,Otro,0.8674,No detectado,0.0385,0.0105,0.0179
FACULTAD DE INGENIERIA Y ARQUITECTURA,OECM,GE02,GEOLOGÍA PLAN 2017,58000,INTRODUCCION A LAS MATEMATICAS,51,me gusta su forma de explicar.,Positivo,0.9208,Otro,0.6764,No detectado,0.0304,0.0266,0.0171
FACULTAD DE INGENIERIA Y ARQUITECTURA,OECM,IC05,INGENIERÍA CIVIL EN COMPUTACIÓN E INFORMÁTICA PLAN 2017,58000,INTRODUCCION A LAS MATEMATICAS,30,"motiva bien a que estudiemos por nuestra cuenta pero en clases deberia poner titulo del tema del cual va a hablar en la clase y explicar paso a paso como resuelve los ejercicios que el mismo profesor plantea (en varias ocasiones, salta pasos al explicar por que ""nosotros deberiamos saber esa materia"").",Neutral,0.8281,Otro,0.9916,No detectado,0.0473,0.0065,0.0162
FACULTAD DE INGENIERIA Y ARQUITECTURA,OECM,IM02,INGENIERÍA CIVIL EN MINAS PLAN 2017,58000,INTRODUCCION A LAS MATEMATICAS,30,mucho no logre entender porque el profesor no empezaba con lo basico para poder resolver un ejercicio y yo que vengo de un liceo tecnico donde enseñaban poca matematica no lograba entender nada haciendo que no aprendiera lo que destaco es que es amable puntual y enseña buenos valores.,Neutral,0.4691,Otro,0.9406,No detectado,0.0294,0.0094,0.0155
FACULTAD DE INGENIERIA Y ARQUITECTURA,OECM,IM02,INGENIERÍA CIVIL EN MINAS PLAN 2017,58000,INTRODUCCION A LAS MATEMATICAS,30,"muy brusco para decir las cosas, no se si era sala de clases o guerra de trolla.",Negativo,0.7867,Otro,0.9558,No detectado,0.0359,0.0088,0.0147
FACULTAD DE INGENIERIA Y ARQUITECTURA,OECM,IM02,INGENIERÍA CIVIL EN MINAS PLAN 2017,58000,INTRODUCCION A LAS MATEMATICAS,30,muy buen profesor. mi unico pero es que los ejercicios que hacia en pizarra no los resolvias. aparte de eso 10/10.,Positivo,0.8268,Otro,0.9234,No detectado,0.0240,0.0121,0.0178
FACULTAD DE INGENIERIA Y ARQUITECTURA,OECM,GE02,GEOLOGÍA PLAN 2017,58000,INTRODUCCION A LAS MATEMATICAS,51,muy buen profesorsional.,Positivo,0.9653,Alegría,0.9170,No detectado,0.0142,0.0124,0.0138
FACULTAD DE INGENIERIA Y ARQUITECTURA,OECM,IM02,INGENIERÍA CIVIL EN MINAS PLAN 2017,58000,INTRODUCCION A LAS MATEMATICAS,30,muy buen profesor.,Positivo,0.9677,Alegría,0.9051,No detectado,0.0123,0.0104,0.0094
FACULTAD DE INGENIERIA Y ARQUITECTURA,OECM,IM02,INGENIERÍA CIVIL EN MINAS PLAN 2017,58000,INTRODUCCION A LAS MATEMATICAS,31,muy buen profesor.,Positivo,0.9677,Alegría,0.9051,No detectado,0.0123,0.0104,0.0094
FACULTAD DE INGENIERIA Y ARQUITECTURA,OECM,IC05,INGENIERÍA CIVIL EN COMPUTACIÓN E INFORMÁTICA PLAN 2017,58000,INTRODUCCION A LAS MATEMATICAS,30,muy buen profesor.,Positivo,0.9677,Alegría,0.9051,No detectado,0.0123,0.0104,0.0094
FACULTAD DE INGENIERIA Y ARQUITECTURA,OECM,CI02,INGENIERÍA CIVIL INDUSTRIAL (PLAN 2015),3231,CALCULO II,31,muy buen profesor explica de manera muy bien y clara.,Positivo,0.9805,Alegría,0.7109,No detectado,0.0121,0.0083,0.0080
FACULTAD DE INGENIERIA Y ARQUITECTURA,OECM,OB07,INGENIERÍA CIVIL EN OBRAS CIVILES PLAN 2017,58000,INTRODUCCION A LAS MATEMATICAS,50,"muy buen profesor, explica super bien y tiene mucho conocimiento sobre la materia, mas haya de eso siento que le falta algo de empatia respecto a las preguntas de alumno hacia profesor, tal vez ser un poco mas comprensivo.",Positivo,0.8563,Ira,0.7886,No detectado,0.0145,0.0074,0.0089
FACULTAD DE INGENIERIA Y ARQUITECTURA,OECM,IC05,INGENIERÍA CIVIL EN COMPUTACIÓN E INFORMÁTICA PLAN 2017,3231,CALCULO II,31,"muy buena disposición con respecto al envio de material, buena resolución de dudas y explica muy bien.",Positivo,0.9640,Alegría,0.5908,No detectado,0.0132,0.0064,0.0088
FACULTAD DE INGENIERIA Y ARQUITECTURA,OECM,GE02,GEOLOGÍA PLAN 2017,58000,INTRODUCCION A LAS MATEMATICAS,51,nada más que agregar.,Neutral,0.4525,Otro,0.6539,No detectado,0.0208,0.0142,0.0131
FACULTAD DE INGENIERIA Y ARQUITECTURA,OECM,IC05,INGENIERÍA CIVIL EN COMPUTACIÓN E INFORMÁTICA PLAN 2017,58000,INTRODUCCION A LAS MATEMATICAS,30,nada mas.,Neutral,0.5957,Otro,0.5359,No detectado,0.0598,0.0266,0.0364
FACULTAD DE INGENIERIA Y ARQUITECTURA,OECM,IM02,INGENIERÍA CIVIL EN MINAS PLAN 2017,58000,INTRODUCCION A LAS MATEMATICAS,51,nada que agregar.,Neutral,0.4990,Otro,0.6519,No detectado,0.0217,0.0132,0.0143
FACULTAD DE INGENIERIA Y ARQUITECTURA,OECM,IM02,INGENIERÍA CIVIL EN MINAS PLAN 2017,58000,INTRODUCCION A LAS MATEMATICAS,31,"nada que decir , todo correcto.",Neutral,0.5177,Otro,0.9820,No detectado,0.0390,0.0131,0.0156
FACULTAD DE INGENIERIA Y ARQUITECTURA,OECM,OB07,INGENIERÍA CIVIL EN OBRAS CIVILES PLAN 2017,58000,INTRODUCCION A LAS MATEMATICAS,50,ningun comentario.,Neutral,0.5792,Otro,0.9577,No detectado,0.0704,0.0233,0.0396
FACULTAD DE INGENIERIA Y ARQUITECTURA,OECM,CO05,INGENIERÍA EN CONSTRUCCIÓN PLAN 2017,58000,INTRODUCCION A LAS MATEMATICAS,50,ninguno.,Neutral,0.5276,Otro,0.8177,No detectado,0.0802,0.0215,0.0500
FACULTAD DE INGENIERIA Y ARQUITECTURA,OECM,IM02,INGENIERÍA CIVIL EN MINAS PLAN 2017,58000,INTRODUCCION A LAS MATEMATICAS,31,ninguno.,Neutral,0.5276,Otro,0.8177,No detectado,0.0802,0.0215,0.0500
FACULTAD DE INGENIERIA Y ARQUITECTURA,OECM,IC05,INGENIERÍA CIVIL EN COMPUTACIÓN E INFORMÁTICA PLAN 2017,58000,INTRODUCCION A LAS MATEMATICAS,30,no.,Neutral,0.4675,Otro,0.5628,No detectado,0.0628,0.0154,0.0316
FACULTAD DE INGENIERIA Y ARQUITECTURA,OECM,IM02,INGENIERÍA CIVIL EN MINAS PLAN 2017,58000,INTRODUCCION A LAS MATEMATICAS,31,no aprendí mucho con el profesor debido a su carácter indiferente.,Negativo,0.9417,Otro,0.9188,No detectado,0.0302,0.0143,0.0170
FACULTAD DE INGENIERIA Y ARQUITECTURA,OECM,IM02,INGENIERÍA CIVIL EN MINAS PLAN 2017,58000,INTRODUCCION A LAS MATEMATICAS,31,no hay comentarios.,Neutral,0.4579,Otro,0.8731,No detectado,0.0414,0.0064,0.0218
FACULTAD DE INGENIERIA Y ARQUITECTURA,OECM,IC05,INGENIERÍA CIVIL EN COMPUTACIÓN E INFORMÁTICA PLAN 2017,58000,INTRODUCCION A LAS MATEMATICAS,30,no lo conoci tanto.,Neutral,0.4857,Otro,0.8048,No detectado,0.0310,0.0163,0.0180
FACULTAD DE INGENIERIA Y ARQUITECTURA,OECM,IC05,INGENIERÍA CIVIL EN COMPUTACIÓN E INFORMÁTICA PLAN 2017,58000,INTRODUCCION A LAS MATEMATICAS,31,no me gusta la manera en la que explica.,Negativo,0.9453,Otro,0.9569,No detectado,0.0300,0.0218,0.0174
FACULTAD DE INGENIERIA Y ARQUITECTURA,OECM,OB07,INGENIERÍA CIVIL EN OBRAS CIVILES PLAN 2017,58000,INTRODUCCION A LAS MATEMATICAS,50,no pude entender con el profesor aún así poniendo atención y asistiendo a clases.,Negativo,0.7764,Otro,0.7611,No detectado,0.0258,0.0110,0.0142
FACULTAD DE INGENIERIA Y ARQUITECTURA,OECM,GE02,GEOLOGÍA PLAN 2017,58000,INTRODUCCION A LAS MATEMATICAS,51,no puedo añadir mas comentarios ya que teníamos muy pocas clases a la semana con este profesor.,Negativo,0.9207,Otro,0.9950,No detectado,0.0173,0.0056,0.0091
FACULTAD DE INGENIERIA Y ARQUITECTURA,OECM,OB07,INGENIERÍA CIVIL EN OBRAS CIVILES PLAN 2017,58000,INTRODUCCION A LAS MATEMATICAS,50,nos trataba de tontos en clase por no saber su materia.,Negativo,0.9254,Ira,0.5105,No detectado,0.0331,0.0081,0.0177
FACULTAD DE INGENIERIA Y ARQUITECTURA,OECM,IC05,INGENIERÍA CIVIL EN COMPUTACIÓN E INFORMÁTICA PLAN 2017,58000,INTRODUCCION A LAS MATEMATICAS,30,pésimo profesor.,Negativo,0.8908,Ira,0.7079,No detectado,0.0240,0.0188,0.0193
FACULTAD DE INGENIERIA Y ARQUITECTURA,OECM,CO05,INGENIERÍA EN CONSTRUCCIÓN PLAN 2017,58000,INTRODUCCION A LAS MATEMATICAS,50,"para ser honesto el profesor es algo estricto, su metodología y su manera de contestar a las inquietudes o dudas del alumno no son las mejores a lo que a mi concierne.",Negativo,0.5925,Otro,0.9719,No detectado,0.0193,0.0060,0.0108
FACULTAD DE INGENIERIA Y ARQUITECTURA,OECM,GE02,GEOLOGÍA PLAN 2017,58000,INTRODUCCION A LAS MATEMATICAS,51,"poca comunicación con los alumnos, suele resolver un ejercicio callado y pretender qué todos sepan, no se pueden hacer muchas preguntas porque se enoja rápido y suele humillar con facilidad.",Negativo,0.9411,Ira,0.6522,No detectado,0.0128,0.0067,0.0096
FACULTAD DE INGENIERIA Y ARQUITECTURA,OECM,GE02,GEOLOGÍA PLAN 2017,58000,INTRODUCCION A LAS MATEMATICAS,51,podria cambiar su metodología para hacer la clase mas entendible.,Neutral,0.7854,Otro,0.9952,No detectado,0.0863,0.0269,0.0299
FACULTAD DE INGENIERIA Y ARQUITECTURA,OECM,IC05,INGENIERÍA CIVIL EN COMPUTACIÓN E INFORMÁTICA PLAN 2017,58000,INTRODUCCION A LAS MATEMATICAS,30,"preferiria si en los talleres añada como ejercicios los contenidos que no se califica en el examen como por ejemplo los logaritmos, estudie muchas noches eso y en ningun taller o examen habia problemas de logaritmos. al igual que se añada en talleres o examen problemas que no tienen solucion (al menos en los numeros reales).",Negativo,0.7288,Otro,0.9056,No detectado,0.0797,0.0045,0.0280
FACULTAD DE INGENIERIA Y ARQUITECTURA,OECM,GE02,GEOLOGÍA PLAN 2017,58000,INTRODUCCION A LAS MATEMATICAS,51,pregunta sobre dudas a los estudiantes.,Neutral,0.8872,Otro,0.9962,No detectado,0.0204,0.0063,0.0121
FACULTAD DE INGENIERIA Y ARQUITECTURA,OECM,IM02,INGENIERÍA CIVIL EN MINAS PLAN 2017,58000,INTRODUCCION A LAS MATEMATICAS,30,"profesor debería darse el tiempo de hacer entender a cada uno la materia y no denigrar por no tener los conocimiento previos diciéndoles ""tontos"" o ""como no vas a saber"" y por hacer alguna pregunta respecto al tema.",Negativo,0.7425,Ira,0.7061,No detectado,0.0190,0.0037,0.0111
FACULTAD DE INGENIERIA Y ARQUITECTURA,OECM,GE02,GEOLOGÍA PLAN 2017,58000,INTRODUCCION A LAS MATEMATICAS,51,profesor enseña de buena manera y cubre todas las consultas de sus alumnos.,Positivo,0.9299,Otro,0.9053,No detectado,0.0205,0.0076,0.0090
FACULTAD DE INGENIERIA Y ARQUITECTURA,OECM,CO05,INGENIERÍA EN CONSTRUCCIÓN PLAN 2017,58000,INTRODUCCION A LAS MATEMATICAS,50,profesor exigente.,Negativo,0.8933,Otro,0.8445,No detectado,0.1058,0.0424,0.0678
FACULTAD DE INGENIERIA Y ARQUITECTURA,OECM,GE02,GEOLOGÍA PLAN 2017,58000,INTRODUCCION A LAS MATEMATICAS,51,profesor explica muy bien sus clases.,Positivo,0.9379,Otro,0.9927,No detectado,0.0282,0.0080,0.0113
FACULTAD DE INGENIERIA Y ARQUITECTURA,OECM,IM02,INGENIERÍA CIVIL EN MINAS PLAN 2017,58000,INTRODUCCION A LAS MATEMATICAS,51,profesor poco comprensible.,Negativo,0.9333,Ira,0.6861,No detectado,0.0246,0.0129,0.0197
FACULTAD DE INGENIERIA Y ARQUITECTURA,OECM,IM02,INGENIERÍA CIVIL EN MINAS PLAN 2017,58000,INTRODUCCION A LAS MATEMATICAS,51,que no se enoje o responda mal cuando un alumno le informa sobre sus dudas.,Neutral,0.6016,Otro,0.9927,No detectado,0.0161,0.0058,0.0078
FACULTAD DE INGENIERIA Y ARQUITECTURA,OECM,OB07,INGENIERÍA CIVIL EN OBRAS CIVILES PLAN 2017,58000,INTRODUCCION A LAS MATEMATICAS,31,"que podría mejorar la forma en que explica, ya que hay veces que genera confusión en nosotros.",Negativo,0.6914,Otro,0.9881,No detectado,0.0183,0.0058,0.0079
FACULTAD DE INGENIERIA Y ARQUITECTURA,OECM,CO05,INGENIERÍA EN CONSTRUCCIÓN PLAN 2017,58000,INTRODUCCION A LAS MATEMATICAS,50,que se más pasencioso en la hora de enseñanza ya que no todos los alumnos están con diferente aprendizaje.,Neutral,0.5825,Otro,0.9908,No detectado,0.0158,0.0068,0.0083
FACULTAD DE INGENIERIA Y ARQUITECTURA,OECM,IM02,INGENIERÍA CIVIL EN MINAS PLAN 2017,58000,INTRODUCCION A LAS MATEMATICAS,50,que suba las notas al portal apenas se pueda.,Neutral,0.8383,Otro,0.9952,No detectado,0.0468,0.0112,0.0198
FACULTAD DE INGENIERIA Y ARQUITECTURA,OECM,IM02,INGENIERÍA CIVIL EN MINAS PLAN 2017,58000,INTRODUCCION A LAS MATEMATICAS,30,recomendable.,Positivo,0.5651,Alegría,0.7602,No detectado,0.0271,0.0149,0.0223
FACULTAD DE INGENIERIA Y ARQUITECTURA,OECM,IC05,INGENIERÍA CIVIL EN COMPUTACIÓN E INFORMÁTICA PLAN 2017,58000,INTRODUCCION A LAS MATEMATICAS,30,"sabia muy bien la materia, pero su metodología de enseñar no era buena, todas las dudas que uno le preguntaba su respuesta era ud debería saber eso? no todos entramos con el mismo conocimiento a la universidad.",Negativo,0.8160,Otro,0.9658,No detectado,0.0464,0.0075,0.0155
FACULTAD DE INGENIERIA Y ARQUITECTURA,OECM,IM02,INGENIERÍA CIVIL EN MINAS PLAN 2017,58000,INTRODUCCION A LAS MATEMATICAS,31,"súper pesado, se enojaba si uno le preguntaba, no explicaba como desarrollar los ejercicios los hací­a solo y al final preguntaba solo si habíamos entendido. realizaba comentarios fuera de lugar, desmotivaba a los alumnos, profesor debería hacer cursos a los avanzados no a los que desean aprender, así­ no se enoja cuando uno no entiende.",Negativo,0.9707,Ira,0.9550,No detectado,0.0362,0.0043,0.0178
FACULTAD DE INGENIERIA Y ARQUITECTURA,OECM,IM02,INGENIERÍA CIVIL EN MINAS PLAN 2017,58000,INTRODUCCION A LAS MATEMATICAS,50,sin comentarios.,Neutral,0.4468,Otro,0.6370,No detectado,0.0500,0.0090,0.0231
FACULTAD DE INGENIERIA Y ARQUITECTURA,OECM,IM02,INGENIERÍA CIVIL EN MINAS PLAN 2017,58000,INTRODUCCION A LAS MATEMATICAS,30,sin comentarios.,Neutral,0.4468,Otro,0.6370,No detectado,0.0500,0.0090,0.0231
FACULTAD DE INGENIERIA Y ARQUITECTURA,OECM,GE02,GEOLOGÍA PLAN 2017,58000,INTRODUCCION A LAS MATEMATICAS,51,sin comentarios.,Neutral,0.4468,Otro,0.6370,No detectado,0.0500,0.0090,0.0231
FACULTAD DE INGENIERIA Y ARQUITECTURA,OECM,IM02,INGENIERÍA CIVIL EN MINAS PLAN 2017,58000,INTRODUCCION A LAS MATEMATICAS,31,sin comentarios.,Neutral,0.4468,Otro,0.6370,No detectado,0.0500,0.0090,0.0231
FACULTAD DE INGENIERIA Y ARQUITECTURA,OECM,CI02,INGENIERÍA CIVIL INDUSTRIAL (PLAN 2015),3231,CALCULO II,31,solo respondó­ porq me aparece pero no tuve clase con el.,Neutral,0.8223,Otro,0.9942,No detectado,0.0186,0.0141,0.0128
FACULTAD DE INGENIERIA Y ARQUITECTURA,OECM,GE02,GEOLOGÍA PLAN 2017,58000,INTRODUCCION A LAS MATEMATICAS,51,"su clase es muy buena, uno logra entender la materia.",Positivo,0.9775,Alegría,0.8711,No detectado,0.0306,0.0130,0.0134
FACULTAD DE INGENIERIA Y ARQUITECTURA,OECM,OB07,INGENIERÍA CIVIL EN OBRAS CIVILES PLAN 2017,58000,INTRODUCCION A LAS MATEMATICAS,50,"su manera de enseñar me resulta confusa, y no tiene mucha paciencia.",Negativo,0.9703,Otro,0.6482,No detectado,0.0647,0.0475,0.0361
FACULTAD DE INGENIERIA Y ARQUITECTURA,OECM,IC05,INGENIERÍA CIVIL EN COMPUTACIÓN E INFORMÁTICA PLAN 2017,58000,INTRODUCCION A LAS MATEMATICAS,30,tiene su forma de enseñar quizás no la mejor para entender pero cumple en si algo.,Positivo,0.8415,Otro,0.9515,No detectado,0.0115,0.0114,0.0088
FACULTAD DE INGENIERIA Y ARQUITECTURA,OECM,GE02,GEOLOGÍA PLAN 2017,58000,INTRODUCCION A LAS MATEMATICAS,51,un poco más de empatía por los estudiantes a los cual nos cuesta más la asignatura.,Negativo,0.9393,Ira,0.9229,No detectado,0.0560,0.0056,0.0159
FACULTAD DE INGENIERIA Y ARQUITECTURA,MMPV,PJ01,ARQUITECTURA DEL PAISAJE (PLAN 2007),3369,TALLER I,10,"ambas buenas profesoras, algo que destacá es que se dan el tiempo para que uno aprenda y se dan el tiempo para responder las dudas tanto online como presencial.",Positivo,0.9200,Otro,0.9763,No detectado,0.0355,0.0047,0.0131
FACULTAD DE INGENIERIA Y ARQUITECTURA,MMPV,PJ01,ARQUITECTURA DEL PAISAJE (PLAN 2007),3369,TALLER I,10,"con respecto a la última evaluación,hubo mucha desorganización por parte de las profesoras.",Negativo,0.9596,Otro,0.8988,No detectado,0.0319,0.0068,0.0108
FACULTAD DE INGENIERIA Y ARQUITECTURA,MMPV,PJ01,ARQUITECTURA DEL PAISAJE (PLAN 2007),3369,TALLER I,10,considero que explica bien y muy preocupada por cada uno de mis compañeros.,Positivo,0.3755,Tristeza,0.7825,No detectado,0.0185,0.0123,0.0110
FACULTAD DE INGENIERIA Y ARQUITECTURA,MMPV,PJ01,ARQUITECTURA DEL PAISAJE (PLAN 2007),3369,TALLER I,10,"cuando explicaban algo y no quedaba claro, al estudiante volver a preguntar no solucionaba las dudas y cuesta entender algunos de sus conceptos utilizados.",Negativo,0.9255,Otro,0.8596,No detectado,0.0222,0.0047,0.0124
FACULTAD DE INGENIERIA Y ARQUITECTURA,MMPV,PJ01,ARQUITECTURA DEL PAISAJE (PLAN 2007),3369,TALLER I,10,"el profesor utiliza distintas formas de explicar para que se dá a entender bien la materia, también demuestra interés por enseñar de forma correcta y así que sus alumnos realmente entiendan.",Positivo,0.7286,Otro,0.9934,No detectado,0.0138,0.0052,0.0069
FACULTAD DE INGENIERIA Y ARQUITECTURA,MMPV,PJ01,ARQUITECTURA DEL PAISAJE (PLAN 2007),3369,TALLER I,10,"excelentes profesores, solamente siento que el ultimo trabajo tuvo que haberse explicado mejor, pero en las ultimas evaluaciones personalmente estaba cansado mentalmente y se ve reflejado en las ultimas notas en general, pero fuera de eso muy buenas profesoras, supieron explicar y darse el tiempo de enseñar.",Positivo,0.9471,Alegría,0.9571,No detectado,0.0202,0.0056,0.0110
FACULTAD DE INGENIERIA Y ARQUITECTURA,MMPV,PJ01,ARQUITECTURA DEL PAISAJE (PLAN 2007),3369,TALLER I,10,"la profesor mónica es muy buena profesor, aprende­ mucho en su ramo y es muy comprensiva con los tiempos porque sabí­a que es nuestro primer año y en cuanto a enseñanza sabe demasiado y le gusta que eso es súper importante al enseñar.",Positivo,0.9773,Otro,0.6651,No detectado,0.0143,0.0131,0.0083
FACULTAD DE INGENIERIA Y ARQUITECTURA,MMPV,PJ01,ARQUITECTURA DEL PAISAJE (PLAN 2007),3369,TALLER I,10,"la profesora respetaba bastante fechas de entrega, incluso si así lo necesitábamos, éstas podí­an variar para obtener buen resultado.",Neutral,0.6334,Otro,0.9952,No detectado,0.0405,0.0065,0.0128
FACULTAD DE INGENIERIA Y ARQUITECTURA,MMPV,PJ01,ARQUITECTURA DEL PAISAJE (PLAN 2007),3369,TALLER I,10,"las profesoras de este semestre han sido excepcionales. atentas, apañadoras y profesorsionales, se aseguraron de que todos aprendiéramos bien. su dedicación y empatía marcaron una gran diferencia en mi aprendizaje.",Positivo,0.9664,Alegría,0.9931,No detectado,0.0400,0.0065,0.0149
FACULTAD DE INGENIERIA Y ARQUITECTURA,MMPV,PJ01,ARQUITECTURA DEL PAISAJE (PLAN 2007),3369,TALLER I,10,me encanta con la pasión y paciencia que enseñan las 2 profesoras de la asignatura eso hace que las clases sean mucho más inspiradoras.,Positivo,0.9779,Alegría,0.9950,No detectado,0.0202,0.0053,0.0085
FACULTAD DE INGENIERIA Y ARQUITECTURA,MMPV,PJ01,ARQUITECTURA DEL PAISAJE (PLAN 2007),3369,TALLER I,10,"me gusta demasiado el método de enseñanza, sin embargo muy pocas veces no he entendido alguna explicación de entrega que hace la profesora.",Neutral,0.5510,Otro,0.9896,No detectado,0.0161,0.0078,0.0085
FACULTAD DE INGENIERIA Y ARQUITECTURA,MMPV,PJ01,ARQUITECTURA DEL PAISAJE (PLAN 2007),3369,TALLER I,10,me gusta la forma de evaluación del profesor y las actividades que nos realizan.,Positivo,0.9662,Alegría,0.7802,No detectado,0.0144,0.0091,0.0089
FACULTAD DE INGENIERIA Y ARQUITECTURA,MMPV,PJ01,ARQUITECTURA DEL PAISAJE (PLAN 2007),3369,TALLER I,10,muy buena enseñanza y comprensión hacia los alumnos.,Positivo,0.9760,Alegría,0.9606,No detectado,0.0129,0.0080,0.0099
FACULTAD DE INGENIERIA Y ARQUITECTURA,MMPV,PJ01,ARQUITECTURA DEL PAISAJE (PLAN 2007),3369,TALLER I,10,muy buena manera de enseñar.,Positivo,0.9708,Alegría,0.9276,No detectado,0.0155,0.0118,0.0113
FACULTAD DE INGENIERIA Y ARQUITECTURA,MMPV,PJ01,ARQUITECTURA DEL PAISAJE (PLAN 2007),3369,TALLER I,10,muy buena profesor.,Positivo,0.9623,Alegría,0.9791,No detectado,0.0153,0.0144,0.0145
FACULTAD DE INGENIERIA Y ARQUITECTURA,MMPV,PJ01,ARQUITECTURA DEL PAISAJE (PLAN 2007),3369,TALLER I,10,"muy buena profesora, con mucha paciencia y criterio.",Positivo,0.9756,Alegría,0.9714,No detectado,0.0764,0.0515,0.0348
FACULTAD DE INGENIERIA Y ARQUITECTURA,MMPV,PJ01,ARQUITECTURA DEL PAISAJE (PLAN 2007),3369,TALLER I,10,"muy buena profesora, muy contenta de como se entrego la información.",Positivo,0.9717,Alegría,0.9945,No detectado,0.0365,0.0176,0.0176
FACULTAD DE INGENIERIA Y ARQUITECTURA,MMPV,PJ01,ARQUITECTURA DEL PAISAJE (PLAN 2007),3369,TALLER I,10,no se le entiende y pide cosas diferentes.,Negativo,0.7886,Otro,0.9890,No detectado,0.0476,0.0075,0.0218
FACULTAD DE INGENIERIA Y ARQUITECTURA,MMPV,PJ01,ARQUITECTURA DEL PAISAJE (PLAN 2007),3369,TALLER I,10,"profesora que cumple su rol, asi como tambien aporta muchos conocimientos de la mejor manera.",Positivo,0.9469,Otro,0.9540,No detectado,0.0316,0.0118,0.0133
FACULTAD DE INGENIERIA Y ARQUITECTURA,MMPV,PJ01,ARQUITECTURA DEL PAISAJE (PLAN 2007),3369,TALLER I,10,sabe como explicar la materia.,Neutral,0.8356,Otro,0.9902,No detectado,0.0407,0.0198,0.0134
FACULTAD DE INGENIERIA Y ARQUITECTURA,MMPV,PJ01,ARQUITECTURA DEL PAISAJE (PLAN 2007),3369,TALLER I,10,son compresibles y resuelven nuestras dudas siempre.,Positivo,0.9231,Otro,0.4913,No detectado,0.0600,0.0042,0.0213
FACULTAD DE INGENIERIA Y ARQUITECTURA,MMPV,PJ01,ARQUITECTURA DEL PAISAJE (PLAN 2007),3369,TALLER I,10,su forma de evaluación sirve por qué te corrige para que puedas entregar algo mucho mejor.,Positivo,0.9105,Otro,0.9962,No detectado,0.0133,0.0089,0.0079
FACULTAD DE INGENIERIA Y ARQUITECTURA,MMPV,PJ01,ARQUITECTURA DEL PAISAJE (PLAN 2007),3369,TALLER I,10,supo entendernos en ciertos aspectos y.,Neutral,0.5292,Otro,0.9904,No detectado,0.0170,0.0083,0.0099
FACULTAD DE INGENIERIA Y ARQUITECTURA,MMPV,PJ01,ARQUITECTURA DEL PAISAJE (PLAN 2007),3369,TALLER I,10,yo creo que son de las mejores profesoras que he conocido.,Positivo,0.9476,Alegría,0.8866,No detectado,0.0863,0.0118,0.0284
FACULTAD DE INGENIERIA Y ARQUITECTURA,DLMU,AR03,ARQUITECTURA PLAN 2015,11303,OPT: ORIGAMI ARQUITECTONICO,10,"agradecida de que hayan incorporado este ramo a la carrera, abrió mi mente e hizo que el semestre fuese mas lúdico y diferente.
agradezco al profesor por compartir tan bellos conocimientos.",Positivo,0.9741,Alegría,0.9952,No detectado,0.0134,0.0066,0.0072
FACULTAD DE INGENIERIA Y ARQUITECTURA,DLMU,AR03,ARQUITECTURA PLAN 2015,11304,OPT: ERGONOMIA PARA LA ARQUITECTURA,10,agradezco el compromiso por ayudarnos a aprender. muy buen curso.,Positivo,0.9762,Alegría,0.9958,No detectado,0.0099,0.0078,0.0082
FACULTAD DE INGENIERIA Y ARQUITECTURA,DLMU,AR03,ARQUITECTURA PLAN 2015,11303,OPT: ORIGAMI ARQUITECTONICO,10,bien.,Positivo,0.7325,Alegría,0.8209,No detectado,0.0506,0.0188,0.0390
FACULTAD DE INGENIERIA Y ARQUITECTURA,DLMU,AR03,ARQUITECTURA PLAN 2015,11303,OPT: ORIGAMI ARQUITECTONICO,10,buen profesor.,Positivo,0.8798,Alegría,0.6186,No detectado,0.0201,0.0141,0.0145
FACULTAD DE INGENIERIA Y ARQUITECTURA,DLMU,AR03,ARQUITECTURA PLAN 2015,11304,OPT: ERGONOMIA PARA LA ARQUITECTURA,10,buen profesor.,Positivo,0.8798,Alegría,0.6186,No detectado,0.0201,0.0141,0.0145
FACULTAD DE INGENIERIA Y ARQUITECTURA,DLMU,AR03,ARQUITECTURA PLAN 2015,11303,OPT: ORIGAMI ARQUITECTONICO,10,buen profesor.,Positivo,0.8798,Alegría,0.6186,No detectado,0.0201,0.0141,0.0145
FACULTAD DE INGENIERIA Y ARQUITECTURA,DLMU,AR03,ARQUITECTURA PLAN 2015,11303,OPT: ORIGAMI ARQUITECTONICO,10,"buen profesor, a veces es muy sarcástico y pesado pero me cae bien aunque tenga un humor medio raro.",Positivo,0.6605,Otro,0.9660,No detectado,0.0125,0.0128,0.0119
FACULTAD DE INGENIERIA Y ARQUITECTURA,DLMU,AR03,ARQUITECTURA PLAN 2015,11303,OPT: ORIGAMI ARQUITECTONICO,10,"buen profesor, debería respetar el horario de termino de clases.",Neutral,0.7167,Otro,0.9954,No detectado,0.0232,0.0099,0.0099
FACULTAD DE INGENIERIA Y ARQUITECTURA,DLMU,AR03,ARQUITECTURA PLAN 2015,11303,OPT: ORIGAMI ARQUITECTONICO,10,"buen profesor, tiene gañas de enseñar y es comprensivo ante situaciones en problemas, solo que no respeta del todo el género del estudiante.",Positivo,0.5041,Otro,0.9688,No detectado,0.0162,0.0064,0.0082
FACULTAD DE INGENIERIA Y ARQUITECTURA,DLMU,AR03,ARQUITECTURA PLAN 2015,11303,OPT: ORIGAMI ARQUITECTONICO,10,buen profesor.,Positivo,0.8798,Alegría,0.6186,No detectado,0.0201,0.0141,0.0145
FACULTAD DE INGENIERIA Y ARQUITECTURA,DLMU,AR03,ARQUITECTURA PLAN 2015,11304,OPT: ERGONOMIA PARA LA ARQUITECTURA,10,"desde la primera clase solo pedia encargos y corregia sin explicar de primera mano los fundamentos del encargo, poco profesorsionalismo al corregir, continuas criticas sin bases en el encargo si no al coheficiente del alumno.",Negativo,0.9457,Ira,0.9253,No detectado,0.0482,0.0090,0.0258
FACULTAD DE INGENIERIA Y ARQUITECTURA,DLMU,AR03,ARQUITECTURA PLAN 2015,11303,OPT: ORIGAMI ARQUITECTONICO,10,el profesor no enseña habla las dos primeras clases y después no enseña nada.,Negativo,0.9067,Otro,0.9875,No detectado,0.0244,0.0099,0.0155
FACULTAD DE INGENIERIA Y ARQUITECTURA,DLMU,AR03,ARQUITECTURA PLAN 2015,11304,OPT: ERGONOMIA PARA LA ARQUITECTURA,10,"el profesor posee un gran conocimiento en el tema de su asignatura, donde aporta su conocimiento al estudiante ayudando a que llege al mejor resultado del trabajo propuesto.",Positivo,0.9179,Otro,0.9730,No detectado,0.0106,0.0069,0.0064
FACULTAD DE INGENIERIA Y ARQUITECTURA,DLMU,AR03,ARQUITECTURA PLAN 2015,11304,OPT: ERGONOMIA PARA LA ARQUITECTURA,10,el profesor tiene paciencia para explicar.,Positivo,0.5625,Otro,0.9932,No detectado,0.0324,0.0118,0.0121
FACULTAD DE INGENIERIA Y ARQUITECTURA,DLMU,AR03,ARQUITECTURA PLAN 2015,11303,OPT: ORIGAMI ARQUITECTONICO,10,enseña biem.,Positivo,0.7699,Alegría,0.7579,No detectado,0.0825,0.0263,0.0552
FACULTAD DE INGENIERIA Y ARQUITECTURA,DLMU,AR03,ARQUITECTURA PLAN 2015,11304,OPT: ERGONOMIA PARA LA ARQUITECTURA,10,"es el 3er ramo que tomo con el profesor, creo que son muy interesantes las materias que imparte, se nota que tiene conocimento de los temas que enseña, encuentro que es un buen profesor y si lo recomiendo a mis compañeros.",Positivo,0.9772,Otro,0.5499,No detectado,0.0105,0.0068,0.0071
FACULTAD DE INGENIERIA Y ARQUITECTURA,DLMU,AR03,ARQUITECTURA PLAN 2015,11304,OPT: ERGONOMIA PARA LA ARQUITECTURA,10,es muy a la antigua pero le gusta enseñar y tiene buena disposicion.,Positivo,0.8817,Otro,0.9448,No detectado,0.0489,0.0244,0.0204
FACULTAD DE INGENIERIA Y ARQUITECTURA,DLMU,AR03,ARQUITECTURA PLAN 2015,11303,OPT: ORIGAMI ARQUITECTONICO,10,excelente profesor.,Positivo,0.9060,Alegría,0.9409,No detectado,0.0124,0.0121,0.0102
FACULTAD DE INGENIERIA Y ARQUITECTURA,DLMU,AR03,ARQUITECTURA PLAN 2015,11303,OPT: ORIGAMI ARQUITECTONICO,10,explica de manera consisa sobre las problematicas cometidas a la hora de realizar lo ejercicios.,Neutral,0.7625,Otro,0.9954,No detectado,0.0184,0.0057,0.0077
FACULTAD DE INGENIERIA Y ARQUITECTURA,DLMU,AR03,ARQUITECTURA PLAN 2015,11304,OPT: ERGONOMIA PARA LA ARQUITECTURA,10,muy a la vieja escuela.,Neutral,0.4555,Otro,0.9690,No detectado,0.1722,0.0169,0.0633
FACULTAD DE INGENIERIA Y ARQUITECTURA,DLMU,AR03,ARQUITECTURA PLAN 2015,11303,OPT: ORIGAMI ARQUITECTONICO,10,muy bien profesor.,Positivo,0.9373,Alegría,0.8449,No detectado,0.0135,0.0120,0.0105
FACULTAD DE INGENIERIA Y ARQUITECTURA,DLMU,AR03,ARQUITECTURA PLAN 2015,11303,OPT: ORIGAMI ARQUITECTONICO,10,muy buen profesor.,Positivo,0.9677,Alegría,0.9051,No detectado,0.0123,0.0104,0.0094
FACULTAD DE INGENIERIA Y ARQUITECTURA,DLMU,AR03,ARQUITECTURA PLAN 2015,11303,OPT: ORIGAMI ARQUITECTONICO,10,muy buen profesor.,Positivo,0.9677,Alegría,0.9051,No detectado,0.0123,0.0104,0.0094
FACULTAD DE INGENIERIA Y ARQUITECTURA,DLMU,AR03,ARQUITECTURA PLAN 2015,11304,OPT: ERGONOMIA PARA LA ARQUITECTURA,10,muy buena enseñanza y dedica tiempo a explicar.,Positivo,0.9725,Alegría,0.8720,No detectado,0.0139,0.0121,0.0114
FACULTAD DE INGENIERIA Y ARQUITECTURA,DLMU,AR03,ARQUITECTURA PLAN 2015,11303,OPT: ORIGAMI ARQUITECTONICO,10,muy bueno.,Positivo,0.8803,Alegría,0.9013,No detectado,0.0337,0.0171,0.0277
FACULTAD DE INGENIERIA Y ARQUITECTURA,DLMU,AR03,ARQUITECTURA PLAN 2015,11303,OPT: ORIGAMI ARQUITECTONICO,10,nada.,Neutral,0.4837,Otro,0.8243,No detectado,0.0509,0.0136,0.0305
FACULTAD DE INGENIERIA Y ARQUITECTURA,DLMU,AR03,ARQUITECTURA PLAN 2015,11304,OPT: ERGONOMIA PARA LA ARQUITECTURA,10,necesita mejor comunicación efectiva y respetuosa.,Neutral,0.4871,Otro,0.9869,No detectado,0.0713,0.0148,0.0210
FACULTAD DE INGENIERIA Y ARQUITECTURA,DLMU,AR03,ARQUITECTURA PLAN 2015,11304,OPT: ERGONOMIA PARA LA ARQUITECTURA,10,ninguna.,Neutral,0.4918,Otro,0.5067,No detectado,0.1189,0.0590,0.0686
FACULTAD DE INGENIERIA Y ARQUITECTURA,DLMU,AR03,ARQUITECTURA PLAN 2015,11304,OPT: ERGONOMIA PARA LA ARQUITECTURA,10,"profesor comunicativo y atento, aun que algo arisco en la forma de hablar.",Neutral,0.5462,Otro,0.9941,No detectado,0.0213,0.0098,0.0108
FACULTAD DE INGENIERIA Y ARQUITECTURA,DLMU,AR03,ARQUITECTURA PLAN 2015,11303,OPT: ORIGAMI ARQUITECTONICO,10,"profesor durante las clases no enseñaba nada sobre origami, solo nos mandaba links de pinterest para que busquemos y llevemos hechos, poco respeto en torno al momento de evaluar a los estudiantes y poco sentido de profesorsionalismo en cuanto a enseñar.",Negativo,0.9797,Ira,0.9536,No detectado,0.0243,0.0046,0.0161
FACULTAD DE INGENIERIA Y ARQUITECTURA,DLMU,AR03,ARQUITECTURA PLAN 2015,11304,OPT: ERGONOMIA PARA LA ARQUITECTURA,10,"profesor increí­ble y paciente, energético y con un gran amplio conocimiento sobre distintos temas de la carrera, excelente disposición, es increí­ble el profesor.",Positivo,0.9782,Alegría,0.9938,No detectado,0.0105,0.0069,0.0073
FACULTAD DE INGENIERIA Y ARQUITECTURA,DLMU,AR03,ARQUITECTURA PLAN 2015,11304,OPT: ERGONOMIA PARA LA ARQUITECTURA,10,si.,Neutral,0.5224,Otro,0.5875,No detectado,0.0894,0.0297,0.0463
FACULTAD DE INGENIERIA Y ARQUITECTURA,DLMU,AR03,ARQUITECTURA PLAN 2015,11303,OPT: ORIGAMI ARQUITECTONICO,10,"si bien el profesor demuestra tener pleno conocimiento en el ramo que imparte, su constante comportamiento altanero y denigrante hacia las habilidades de los estudiantes, nos hace perder por completo en interés en la materia.",Negativo,0.9832,Ira,0.8167,No detectado,0.0227,0.0053,0.0105
FACULTAD DE INGENIERIA Y ARQUITECTURA,DLMU,AR03,ARQUITECTURA PLAN 2015,11303,OPT: ORIGAMI ARQUITECTONICO,10,sin comentarios.,Neutral,0.4468,Otro,0.6370,No detectado,0.0500,0.0090,0.0231
FACULTAD DE INGENIERIA Y ARQUITECTURA,DLMU,AR03,ARQUITECTURA PLAN 2015,11304,OPT: ERGONOMIA PARA LA ARQUITECTURA,10,todo bien.,Positivo,0.7033,Otro,0.7826,No detectado,0.0408,0.0222,0.0283
FACULTAD DE INGENIERIA Y ARQUITECTURA,DLMU,AR03,ARQUITECTURA PLAN 2015,11304,OPT: ERGONOMIA PARA LA ARQUITECTURA,10,"un muy buen profesor, pero debido a problemas personales no pude asistir mucho a sus clases.",Negativo,0.5829,Otro,0.9251,No detectado,0.0131,0.0082,0.0083
FACULTAD DE INGENIERIA Y ARQUITECTURA,AOWS,PJ01,ARQUITECTURA DEL PAISAJE (PLAN 2007),4911,GEOGRAFIA DE CHILE Y CARTOGRAFIA,10,"a veces las clases son muy estructuradas, pero son unas muy buenas profesoras con demasiado conocimiento que entregar y están dispuestas a explicarte más veces si es que alguien no entendió.",Positivo,0.7150,Otro,0.9902,No detectado,0.0990,0.0039,0.0216
FACULTAD DE INGENIERIA Y ARQUITECTURA,AOWS,PJ01,ARQUITECTURA DEL PAISAJE (PLAN 2007),4911,GEOGRAFIA DE CHILE Y CARTOGRAFIA,10,"aunque se nota que las profesoras saben la materia se contradicen una a la otra, también pueden pasar a llevar a compañeros con algunos comentarios, en una ocasión nos dijeron que eramos el peor curso que a tenido ella en primer año.",Negativo,0.9505,Otro,0.5009,No detectado,0.1675,0.0067,0.0330
FACULTAD DE INGENIERIA Y ARQUITECTURA,AOWS,PJ01,ARQUITECTURA DEL PAISAJE (PLAN 2007),4911,GEOGRAFIA DE CHILE Y CARTOGRAFIA,10,"buena profesora, muy interesante.",Positivo,0.9681,Alegría,0.8709,No detectado,0.0721,0.0499,0.0428
FACULTAD DE INGENIERIA Y ARQUITECTURA,AOWS,PJ01,ARQUITECTURA DEL PAISAJE (PLAN 2007),4938,PATRIMONIO CULTURAL Y LEGISLACION,10,bueno.,Neutral,0.4849,Otro,0.8337,No detectado,0.0527,0.0147,0.0360
FACULTAD DE INGENIERIA Y ARQUITECTURA,AOWS,PJ01,ARQUITECTURA DEL PAISAJE (PLAN 2007),4911,GEOGRAFIA DE CHILE Y CARTOGRAFIA,10,chocaban muchos al momento de explicar.,Negativo,0.5316,Otro,0.9858,No detectado,0.1037,0.0043,0.0237
FACULTAD DE INGENIERIA Y ARQUITECTURA,AOWS,PJ01,ARQUITECTURA DEL PAISAJE (PLAN 2007),4911,GEOGRAFIA DE CHILE Y CARTOGRAFIA,10,cumple su rol como profesora de la materia.,Neutral,0.6081,Otro,0.9957,No detectado,0.1484,0.1092,0.0494
FACULTAD DE INGENIERIA Y ARQUITECTURA,AOWS,PJ01,ARQUITECTURA DEL PAISAJE (PLAN 2007),4911,GEOGRAFIA DE CHILE Y CARTOGRAFIA,10,enseña de forma clara.,Positivo,0.5079,Otro,0.9546,No detectado,0.0262,0.0125,0.0130
FACULTAD DE INGENIERIA Y ARQUITECTURA,AOWS,PJ01,ARQUITECTURA DEL PAISAJE (PLAN 2007),4911,GEOGRAFIA DE CHILE Y CARTOGRAFIA,10,era mucha materia en poco tiempo como para aprender o memorizar todo lo que se esperaba de nosotros.,Negativo,0.8909,Otro,0.9616,No detectado,0.0275,0.0057,0.0103
FACULTAD DE INGENIERIA Y ARQUITECTURA,AOWS,PJ01,ARQUITECTURA DEL PAISAJE (PLAN 2007),4911,GEOGRAFIA DE CHILE Y CARTOGRAFIA,10,"este semestre, las profesoras a menudo se poní­an a discutir entre ellas en clase, haciendo que pareciera más un show de comedia que una lección seria. además, no dudaban en decirnos que éramos tontos o ignorantes, lo cual era desmotivador. las clases carecí­an de dinamismo y resultaban poco interesantes, afectando negativamente nuestro aprendizaje.",Negativo,0.9669,Ira,0.8847,No detectado,0.1064,0.0037,0.0293
FACULTAD DE INGENIERIA Y ARQUITECTURA,AOWS,PJ01,ARQUITECTURA DEL PAISAJE (PLAN 2007),3391,URBANISMO IV,10,"excelente profesora, dispuesta a enseñar con paciencia y dedicación.",Positivo,0.9684,Alegría,0.9951,No detectado,0.0606,0.0412,0.0281
FACULTAD DE INGENIERIA Y ARQUITECTURA,AOWS,PJ01,ARQUITECTURA DEL PAISAJE (PLAN 2007),4911,GEOGRAFIA DE CHILE Y CARTOGRAFIA,10,la materia es muy dificil y además faltaba explicación de las tareas dadas.,Negativo,0.9716,Otro,0.9738,No detectado,0.0598,0.0150,0.0264
FACULTAD DE INGENIERIA Y ARQUITECTURA,AOWS,PJ01,ARQUITECTURA DEL PAISAJE (PLAN 2007),4911,GEOGRAFIA DE CHILE Y CARTOGRAFIA,10,"la profesor sabe demasiado y eso a veces causa problemas en este caso en mi, porque me pierdo en los temas entonces a veces no puedo seguir la corriente, y también a veces sentí­a que las profesors asumian que nosotros ya sabí­amos ciertas cosas de la carrera o de la materia y nos perdiamos.",Negativo,0.9352,Otro,0.7271,No detectado,0.0419,0.0061,0.0154
FACULTAD DE INGENIERIA Y ARQUITECTURA,AOWS,PJ01,ARQUITECTURA DEL PAISAJE (PLAN 2007),4911,GEOGRAFIA DE CHILE Y CARTOGRAFIA,10,la profesora aporta con conocimientos a su clase para hacerla mas informativa.,Positivo,0.8474,Otro,0.9901,No detectado,0.1027,0.0259,0.0268
FACULTAD DE INGENIERIA Y ARQUITECTURA,AOWS,PJ01,ARQUITECTURA DEL PAISAJE (PLAN 2007),4911,GEOGRAFIA DE CHILE Y CARTOGRAFIA,10,"las profesoras son buenas explicando la materia, el problema que veo es que no nos preparan para las evaluaciones, pueden estar explicando materia toda la clase pero cuando hacen una evaluación como que no da la suficiente preparación y explicación de acuerdo a lo que nos exige en la evaluación, se noto sobre todo en las primeras notas, que no se dio profundidad a lo que entraba dentro de esas evaluaciones.",Negativo,0.9722,Otro,0.7617,No detectado,0.1756,0.0045,0.0308
FACULTAD DE INGENIERIA Y ARQUITECTURA,AOWS,PJ01,ARQUITECTURA DEL PAISAJE (PLAN 2007),4911,GEOGRAFIA DE CHILE Y CARTOGRAFIA,10,"las profesoras son muy apañadoras, te animan a esforzarte más y te ayudan si no entiendes algo.",Positivo,0.8969,Otro,0.8733,No detectado,0.0889,0.0063,0.0238
FACULTAD DE INGENIERIA Y ARQUITECTURA,AOWS,PJ01,ARQUITECTURA DEL PAISAJE (PLAN 2007),3391,URBANISMO IV,10,muy buena profesora.,Positivo,0.9694,Alegría,0.9790,No detectado,0.0545,0.0317,0.0282
FACULTAD DE INGENIERIA Y ARQUITECTURA,AOWS,PJ01,ARQUITECTURA DEL PAISAJE (PLAN 2007),4911,GEOGRAFIA DE CHILE Y CARTOGRAFIA,10,muy profesorsionales.,Negativo,0.6506,Otro,0.8489,No detectado,0.3442,0.0203,0.1518
FACULTAD DE INGENIERIA Y ARQUITECTURA,AOWS,PJ01,ARQUITECTURA DEL PAISAJE (PLAN 2007),4911,GEOGRAFIA DE CHILE Y CARTOGRAFIA,10,no me gusta como nos habla.,Negativo,0.9499,Otro,0.9555,No detectado,0.2210,0.0736,0.0618
FACULTAD DE INGENIERIA Y ARQUITECTURA,AOWS,PJ01,ARQUITECTURA DEL PAISAJE (PLAN 2007),4911,GEOGRAFIA DE CHILE Y CARTOGRAFIA,10,no se le entiende lo que explica.,Negativo,0.9300,Otro,0.9865,No detectado,0.0288,0.0141,0.0155
FACULTAD DE INGENIERIA Y ARQUITECTURA,AOWS,PJ01,ARQUITECTURA DEL PAISAJE (PLAN 2007),4938,PATRIMONIO CULTURAL Y LEGISLACION,10,no tengo.,Negativo,0.4830,Otro,0.8882,No detectado,0.0808,0.0294,0.0498
FACULTAD DE INGENIERIA Y ARQUITECTURA,AOWS,PJ01,ARQUITECTURA DEL PAISAJE (PLAN 2007),4938,PATRIMONIO CULTURAL Y LEGISLACION,10,perfecto.,Positivo,0.5410,Otro,0.5192,No detectado,0.0384,0.0166,0.0255
FACULTAD DE INGENIERIA Y ARQUITECTURA,AOWS,PJ01,ARQUITECTURA DEL PAISAJE (PLAN 2007),4911,GEOGRAFIA DE CHILE Y CARTOGRAFIA,10,profesora muy sabia.,Positivo,0.8757,Otro,0.7066,No detectado,0.4544,0.3798,0.2288
FACULTAD DE INGENIERIA Y ARQUITECTURA,AOWS,PJ01,ARQUITECTURA DEL PAISAJE (PLAN 2007),3391,URBANISMO IV,10,se interesa en la aplicación a futuro de los contenidos enseñados.,Neutral,0.7658,Otro,0.9961,No detectado,0.0153,0.0083,0.0088
FACULTAD DE INGENIERIA Y ARQUITECTURA,AOWS,PJ01,ARQUITECTURA DEL PAISAJE (PLAN 2007),4911,GEOGRAFIA DE CHILE Y CARTOGRAFIA,10,se notaba que queria que nos aprendieramos bien la materia.,Positivo,0.5490,Otro,0.9756,No detectado,0.0396,0.0162,0.0158
FACULTAD DE INGENIERIA Y ARQUITECTURA,AOWS,PJ01,ARQUITECTURA DEL PAISAJE (PLAN 2007),4911,GEOGRAFIA DE CHILE Y CARTOGRAFIA,10,"si recomendarí­a a esta profesora pero para aquellas personas que sí­ pueden mantener su foco en la clase el 100%, ya que muchas veces la profesor explicaba la materia o distintos puntos pero de alguna manera se desviaba y eso desconcentraba. también opino que la experiencia de la profesora, le hace creer que todos tenemos la misma capacidad de comprender el contenido en un corto tiempo, cuando en realidad no es así del todo o para todos.",Negativo,0.7707,Otro,0.9606,No detectado,0.0341,0.0055,0.0125
FACULTAD DE INGENIERIA Y ARQUITECTURA,AOWS,PJ01,ARQUITECTURA DEL PAISAJE (PLAN 2007),4911,GEOGRAFIA DE CHILE Y CARTOGRAFIA,10,"siento que debería de incorporar mini evaluaciones de alternativas o trabajos acumulativos, para separar tanta materia en una sola así se refuerza mas la materia, ya que al momento de estudiar toda la materia falta tiempo o también no toda queda en la memoria.",Neutral,0.7646,Otro,0.9767,No detectado,0.0271,0.0040,0.0096
FACULTAD DE INGENIERIA Y ARQUITECTURA,AOWS,PJ01,ARQUITECTURA DEL PAISAJE (PLAN 2007),4911,GEOGRAFIA DE CHILE Y CARTOGRAFIA,10,"siento que es una asignatura muy dificil en el que el tiempo nos hace falta para poder rendir en las evaluaciones que necesitan de mucho contenido de conocimiento , aunque en general la presión y la exigencia de la profesora nos hace alcanzar un nivel más elevado que nuestro lí­mite y acostumbrarnos a estudiar bajo presión.",Negativo,0.9341,Tristeza,0.9613,No detectado,0.0471,0.0042,0.0155
FACULTAD DE INGENIERIA Y ARQUITECTURA,AOWS,PJ01,ARQUITECTURA DEL PAISAJE (PLAN 2007),4911,GEOGRAFIA DE CHILE Y CARTOGRAFIA,10,"su conocimiento es pleno y mucho, aunque mejoraria ciertas cosas en su enseñanza y metodologias.",Positivo,0.7365,Otro,0.9935,No detectado,0.0192,0.0049,0.0092
FACULTAD DE INGENIERIA Y ARQUITECTURA,AOWS,PJ01,ARQUITECTURA DEL PAISAJE (PLAN 2007),4911,GEOGRAFIA DE CHILE Y CARTOGRAFIA,10,su forma de enseñar es muy sencilla de entender y realiza actividades entretenidas.,Positivo,0.9667,Otro,0.9280,No detectado,0.0166,0.0089,0.0088
FACULTAD DE INGENIERIA Y ARQUITECTURA,AOWS,PJ01,ARQUITECTURA DEL PAISAJE (PLAN 2007),4911,GEOGRAFIA DE CHILE Y CARTOGRAFIA,10,su manera de explicar las clases es un poco complicada ya que solo lee los ppt siento que se porida mejorar l explicar.,Negativo,0.7747,Otro,0.8940,No detectado,0.0195,0.0151,0.0117
FACULTAD DE INGENIERIA Y ARQUITECTURA,MCRB,CO05,INGENIERÍA EN CONSTRUCCIÓN PLAN 2017,3247,MATERIALES DE CONSTRUCCION,10,agradable clase.,Neutral,0.5189,Otro,0.4794,No detectado,0.0578,0.0270,0.0404
FACULTAD DE INGENIERIA Y ARQUITECTURA,MCRB,CO05,INGENIERÍA EN CONSTRUCCIÓN PLAN 2017,3247,MATERIALES DE CONSTRUCCION,11,buena profesora.,Positivo,0.8748,Alegría,0.9415,No detectado,0.0699,0.0374,0.0376
FACULTAD DE INGENIERIA Y ARQUITECTURA,MCRB,CO05,INGENIERÍA EN CONSTRUCCIÓN PLAN 2017,3247,MATERIALES DE CONSTRUCCION,10,buena profesora.,Positivo,0.8748,Alegría,0.9415,No detectado,0.0699,0.0374,0.0376
FACULTAD DE INGENIERIA Y ARQUITECTURA,MCRB,CO05,INGENIERÍA EN CONSTRUCCIÓN PLAN 2017,3247,MATERIALES DE CONSTRUCCION,11,buena profesora.,Positivo,0.8748,Alegría,0.9415,No detectado,0.0699,0.0374,0.0376
FACULTAD DE INGENIERIA Y ARQUITECTURA,MCRB,OB07,INGENIERÍA CIVIL EN OBRAS CIVILES PLAN 2017,3247,MATERIALES DE CONSTRUCCION,11,buena profesora.,Positivo,0.8748,Alegría,0.9415,No detectado,0.0699,0.0374,0.0376
FACULTAD DE INGENIERIA Y ARQUITECTURA,MCRB,OB07,INGENIERÍA CIVIL EN OBRAS CIVILES PLAN 2017,3247,MATERIALES DE CONSTRUCCION,10,buena profesora.,Positivo,0.8748,Alegría,0.9415,No detectado,0.0699,0.0374,0.0376
FACULTAD DE INGENIERIA Y ARQUITECTURA,MCRB,CO05,INGENIERÍA EN CONSTRUCCIÓN PLAN 2017,16014,TECNOLOGIA DEL HORMIGON,12,buena profesora con ganas de enseñar.,Positivo,0.9420,Alegría,0.9610,No detectado,0.0598,0.0307,0.0240
FACULTAD DE INGENIERIA Y ARQUITECTURA,MCRB,CO05,INGENIERÍA EN CONSTRUCCIÓN PLAN 2017,3247,MATERIALES DE CONSTRUCCION,10,buena profesora muy didactica.,Positivo,0.9431,Alegría,0.8266,No detectado,0.3818,0.2319,0.1635
FACULTAD DE INGENIERIA Y ARQUITECTURA,MCRB,OB07,INGENIERÍA CIVIL EN OBRAS CIVILES PLAN 2017,3247,MATERIALES DE CONSTRUCCION,10,el unico pero seria que se demoro en entregar las notas pero fuera de eso no nada negativo que comentar.,Neutral,0.7640,Otro,0.9942,No detectado,0.0386,0.0154,0.0184
FACULTAD DE INGENIERIA Y ARQUITECTURA,MCRB,CO05,INGENIERÍA EN CONSTRUCCIÓN PLAN 2017,3247,MATERIALES DE CONSTRUCCION,11,en la área práctica (laboratorio) es una excelente docente.,Positivo,0.9328,Otro,0.9831,No detectado,0.1391,0.1058,0.0477
FACULTAD DE INGENIERIA Y ARQUITECTURA,MCRB,CO05,INGENIERÍA EN CONSTRUCCIÓN PLAN 2017,3247,MATERIALES DE CONSTRUCCION,11,excelente profesora.,Positivo,0.9144,Alegría,0.9657,No detectado,0.0915,0.0614,0.0453
FACULTAD DE INGENIERIA Y ARQUITECTURA,MCRB,CO05,INGENIERÍA EN CONSTRUCCIÓN PLAN 2017,3247,MATERIALES DE CONSTRUCCION,10,excelente profesora.,Positivo,0.9144,Alegría,0.9657,No detectado,0.0915,0.0614,0.0453
FACULTAD DE INGENIERIA Y ARQUITECTURA,MCRB,CO05,INGENIERÍA EN CONSTRUCCIÓN PLAN 2017,3247,MATERIALES DE CONSTRUCCION,11,excelente profesora.,Positivo,0.9144,Alegría,0.9657,No detectado,0.0915,0.0614,0.0453
FACULTAD DE INGENIERIA Y ARQUITECTURA,MCRB,CO05,INGENIERÍA EN CONSTRUCCIÓN PLAN 2017,3247,MATERIALES DE CONSTRUCCION,10,excelente profesora.,Positivo,0.9144,Alegría,0.9657,No detectado,0.0915,0.0614,0.0453
FACULTAD DE INGENIERIA Y ARQUITECTURA,MCRB,CO05,INGENIERÍA EN CONSTRUCCIÓN PLAN 2017,16014,TECNOLOGIA DEL HORMIGON,12,excelente profesora.,Positivo,0.9144,Alegría,0.9657,No detectado,0.0915,0.0614,0.0453
FACULTAD DE INGENIERIA Y ARQUITECTURA,MCRB,OB07,INGENIERÍA CIVIL EN OBRAS CIVILES PLAN 2017,3247,MATERIALES DE CONSTRUCCION,11,explica bien la actividad de laboratorio.,Neutral,0.6689,Otro,0.9957,No detectado,0.0517,0.0236,0.0207
FACULTAD DE INGENIERIA Y ARQUITECTURA,MCRB,CO05,INGENIERÍA EN CONSTRUCCIÓN PLAN 2017,3247,MATERIALES DE CONSTRUCCION,10,habrí­a que cambiar la metodología de las clases de teorí­a.,Neutral,0.6746,Otro,0.9908,No detectado,0.0309,0.0055,0.0111
FACULTAD DE INGENIERIA Y ARQUITECTURA,MCRB,CO05,INGENIERÍA EN CONSTRUCCIÓN PLAN 2017,3247,MATERIALES DE CONSTRUCCION,11,hace que el laboratorio se haga entretenido.,Positivo,0.8830,Otro,0.8619,No detectado,0.0211,0.0090,0.0089
FACULTAD DE INGENIERIA Y ARQUITECTURA,MCRB,CO05,INGENIERÍA EN CONSTRUCCIÓN PLAN 2017,3247,MATERIALES DE CONSTRUCCION,11,mas o menos a mi parecer.,Neutral,0.7970,Otro,0.9856,No detectado,0.0398,0.0138,0.0167
FACULTAD DE INGENIERIA Y ARQUITECTURA,MCRB,CO05,INGENIERÍA EN CONSTRUCCIÓN PLAN 2017,3247,MATERIALES DE CONSTRUCCION,10,mas o menos a mi parecer.,Neutral,0.7970,Otro,0.9856,No detectado,0.0398,0.0138,0.0167
FACULTAD DE INGENIERIA Y ARQUITECTURA,MCRB,CO05,INGENIERÍA EN CONSTRUCCIÓN PLAN 2017,3247,MATERIALES DE CONSTRUCCION,11,muy buena profesora.,Positivo,0.9694,Alegría,0.9790,No detectado,0.0545,0.0317,0.0282
FACULTAD DE INGENIERIA Y ARQUITECTURA,MCRB,CO05,INGENIERÍA EN CONSTRUCCIÓN PLAN 2017,3247,MATERIALES DE CONSTRUCCION,10,muy buena profesora y bastante carismática con sus alumnos.,Positivo,0.9697,Alegría,0.9800,No detectado,0.1540,0.1125,0.0679
FACULTAD DE INGENIERIA Y ARQUITECTURA,MCRB,OB07,INGENIERÍA CIVIL EN OBRAS CIVILES PLAN 2017,3247,MATERIALES DE CONSTRUCCION,10,"muy buena profesora, lo único que cambiarí­a serí­a el horario de clases que se le impuso a la profesora ya que eran 3 bloques de horario de clases seguido, digo esto, ya que si la profesora o el alumno llegaba a faltar se perdí­a la materia de una semana completa y se quedaba atrás. esto lo deberían mejorar para otras asignaturas igual que son de especialidad. lo otro que me hubiera gustado, es que en el curso se abordará más materia y que sea más especifica del área de trabajo. por último mencionar que el tiempo de entrega de algunas evaluaciones fue demasiado, pasando la fecha limite de entrega.",Neutral,0.7307,Otro,0.9710,No detectado,0.0599,0.0079,0.0192
FACULTAD DE INGENIERIA Y ARQUITECTURA,MCRB,OB07,INGENIERÍA CIVIL EN OBRAS CIVILES PLAN 2017,3247,MATERIALES DE CONSTRUCCION,11,nada.,Neutral,0.4837,Otro,0.8243,No detectado,0.0509,0.0136,0.0305
FACULTAD DE INGENIERIA Y ARQUITECTURA,MCRB,OB07,INGENIERÍA CIVIL EN OBRAS CIVILES PLAN 2017,3247,MATERIALES DE CONSTRUCCION,10,nada.,Neutral,0.4837,Otro,0.8243,No detectado,0.0509,0.0136,0.0305
FACULTAD DE INGENIERIA Y ARQUITECTURA,MCRB,CO05,INGENIERÍA EN CONSTRUCCIÓN PLAN 2017,16014,TECNOLOGIA DEL HORMIGON,12,nada.,Neutral,0.4837,Otro,0.8243,No detectado,0.0509,0.0136,0.0305
FACULTAD DE INGENIERIA Y ARQUITECTURA,MCRB,OB07,INGENIERÍA CIVIL EN OBRAS CIVILES PLAN 2017,3247,MATERIALES DE CONSTRUCCION,11,nada que decir exito.,Positivo,0.4879,Alegría,0.8292,No detectado,0.0189,0.0102,0.0115
FACULTAD DE INGENIERIA Y ARQUITECTURA,MCRB,CO05,INGENIERÍA EN CONSTRUCCIÓN PLAN 2017,16014,TECNOLOGIA DEL HORMIGON,12,ningún comentario.,Neutral,0.6163,Otro,0.9718,No detectado,0.0567,0.0212,0.0326
FACULTAD DE INGENIERIA Y ARQUITECTURA,MCRB,OB07,INGENIERÍA CIVIL EN OBRAS CIVILES PLAN 2017,3247,MATERIALES DE CONSTRUCCION,11,no.,Neutral,0.4675,Otro,0.5628,No detectado,0.0628,0.0154,0.0316
FACULTAD DE INGENIERIA Y ARQUITECTURA,MCRB,OB07,INGENIERÍA CIVIL EN OBRAS CIVILES PLAN 2017,3247,MATERIALES DE CONSTRUCCION,10,no.,Neutral,0.4675,Otro,0.5628,No detectado,0.0628,0.0154,0.0316
FACULTAD DE INGENIERIA Y ARQUITECTURA,MCRB,OB07,INGENIERÍA CIVIL EN OBRAS CIVILES PLAN 2017,3247,MATERIALES DE CONSTRUCCION,10,"podría hacer la clase no tan lenta y explicar de mejor manera, aunque aclara las dudas existentes respecto a la materia,.",Neutral,0.6317,Otro,0.9969,No detectado,0.0203,0.0068,0.0095
FACULTAD DE INGENIERIA Y ARQUITECTURA,MCRB,OB07,INGENIERÍA CIVIL EN OBRAS CIVILES PLAN 2017,3247,MATERIALES DE CONSTRUCCION,10,que exilo en todo.,Negativo,0.9051,Otro,0.9141,No detectado,0.1267,0.0406,0.0782
FACULTAD DE INGENIERIA Y ARQUITECTURA,MCRB,OB07,INGENIERÍA CIVIL EN OBRAS CIVILES PLAN 2017,3247,MATERIALES DE CONSTRUCCION,11,"súper recomendable, excelente profesora.",Positivo,0.9725,Alegría,0.8907,No detectado,0.1051,0.0665,0.0657
FACULTAD DE INGENIERIA Y ARQUITECTURA,MCRB,OB07,INGENIERÍA CIVIL EN OBRAS CIVILES PLAN 2017,3247,MATERIALES DE CONSTRUCCION,10,simplemente para mi es muy buena profesor.,Positivo,0.9749,Alegría,0.9285,No detectado,0.0112,0.0124,0.0085
FACULTAD DE INGENIERIA Y ARQUITECTURA,MCRB,OB07,INGENIERÍA CIVIL EN OBRAS CIVILES PLAN 2017,3247,MATERIALES DE CONSTRUCCION,11,sin comentarios.,Neutral,0.4468,Otro,0.6370,No detectado,0.0500,0.0090,0.0231
FACULTAD DE INGENIERIA Y ARQUITECTURA,MCRB,OB07,INGENIERÍA CIVIL EN OBRAS CIVILES PLAN 2017,3247,MATERIALES DE CONSTRUCCION,10,totalmente recomendable.,Positivo,0.8409,Alegría,0.7155,No detectado,0.0214,0.0095,0.0158
FACULTAD DE INGENIERIA Y ARQUITECTURA,MCRB,CO05,INGENIERÍA EN CONSTRUCCIÓN PLAN 2017,16014,TECNOLOGIA DEL HORMIGON,12,un agrado de docente.,Positivo,0.9541,Alegría,0.9499,No detectado,0.0149,0.0121,0.0089
FACULTAD DE INGENIERIA Y ARQUITECTURA,MCRB,OB07,INGENIERÍA CIVIL EN OBRAS CIVILES PLAN 2017,3247,MATERIALES DE CONSTRUCCION,11,ya la evalué antes y es buena.,Positivo,0.9135,Otro,0.8259,No detectado,0.1229,0.1032,0.0746
FACULTAD DE INGENIERIA Y ARQUITECTURA,MCRB,OB07,INGENIERÍA CIVIL EN OBRAS CIVILES PLAN 2017,3247,MATERIALES DE CONSTRUCCION,11,ya lo mencione en la encuesta anterior.,Neutral,0.8387,Otro,0.9956,No detectado,0.0217,0.0096,0.0120
FACULTAD DE INGENIERIA Y ARQUITECTURA,JSTA,PJ01,ARQUITECTURA DEL PAISAJE (PLAN 2007),4913,BOTANICA,10,buen profesor.,Positivo,0.8798,Alegría,0.6186,No detectado,0.0201,0.0141,0.0145
FACULTAD DE INGENIERIA Y ARQUITECTURA,JSTA,PJ01,ARQUITECTURA DEL PAISAJE (PLAN 2007),4913,BOTANICA,10,"dentro de todo es uno de los mejores profesor que tiene la universidad es amable, carismático y nos traspasa su pasión por la materia, muchas veces el me ánimo y se preocupo por mí, así que sí al profesor seba es merecedor de un 7.",Positivo,0.9759,Alegría,0.9917,No detectado,0.0087,0.0068,0.0064
FACULTAD DE INGENIERIA Y ARQUITECTURA,JSTA,PJ01,ARQUITECTURA DEL PAISAJE (PLAN 2007),4913,BOTANICA,10,en las evaluaciones no se logra demostrar lo aprendido por parte del alumno.,Negativo,0.9290,Otro,0.9921,No detectado,0.0196,0.0058,0.0086
FACULTAD DE INGENIERIA Y ARQUITECTURA,JSTA,PJ01,ARQUITECTURA DEL PAISAJE (PLAN 2007),4913,BOTANICA,10,"es un buen profesor, mucho conocimiento. tuvimos algunos problemas con el horario establecido inicialmente pero se arreglo rápidamente. termino su ramo a tiempo sin problemas. muchas gracias.",Positivo,0.9430,Otro,0.7992,No detectado,0.0148,0.0064,0.0072
FACULTAD DE INGENIERIA Y ARQUITECTURA,JSTA,PJ01,ARQUITECTURA DEL PAISAJE (PLAN 2007),4913,BOTANICA,10,"es un buen profesor, siempre está dispuesto a responder preguntas y explicar de diversas formas la materia para entenderla.",Positivo,0.9102,Otro,0.9793,No detectado,0.0128,0.0078,0.0076
FACULTAD DE INGENIERIA Y ARQUITECTURA,JSTA,PJ01,ARQUITECTURA DEL PAISAJE (PLAN 2007),4913,BOTANICA,10,"es un buen profesor, pero me hubiera gustado que el o la universidad avisara con anticipacion la manera en que se llevan las clases, ya que desde un inicio por horario la salida era las 2 pm y en su primera clase nos enteramos que la salida seria a las 6 pm.",Neutral,0.8329,Otro,0.9927,No detectado,0.0680,0.0092,0.0212
FACULTAD DE INGENIERIA Y ARQUITECTURA,JSTA,PJ01,ARQUITECTURA DEL PAISAJE (PLAN 2007),4913,BOTANICA,10,"es un profesor muy completo, su forma de enseñar es un poco complicada pero estudiando se entiende todo mejor, sus evaluaciones son complicadas por o que quita mucho tiempo del dia pero el desarrollo de las evaluaciones son bastante completas, tambien los practicos y actividades que hace en clases hacen que uno entienda aun mas la materia, muy recomendado.",Positivo,0.9409,Otro,0.6268,No detectado,0.0297,0.0069,0.0134
FACULTAD DE INGENIERIA Y ARQUITECTURA,JSTA,PJ01,ARQUITECTURA DEL PAISAJE (PLAN 2007),4913,BOTANICA,10,"es una materia que me gustó mucho, si era pesada y se hacía más intensa al tener que quedarnos hasta tarde pero el profesor fue bueno explicando, y los prácticos serví­an mucho para mostrar que habíamos visto en la clase.",Positivo,0.9695,Otro,0.8190,No detectado,0.0708,0.0200,0.0353
FACULTAD DE INGENIERIA Y ARQUITECTURA,JSTA,PJ01,ARQUITECTURA DEL PAISAJE (PLAN 2007),4913,BOTANICA,10,excelente profesor.,Positivo,0.9060,Alegría,0.9409,No detectado,0.0124,0.0121,0.0102
FACULTAD DE INGENIERIA Y ARQUITECTURA,JSTA,PJ01,ARQUITECTURA DEL PAISAJE (PLAN 2007),4913,BOTANICA,10,execelente profesor.,Positivo,0.9600,Otro,0.6675,No detectado,0.0128,0.0099,0.0095
FACULTAD DE INGENIERIA Y ARQUITECTURA,JSTA,PJ01,ARQUITECTURA DEL PAISAJE (PLAN 2007),4913,BOTANICA,10,explica muy bien la materia a pesar de que es complicada.,Positivo,0.8780,Otro,0.9359,No detectado,0.0384,0.0208,0.0188
FACULTAD DE INGENIERIA Y ARQUITECTURA,JSTA,PJ01,ARQUITECTURA DEL PAISAJE (PLAN 2007),4913,BOTANICA,10,"muy buen profesor, extremadamente apto para enseñar la materia, en botánica, ojala mantenerlo para otras materias.",Positivo,0.9427,Otro,0.8474,No detectado,0.0233,0.0078,0.0100
FACULTAD DE INGENIERIA Y ARQUITECTURA,JSTA,PJ01,ARQUITECTURA DEL PAISAJE (PLAN 2007),4913,BOTANICA,10,"poco enfocada a lo alumnos que les cuesta aprender al respecto, con respecto a la entrega de notas al ser mal calificado este tira comentarios humillantes y desagradables, desmeritando y desprestigiando el esfuerzo del alumno.",Negativo,0.9830,Ira,0.9361,No detectado,0.0156,0.0048,0.0110
FACULTAD DE INGENIERIA Y ARQUITECTURA,JSTA,PJ01,ARQUITECTURA DEL PAISAJE (PLAN 2007),4913,BOTANICA,10,"profesor tiene mucho conocimiento de la materia, pero no hay demasiada flexibilidad para las entregas de controles.",Neutral,0.7886,Otro,0.9968,No detectado,0.0184,0.0050,0.0071
FACULTAD DE INGENIERIA Y ARQUITECTURA,EURM,OB07,INGENIERÍA CIVIL EN OBRAS CIVILES PLAN 2017,3327,CALCULO III,10,aunque demostró una pequeña mejora fue literal las ultimas clases y simplemente pase el ramo por ayuda externa y no por merito del profesor.,Neutral,0.8443,Otro,0.9869,No detectado,0.0449,0.0116,0.0208
FACULTAD DE INGENIERIA Y ARQUITECTURA,EURM,CO05,INGENIERÍA EN CONSTRUCCIÓN PLAN 2017,3327,CALCULO III,10,bien.,Positivo,0.7325,Alegría,0.8209,No detectado,0.0506,0.0188,0.0390
FACULTAD DE INGENIERIA Y ARQUITECTURA,EURM,CO05,INGENIERÍA EN CONSTRUCCIÓN PLAN 2017,3333,ECUACIONES DIFERENCIALES,10,bien.,Positivo,0.7325,Alegría,0.8209,No detectado,0.0506,0.0188,0.0390
FACULTAD DE INGENIERIA Y ARQUITECTURA,EURM,CO05,INGENIERÍA EN CONSTRUCCIÓN PLAN 2017,3333,ECUACIONES DIFERENCIALES,10,buen profesor.,Positivo,0.8798,Alegría,0.6186,No detectado,0.0201,0.0141,0.0145
FACULTAD DE INGENIERIA Y ARQUITECTURA,EURM,CI02,INGENIERÍA CIVIL INDUSTRIAL (PLAN 2015),3333,ECUACIONES DIFERENCIALES,10,buen profesor.,Positivo,0.8798,Alegría,0.6186,No detectado,0.0201,0.0141,0.0145
FACULTAD DE INGENIERIA Y ARQUITECTURA,EURM,CI02,INGENIERÍA CIVIL INDUSTRIAL (PLAN 2015),3340,PROBABILIDADES Y ESTADISTICA,10,buen profesor.,Positivo,0.8798,Alegría,0.6186,No detectado,0.0201,0.0141,0.0145
FACULTAD DE INGENIERIA Y ARQUITECTURA,EURM,CO05,INGENIERÍA EN CONSTRUCCIÓN PLAN 2017,3340,PROBABILIDADES Y ESTADISTICA,10,buen profesor con pleno conocimiento de los temas tratados.,Positivo,0.9078,Otro,0.9832,No detectado,0.0156,0.0057,0.0081
FACULTAD DE INGENIERIA Y ARQUITECTURA,EURM,CI02,INGENIERÍA CIVIL INDUSTRIAL (PLAN 2015),3333,ECUACIONES DIFERENCIALES,10,buen profesor.,Positivo,0.8798,Alegría,0.6186,No detectado,0.0201,0.0141,0.0145
FACULTAD DE INGENIERIA Y ARQUITECTURA,EURM,CI02,INGENIERÍA CIVIL INDUSTRIAL (PLAN 2015),3340,PROBABILIDADES Y ESTADISTICA,10,buen profesor.,Positivo,0.8798,Alegría,0.6186,No detectado,0.0201,0.0141,0.0145
FACULTAD DE INGENIERIA Y ARQUITECTURA,EURM,CI02,INGENIERÍA CIVIL INDUSTRIAL (PLAN 2015),3327,CALCULO III,10,"buen profesor . tiene mucha experiencia , sabe mucho , y tiene buena llegada con alumnos.",Positivo,0.9452,Otro,0.6116,No detectado,0.0160,0.0159,0.0108
FACULTAD DE INGENIERIA Y ARQUITECTURA,EURM,IM02,INGENIERÍA CIVIL EN MINAS PLAN 2017,3340,PROBABILIDADES Y ESTADISTICA,10,buen profesor quizás al principio de la materia faltó más teoría antes que ejercicio después bien que fueran puro ejercicio.,Neutral,0.5947,Otro,0.9966,No detectado,0.0247,0.0096,0.0154
FACULTAD DE INGENIERIA Y ARQUITECTURA,EURM,IM02,INGENIERÍA CIVIL EN MINAS PLAN 2017,3327,CALCULO III,10,buen profesor quizás mejorar la enseñanza pero se entiende el ramo.,Neutral,0.6309,Otro,0.9729,No detectado,0.0176,0.0095,0.0106
FACULTAD DE INGENIERIA Y ARQUITECTURA,EURM,CI02,INGENIERÍA CIVIL INDUSTRIAL (PLAN 2015),3333,ECUACIONES DIFERENCIALES,10,buena metodologia.,Positivo,0.8946,Otro,0.6551,No detectado,0.0252,0.0114,0.0163
FACULTAD DE INGENIERIA Y ARQUITECTURA,EURM,OB07,INGENIERÍA CIVIL EN OBRAS CIVILES PLAN 2017,3333,ECUACIONES DIFERENCIALES,10,"como dije en la otra clase donde lo tenia el profesor simplemente no sirve como profesor, parece ser buen profesorsional pero no profesor.",Negativo,0.9130,Otro,0.9894,No detectado,0.0226,0.0131,0.0139
FACULTAD DE INGENIERIA Y ARQUITECTURA,EURM,CI02,INGENIERÍA CIVIL INDUSTRIAL (PLAN 2015),3340,PROBABILIDADES Y ESTADISTICA,10,"considero que el profesor enrique es claro en sus explicaciones. su forma de enseñar es principalmente practica, explicando la materia escribiendo problemas y resolviéndolos entre todos.",Positivo,0.7923,Otro,0.9938,No detectado,0.0228,0.0058,0.0094
FACULTAD DE INGENIERIA Y ARQUITECTURA,EURM,IM02,INGENIERÍA CIVIL EN MINAS PLAN 2017,3340,PROBABILIDADES Y ESTADISTICA,10,"creo que podría cambiar la forma de escribir los problemas, ya que muchos compañeros tení­an los conocimientos necesarios para resolverlos, pero no podí­an aplicarlos al 100% debido a la forma en que estaban escritos.",Negativo,0.6412,Otro,0.9915,No detectado,0.0221,0.0033,0.0106
FACULTAD DE INGENIERIA Y ARQUITECTURA,EURM,IC05,INGENIERÍA CIVIL EN COMPUTACIÓN E INFORMÁTICA PLAN 2017,3327,CALCULO III,10,cuesta un poco entender como pasa la materia pero si le agarras el ritmo entiendes.,Neutral,0.4579,Otro,0.9393,No detectado,0.0200,0.0086,0.0097
FACULTAD DE INGENIERIA Y ARQUITECTURA,EURM,IC05,INGENIERÍA CIVIL EN COMPUTACIÓN E INFORMÁTICA PLAN 2017,3327,CALCULO III,10,el mejor profesor.,Positivo,0.9242,Alegría,0.9465,No detectado,0.0118,0.0128,0.0100
FACULTAD DE INGENIERIA Y ARQUITECTURA,EURM,IC05,INGENIERÍA CIVIL EN COMPUTACIÓN E INFORMÁTICA PLAN 2017,3340,PROBABILIDADES Y ESTADISTICA,10,"el profesor enrique no sube el material de estudio en el aula, en comparacion con la otra seccion que tenian presentaciones de todo lo visto en clase el profesor enrique se limita a un excel que el mismo lo desarrolla en clase y no se entiende posteriormente para el estudio, ademas como es posible que se demore como 3 semanas en entregar una nota de una prueba que es perjudicial para la nota final del semestre.",Negativo,0.9604,Ira,0.7641,No detectado,0.0489,0.0089,0.0214
FACULTAD DE INGENIERIA Y ARQUITECTURA,EURM,IM02,INGENIERÍA CIVIL EN MINAS PLAN 2017,3327,CALCULO III,10,"el profesor tiene un gran conocimiento de la materia, además, plantea diferentes para que la resolución sea más sólida.",Positivo,0.8609,Otro,0.9964,No detectado,0.0161,0.0074,0.0077
FACULTAD DE INGENIERIA Y ARQUITECTURA,EURM,IM02,INGENIERÍA CIVIL EN MINAS PLAN 2017,3333,ECUACIONES DIFERENCIALES,10,"el profesor tiene un gran conocimiento de la materia, además, plantea diferentes para que la resolución sea más sólida.",Positivo,0.8609,Otro,0.9964,No detectado,0.0161,0.0074,0.0077
FACULTAD DE INGENIERIA Y ARQUITECTURA,EURM,IC05,INGENIERÍA CIVIL EN COMPUTACIÓN E INFORMÁTICA PLAN 2017,3340,PROBABILIDADES Y ESTADISTICA,10,"es muy buen profesor, se le nota que sabe mucho y domina muy bien la materia, su único defecto a mi parecer es que no sube nada de material a la plataforma o material de apoyo, subio una guia a inicio de semestre y ya, y despues solo sube planillas de excel que hemos realizado en clase pero no le veo mucho el sentido ya que genera confusión ya que la prueba no se realiza en excel, a mi la verdad esto me genero un problema ya que yo para la primera prueba lo estudie como si la prueba se iba a realizar en excel y no, fue en papel, asi que no sabia como realizar los ejercicios y me fue super mal, tambien siento que hay que estudiar mucho por cuenta propia ya que el no da los recursos.",Negativo,0.8836,Otro,0.7164,No detectado,0.0472,0.0111,0.0250
FACULTAD DE INGENIERIA Y ARQUITECTURA,EURM,GE02,GEOLOGÍA PLAN 2017,3340,PROBABILIDADES Y ESTADISTICA,10,"escribir con colores que se noten en la pizarra como el color azul y negro, no el rojo ni tampoco el verde.",Neutral,0.8351,Otro,0.9964,No detectado,0.0410,0.0055,0.0139
FACULTAD DE INGENIERIA Y ARQUITECTURA,EURM,CI02,INGENIERÍA CIVIL INDUSTRIAL (PLAN 2015),3340,PROBABILIDADES Y ESTADISTICA,10,excelente profesor.,Positivo,0.9060,Alegría,0.9409,No detectado,0.0124,0.0121,0.0102
FACULTAD DE INGENIERIA Y ARQUITECTURA,EURM,CO05,INGENIERÍA EN CONSTRUCCIÓN PLAN 2017,3327,CALCULO III,10,excelente profesor para un real aprendizaje.,Positivo,0.9406,Otro,0.8889,No detectado,0.0109,0.0074,0.0081
FACULTAD DE INGENIERIA Y ARQUITECTURA,EURM,IM02,INGENIERÍA CIVIL EN MINAS PLAN 2017,3327,CALCULO III,10,le falta explicar con mas ejercicios y menos teoria.,Negativo,0.4955,Otro,0.9684,No detectado,0.0987,0.0132,0.0318
FACULTAD DE INGENIERIA Y ARQUITECTURA,EURM,IM02,INGENIERÍA CIVIL EN MINAS PLAN 2017,3333,ECUACIONES DIFERENCIALES,10,muy buen profesor se entiende el ramo.,Positivo,0.9724,Otro,0.8961,No detectado,0.0136,0.0094,0.0091
FACULTAD DE INGENIERIA Y ARQUITECTURA,EURM,CI02,INGENIERÍA CIVIL INDUSTRIAL (PLAN 2015),3327,CALCULO III,10,muy buen profesor.,Positivo,0.9677,Alegría,0.9051,No detectado,0.0123,0.0104,0.0094
FACULTAD DE INGENIERIA Y ARQUITECTURA,EURM,CI02,INGENIERÍA CIVIL INDUSTRIAL (PLAN 2015),3340,PROBABILIDADES Y ESTADISTICA,10,muy buen profesor.,Positivo,0.9677,Alegría,0.9051,No detectado,0.0123,0.0104,0.0094
FACULTAD DE INGENIERIA Y ARQUITECTURA,EURM,GE02,GEOLOGÍA PLAN 2017,3340,PROBABILIDADES Y ESTADISTICA,10,"muy buen profesor, siempre dispuesto a ayudar a los alumnos.",Positivo,0.9706,Alegría,0.9845,No detectado,0.0119,0.0094,0.0086
FACULTAD DE INGENIERIA Y ARQUITECTURA,EURM,IM02,INGENIERÍA CIVIL EN MINAS PLAN 2017,3327,CALCULO III,10,"muy buen profesor, siempre dispuesto a resolver dudas.",Positivo,0.9522,Alegría,0.7699,No detectado,0.0139,0.0079,0.0087
FACULTAD DE INGENIERIA Y ARQUITECTURA,EURM,GE02,GEOLOGÍA PLAN 2017,3333,ECUACIONES DIFERENCIALES,10,n/d. no pude asistir por temas de salud.,Negativo,0.6859,Otro,0.9647,No detectado,0.0183,0.0082,0.0107
FACULTAD DE INGENIERIA Y ARQUITECTURA,EURM,IC05,INGENIERÍA CIVIL EN COMPUTACIÓN E INFORMÁTICA PLAN 2017,3333,ECUACIONES DIFERENCIALES,10,nada que decir del profesor.,Negativo,0.5635,Otro,0.9965,No detectado,0.0240,0.0199,0.0135
FACULTAD DE INGENIERIA Y ARQUITECTURA,EURM,GE02,GEOLOGÍA PLAN 2017,3333,ECUACIONES DIFERENCIALES,10,que las pruebas sean con ejercicios parecidos a los que hacemos en clases.,Neutral,0.7340,Otro,0.9888,No detectado,0.0900,0.0044,0.0231
FACULTAD DE INGENIERIA Y ARQUITECTURA,EURM,GE02,GEOLOGÍA PLAN 2017,3333,ECUACIONES DIFERENCIALES,10,"que sea mas comprensivo con los estudiantes y que no se crea mas que los que no sabemos resolver para el simples ecuaciones, osea que aprenda a ser profesor.",Neutral,0.4853,Otro,0.8565,No detectado,0.0323,0.0085,0.0140
FACULTAD DE INGENIERIA Y ARQUITECTURA,EURM,CI02,INGENIERÍA CIVIL INDUSTRIAL (PLAN 2015),3340,PROBABILIDADES Y ESTADISTICA,10,sin comentarios.,Neutral,0.4468,Otro,0.6370,No detectado,0.0500,0.0090,0.0231
FACULTAD DE INGENIERIA Y ARQUITECTURA,EURM,GE02,GEOLOGÍA PLAN 2017,3340,PROBABILIDADES Y ESTADISTICA,10,sin comentarios.,Neutral,0.4468,Otro,0.6370,No detectado,0.0500,0.0090,0.0231
FACULTAD DE INGENIERIA Y ARQUITECTURA,AKHS,CO05,INGENIERÍA EN CONSTRUCCIÓN PLAN 2017,58001,ESTRATEGIAS DE APRENDIZAJE,90,0.,Neutral,0.5035,Otro,0.4394,No detectado,0.1250,0.0547,0.0788
FACULTAD DE INGENIERIA Y ARQUITECTURA,AKHS,OB07,INGENIERÍA CIVIL EN OBRAS CIVILES PLAN 2017,58001,ESTRATEGIAS DE APRENDIZAJE,90,10/10.,Positivo,0.8073,Alegría,0.8343,No detectado,0.0470,0.0394,0.0362
FACULTAD DE INGENIERIA Y ARQUITECTURA,AKHS,CI02,INGENIERÍA CIVIL INDUSTRIAL (PLAN 2015),3225,ALGEBRA I,20,6.,Neutral,0.5288,Alegría,0.4622,No detectado,0.0561,0.0511,0.0428
FACULTAD DE INGENIERIA Y ARQUITECTURA,AKHS,IM02,INGENIERÍA CIVIL EN MINAS PLAN 2017,3230,ALGEBRA II,20,6.,Neutral,0.5288,Alegría,0.4622,No detectado,0.0561,0.0511,0.0428
FACULTAD DE INGENIERIA Y ARQUITECTURA,AKHS,CI02,INGENIERÍA CIVIL INDUSTRIAL (PLAN 2015),3231,CALCULO II,21,6.,Neutral,0.5288,Alegría,0.4622,No detectado,0.0561,0.0511,0.0428
FACULTAD DE INGENIERIA Y ARQUITECTURA,AKHS,IM02,INGENIERÍA CIVIL EN MINAS PLAN 2017,58001,ESTRATEGIAS DE APRENDIZAJE,10,"a pesar de que le guste mucho las disertaciones y cosas asi, hace que la clase se sienta a gusto.",Positivo,0.9317,Otro,0.7894,No detectado,0.0194,0.0075,0.0113
FACULTAD DE INGENIERIA Y ARQUITECTURA,AKHS,IC05,INGENIERÍA CIVIL EN COMPUTACIÓN E INFORMÁTICA PLAN 2017,3231,CALCULO II,21,bbuen profesor.,Positivo,0.8611,Alegría,0.6650,No detectado,0.0232,0.0135,0.0152
FACULTAD DE INGENIERIA Y ARQUITECTURA,AKHS,CI02,INGENIERÍA CIVIL INDUSTRIAL (PLAN 2015),3225,ALGEBRA I,20,bien.,Positivo,0.7325,Alegría,0.8209,No detectado,0.0506,0.0188,0.0390
FACULTAD DE INGENIERIA Y ARQUITECTURA,AKHS,OB07,INGENIERÍA CIVIL EN OBRAS CIVILES PLAN 2017,58000,INTRODUCCION A LAS MATEMATICAS,91,bien.,Positivo,0.7325,Alegría,0.8209,No detectado,0.0506,0.0188,0.0390
FACULTAD DE INGENIERIA Y ARQUITECTURA,AKHS,OB07,INGENIERÍA CIVIL EN OBRAS CIVILES PLAN 2017,58000,INTRODUCCION A LAS MATEMATICAS,91,buen profesor.,Positivo,0.8798,Alegría,0.6186,No detectado,0.0201,0.0141,0.0145
FACULTAD DE INGENIERIA Y ARQUITECTURA,AKHS,CI02,INGENIERÍA CIVIL INDUSTRIAL (PLAN 2015),3230,ALGEBRA II,20,buen profesor.,Positivo,0.8798,Alegría,0.6186,No detectado,0.0201,0.0141,0.0145
FACULTAD DE INGENIERIA Y ARQUITECTURA,AKHS,OB07,INGENIERÍA CIVIL EN OBRAS CIVILES PLAN 2017,58001,ESTRATEGIAS DE APRENDIZAJE,90,buen profesor.,Positivo,0.8798,Alegría,0.6186,No detectado,0.0201,0.0141,0.0145
FACULTAD DE INGENIERIA Y ARQUITECTURA,AKHS,IC05,INGENIERÍA CIVIL EN COMPUTACIÓN E INFORMÁTICA PLAN 2017,3225,ALGEBRA I,20,"buen profesor, clases simples.",Positivo,0.8890,Alegría,0.5616,No detectado,0.0373,0.0103,0.0173
FACULTAD DE INGENIERIA Y ARQUITECTURA,AKHS,IM02,INGENIERÍA CIVIL EN MINAS PLAN 2017,3225,ALGEBRA I,20,buena.,Positivo,0.4375,Alegría,0.8671,No detectado,0.0866,0.0550,0.0752
FACULTAD DE INGENIERIA Y ARQUITECTURA,AKHS,OB07,INGENIERÍA CIVIL EN OBRAS CIVILES PLAN 2017,58001,ESTRATEGIAS DE APRENDIZAJE,90,buena.,Positivo,0.4375,Alegría,0.8671,No detectado,0.0866,0.0550,0.0752
FACULTAD DE INGENIERIA Y ARQUITECTURA,AKHS,IM02,INGENIERÍA CIVIL EN MINAS PLAN 2017,58001,ESTRATEGIAS DE APRENDIZAJE,10,"buena enseñanza, metodos de estrategias para el aprendizaje y en el como mejorar.",Positivo,0.7589,Otro,0.9346,No detectado,0.0159,0.0078,0.0103
FACULTAD DE INGENIERIA Y ARQUITECTURA,AKHS,CO05,INGENIERÍA EN CONSTRUCCIÓN PLAN 2017,3225,ALGEBRA I,20,buena profesor.,Positivo,0.7609,Alegría,0.9414,No detectado,0.0224,0.0198,0.0237
FACULTAD DE INGENIERIA Y ARQUITECTURA,AKHS,CI02,INGENIERÍA CIVIL INDUSTRIAL (PLAN 2015),3231,CALCULO II,21,buena profesor.,Positivo,0.7609,Alegría,0.9414,No detectado,0.0224,0.0198,0.0237
FACULTAD DE INGENIERIA Y ARQUITECTURA,AKHS,CI02,INGENIERÍA CIVIL INDUSTRIAL (PLAN 2015),58001,ESTRATEGIAS DE APRENDIZAJE,90,buena profesor.,Positivo,0.7609,Alegría,0.9414,No detectado,0.0224,0.0198,0.0237
FACULTAD DE INGENIERIA Y ARQUITECTURA,AKHS,IM02,INGENIERÍA CIVIL EN MINAS PLAN 2017,58001,ESTRATEGIAS DE APRENDIZAJE,10,buena profesor.,Positivo,0.7609,Alegría,0.9414,No detectado,0.0224,0.0198,0.0237
FACULTAD DE INGENIERIA Y ARQUITECTURA,AKHS,IM02,INGENIERÍA CIVIL EN MINAS PLAN 2017,58001,ESTRATEGIAS DE APRENDIZAJE,90,buena profesor.,Positivo,0.7609,Alegría,0.9414,No detectado,0.0224,0.0198,0.0237
FACULTAD DE INGENIERIA Y ARQUITECTURA,AKHS,CO05,INGENIERÍA EN CONSTRUCCIÓN PLAN 2017,3225,ALGEBRA I,20,buena profesora.,Positivo,0.8748,Alegría,0.9415,No detectado,0.0699,0.0374,0.0376
FACULTAD DE INGENIERIA Y ARQUITECTURA,AKHS,IM02,INGENIERÍA CIVIL EN MINAS PLAN 2017,58001,ESTRATEGIAS DE APRENDIZAJE,10,buena profesora.,Positivo,0.8748,Alegría,0.9415,No detectado,0.0699,0.0374,0.0376
FACULTAD DE INGENIERIA Y ARQUITECTURA,AKHS,IM02,INGENIERÍA CIVIL EN MINAS PLAN 2017,58001,ESTRATEGIAS DE APRENDIZAJE,10,buena profesora.,Positivo,0.8748,Alegría,0.9415,No detectado,0.0699,0.0374,0.0376
FACULTAD DE INGENIERIA Y ARQUITECTURA,AKHS,IM02,INGENIERÍA CIVIL EN MINAS PLAN 2017,58001,ESTRATEGIAS DE APRENDIZAJE,10,buena profesora.,Positivo,0.8748,Alegría,0.9415,No detectado,0.0699,0.0374,0.0376
FACULTAD DE INGENIERIA Y ARQUITECTURA,AKHS,IM02,INGENIERÍA CIVIL EN MINAS PLAN 2017,58001,ESTRATEGIAS DE APRENDIZAJE,10,buena profesora pero debe mejorar la explicacion de contenidos.,Neutral,0.6691,Otro,0.9907,No detectado,0.1811,0.0560,0.0670
FACULTAD DE INGENIERIA Y ARQUITECTURA,AKHS,IM02,INGENIERÍA CIVIL EN MINAS PLAN 2017,58001,ESTRATEGIAS DE APRENDIZAJE,10,buena profesora pero muy exiguente y poco flexible con los estudiantes.,Negativo,0.9154,Ira,0.6465,Odio,0.7373,0.4876,0.3974
FACULTAD DE INGENIERIA Y ARQUITECTURA,AKHS,IC05,INGENIERÍA CIVIL EN COMPUTACIÓN E INFORMÁTICA PLAN 2017,3225,ALGEBRA I,20,buena profesora y muy método de enseñar.,Positivo,0.9644,Alegría,0.9560,No detectado,0.1556,0.1117,0.0713
FACULTAD DE INGENIERIA Y ARQUITECTURA,AKHS,IM02,INGENIERÍA CIVIL EN MINAS PLAN 2017,58001,ESTRATEGIAS DE APRENDIZAJE,10,"buena profesora, pero debería enviar todos los ppt que se utilizan en clases al aula virtual.",Neutral,0.7974,Otro,0.9960,No detectado,0.2039,0.0707,0.0604
FACULTAD DE INGENIERIA Y ARQUITECTURA,AKHS,IC05,INGENIERÍA CIVIL EN COMPUTACIÓN E INFORMÁTICA PLAN 2017,3230,ALGEBRA II,20,buena profesora.,Positivo,0.8748,Alegría,0.9415,No detectado,0.0699,0.0374,0.0376
FACULTAD DE INGENIERIA Y ARQUITECTURA,AKHS,IM02,INGENIERÍA CIVIL EN MINAS PLAN 2017,58001,ESTRATEGIAS DE APRENDIZAJE,10,buena profesora.,Positivo,0.8748,Alegría,0.9415,No detectado,0.0699,0.0374,0.0376
FACULTAD DE INGENIERIA Y ARQUITECTURA,AKHS,CO05,INGENIERÍA EN CONSTRUCCIÓN PLAN 2017,58001,ESTRATEGIAS DE APRENDIZAJE,90,buena relatora.,Positivo,0.8901,Otro,0.5564,No detectado,0.0736,0.0492,0.0372
FACULTAD DE INGENIERIA Y ARQUITECTURA,AKHS,OB07,INGENIERÍA CIVIL EN OBRAS CIVILES PLAN 2017,58001,ESTRATEGIAS DE APRENDIZAJE,90,buenas clases.,Positivo,0.4770,Otro,0.6154,No detectado,0.0490,0.0126,0.0305
FACULTAD DE INGENIERIA Y ARQUITECTURA,AKHS,IM02,INGENIERÍA CIVIL EN MINAS PLAN 2017,3225,ALGEBRA I,20,bueno.,Neutral,0.4849,Otro,0.8337,No detectado,0.0527,0.0147,0.0360
FACULTAD DE INGENIERIA Y ARQUITECTURA,AKHS,IC05,INGENIERÍA CIVIL EN COMPUTACIÓN E INFORMÁTICA PLAN 2017,3225,ALGEBRA I,20,bueno.,Neutral,0.4849,Otro,0.8337,No detectado,0.0527,0.0147,0.0360
FACULTAD DE INGENIERIA Y ARQUITECTURA,AKHS,OB07,INGENIERÍA CIVIL EN OBRAS CIVILES PLAN 2017,58001,ESTRATEGIAS DE APRENDIZAJE,90,bueno.,Neutral,0.4849,Otro,0.8337,No detectado,0.0527,0.0147,0.0360
FACULTAD DE INGENIERIA Y ARQUITECTURA,AKHS,CO05,INGENIERÍA EN CONSTRUCCIÓN PLAN 2017,58001,ESTRATEGIAS DE APRENDIZAJE,90,clases entretenidas.,Positivo,0.6924,Otro,0.6624,No detectado,0.0659,0.0082,0.0278
FACULTAD DE INGENIERIA Y ARQUITECTURA,AKHS,IC05,INGENIERÍA CIVIL EN COMPUTACIÓN E INFORMÁTICA PLAN 2017,58001,ESTRATEGIAS DE APRENDIZAJE,10,el profesor enseña muy bien ya que al hacer trabajos nos los deja hacer en grupos.,Positivo,0.8164,Otro,0.9953,No detectado,0.0285,0.0049,0.0113
FACULTAD DE INGENIERIA Y ARQUITECTURA,AKHS,OB07,INGENIERÍA CIVIL EN OBRAS CIVILES PLAN 2017,58000,INTRODUCCION A LAS MATEMATICAS,91,"el profesor se expresa bien y tiene buen método de enseñar, lo malo es que al momento de evaluaciónes o pruebas este no responde dudad ni consulta.",Neutral,0.4960,Otro,0.9757,No detectado,0.0188,0.0057,0.0101
FACULTAD DE INGENIERIA Y ARQUITECTURA,AKHS,IM02,INGENIERÍA CIVIL EN MINAS PLAN 2017,58001,ESTRATEGIAS DE APRENDIZAJE,10,enseña de mala ganas.,Negativo,0.8501,Otro,0.5915,No detectado,0.0938,0.0164,0.0433
FACULTAD DE INGENIERIA Y ARQUITECTURA,AKHS,CO05,INGENIERÍA EN CONSTRUCCIÓN PLAN 2017,3230,ALGEBRA II,20,"enseña de manera muy precaria el contenido de curso, además todos los cálculos y resultados de los ejercicios planteados los revisa con symbolab y para eso yo lo puedo revisar desde mi casa de la misma forma.
poco profesorsional, justifico: al momento de querer saber sobre alguna situación a resolver o simplemente querer saber las nota sus respuestas son al otro dí­a, ""ahora no"", ""ya no me acuerdo"" y asi uno puede estar semanas en discusión o esperando respuestas.",Negativo,0.8965,Ira,0.9430,No detectado,0.0600,0.0044,0.0259
FACULTAD DE INGENIERIA Y ARQUITECTURA,AKHS,CO05,INGENIERÍA EN CONSTRUCCIÓN PLAN 2017,58000,INTRODUCCION A LAS MATEMATICAS,91,enseña muy bien la profesora haciendo lo posible para que cualquiera pueda entender.,Positivo,0.7981,Otro,0.9849,No detectado,0.0465,0.0146,0.0159
FACULTAD DE INGENIERIA Y ARQUITECTURA,AKHS,CI02,INGENIERÍA CIVIL INDUSTRIAL (PLAN 2015),3225,ALGEBRA I,20,es buena pero se demora en das las notas.,Neutral,0.5565,Otro,0.9885,Agresivo,0.9223,0.8422,0.6437
FACULTAD DE INGENIERIA Y ARQUITECTURA,AKHS,CI02,INGENIERÍA CIVIL INDUSTRIAL (PLAN 2015),58001,ESTRATEGIAS DE APRENDIZAJE,90,es super buena profesora y con harta paciencia solo mejorar algunos aspectos.,Positivo,0.9635,Otro,0.9408,No detectado,0.1419,0.1242,0.0678
FACULTAD DE INGENIERIA Y ARQUITECTURA,AKHS,OB07,INGENIERÍA CIVIL EN OBRAS CIVILES PLAN 2017,58001,ESTRATEGIAS DE APRENDIZAJE,90,es una buena profesora ya que me ayudó bastante a empezar a organizar el estudio de diferentes ramos.,Positivo,0.9630,Otro,0.5109,No detectado,0.0334,0.0229,0.0148
FACULTAD DE INGENIERIA Y ARQUITECTURA,AKHS,IC05,INGENIERÍA CIVIL EN COMPUTACIÓN E INFORMÁTICA PLAN 2017,3225,ALGEBRA I,20,es una profesora muy comprensiva con los estudiantes y ayuda en todo.,Positivo,0.9628,Otro,0.6929,No detectado,0.2708,0.2169,0.1184
FACULTAD DE INGENIERIA Y ARQUITECTURA,AKHS,IC05,INGENIERÍA CIVIL EN COMPUTACIÓN E INFORMÁTICA PLAN 2017,3230,ALGEBRA II,20,excelente profesora.,Positivo,0.9144,Alegría,0.9657,No detectado,0.0915,0.0614,0.0453
FACULTAD DE INGENIERIA Y ARQUITECTURA,AKHS,IM02,INGENIERÍA CIVIL EN MINAS PLAN 2017,58001,ESTRATEGIAS DE APRENDIZAJE,10,excelente profesora.,Positivo,0.9144,Alegría,0.9657,No detectado,0.0915,0.0614,0.0453
FACULTAD DE INGENIERIA Y ARQUITECTURA,AKHS,IM02,INGENIERÍA CIVIL EN MINAS PLAN 2017,58000,INTRODUCCION A LAS MATEMATICAS,91,excelente profesora.,Positivo,0.9144,Alegría,0.9657,No detectado,0.0915,0.0614,0.0453
FACULTAD DE INGENIERIA Y ARQUITECTURA,AKHS,CI02,INGENIERÍA CIVIL INDUSTRIAL (PLAN 2015),3231,CALCULO II,21,excelente profesora nada que decir.,Positivo,0.9053,Otro,0.6199,No detectado,0.1281,0.0817,0.0594
FACULTAD DE INGENIERIA Y ARQUITECTURA,AKHS,OB07,INGENIERÍA CIVIL EN OBRAS CIVILES PLAN 2017,3225,ALGEBRA I,20,"excelente profesora, presta mucha ayuda a sus alumnos y por eso la encuentro una muy buena profesora.",Positivo,0.9797,Alegría,0.9629,No detectado,0.0512,0.0352,0.0258
FACULTAD DE INGENIERIA Y ARQUITECTURA,AKHS,IM02,INGENIERÍA CIVIL EN MINAS PLAN 2017,58001,ESTRATEGIAS DE APRENDIZAJE,10,exelente profesora.,Positivo,0.9664,Alegría,0.8772,No detectado,0.2131,0.1377,0.1004
FACULTAD DE INGENIERIA Y ARQUITECTURA,AKHS,CO05,INGENIERÍA EN CONSTRUCCIÓN PLAN 2017,58001,ESTRATEGIAS DE APRENDIZAJE,90,explica bastante bien sus clases pero a veces empezaba las clases en minutos más tarde o a veces simplemente no llegaba sin avisar.,Neutral,0.7787,Otro,0.9946,No detectado,0.0237,0.0066,0.0132
FACULTAD DE INGENIERIA Y ARQUITECTURA,AKHS,CO05,INGENIERÍA EN CONSTRUCCIÓN PLAN 2017,58000,INTRODUCCION A LAS MATEMATICAS,91,explicaba de manera clara.,Neutral,0.7302,Otro,0.9937,No detectado,0.0449,0.0179,0.0167
FACULTAD DE INGENIERIA Y ARQUITECTURA,AKHS,CO05,INGENIERÍA EN CONSTRUCCIÓN PLAN 2017,58001,ESTRATEGIAS DE APRENDIZAJE,90,falta disposición al momento de preguntar.,Neutral,0.5175,Otro,0.9900,No detectado,0.0243,0.0116,0.0108
FACULTAD DE INGENIERIA Y ARQUITECTURA,AKHS,IM02,INGENIERÍA CIVIL EN MINAS PLAN 2017,3230,ALGEBRA II,20,gran profesora.,Positivo,0.8845,Alegría,0.7501,No detectado,0.0918,0.0645,0.0472
FACULTAD DE INGENIERIA Y ARQUITECTURA,AKHS,OB07,INGENIERÍA CIVIL EN OBRAS CIVILES PLAN 2017,3230,ALGEBRA II,20,"la docente en las pruebas se basaba en los resultados que arroja la plataforma symbolab, sin hacer los ejercicios ella, además de saltarse muchas definiciones de procesos, llegando solo a los resultados y no al desarrollo. problemas con las notas correspondientes al 15%, debido a que solo hizo un control y promedió el control con la primera nota del 25%.",Negativo,0.8866,Otro,0.8907,No detectado,0.0405,0.0102,0.0204
FACULTAD DE INGENIERIA Y ARQUITECTURA,AKHS,OB07,INGENIERÍA CIVIL EN OBRAS CIVILES PLAN 2017,58001,ESTRATEGIAS DE APRENDIZAJE,90,"la profesor es buena, pero su método de enseñanza era poco eficiente por lo cual aportaba poco para el aprendizaje.",Negativo,0.7893,Otro,0.9781,No detectado,0.0496,0.0240,0.0199
FACULTAD DE INGENIERIA Y ARQUITECTURA,AKHS,IM02,INGENIERÍA CIVIL EN MINAS PLAN 2017,3231,CALCULO II,21,"la profesor es seca, nada malo que decir.",Neutral,0.5048,Otro,0.9183,Agresivo,0.9718,0.8730,0.8236
FACULTAD DE INGENIERIA Y ARQUITECTURA,AKHS,IM02,INGENIERÍA CIVIL EN MINAS PLAN 2017,58001,ESTRATEGIAS DE APRENDIZAJE,10,"la profesora , no es muy apasionada ni le interesa mucho la materia ,hubieron como 2 o 3 clases de ""estrategias de aprendizaje "" aparte de ser indiferente , y al resolver dudas responde de manera pesada.",Negativo,0.9651,Ira,0.6430,No detectado,0.1412,0.0456,0.0616
FACULTAD DE INGENIERIA Y ARQUITECTURA,AKHS,IM02,INGENIERÍA CIVIL EN MINAS PLAN 2017,58001,ESTRATEGIAS DE APRENDIZAJE,10,"la profesora al momento de hacerle alguna pregunta relacionada con alguna evaluacion, no respeta y responde de forma muy pesimista y desagradable.",Negativo,0.9708,Ira,0.9376,No detectado,0.1134,0.0262,0.0468
FACULTAD DE INGENIERIA Y ARQUITECTURA,AKHS,CO05,INGENIERÍA EN CONSTRUCCIÓN PLAN 2017,58001,ESTRATEGIAS DE APRENDIZAJE,90,"la profesora como la encuesta anterior su principal debilidad era llegar tarde, como estudiantes se nos exige puntualidad cuando en este caso la herramienta a utilizar el cual es el profesor no cumple con lo esperado, demostraba interés en estudiantes los cuales no tení­an herramientas suficientes para estudiar simplicando algunos factores de estudio.",Negativo,0.9728,Otro,0.9667,No detectado,0.0563,0.0133,0.0230
FACULTAD DE INGENIERIA Y ARQUITECTURA,AKHS,CO05,INGENIERÍA EN CONSTRUCCIÓN PLAN 2017,58000,INTRODUCCION A LAS MATEMATICAS,91,la profesora explica de manera adecuada el contenido que í­bamos viendo en las clases de ejercicios pero a veces solí­a no llegar o llegar pasada la hora de clase.,Neutral,0.7704,Otro,0.9965,No detectado,0.0260,0.0085,0.0111
FACULTAD DE INGENIERIA Y ARQUITECTURA,AKHS,OB07,INGENIERÍA CIVIL EN OBRAS CIVILES PLAN 2017,58000,INTRODUCCION A LAS MATEMATICAS,91,más o menos bien.,Neutral,0.6395,Otro,0.9630,No detectado,0.0396,0.0164,0.0252
FACULTAD DE INGENIERIA Y ARQUITECTURA,AKHS,IC05,INGENIERÍA CIVIL EN COMPUTACIÓN E INFORMÁTICA PLAN 2017,3225,ALGEBRA I,20,mala.,Negativo,0.6590,Otro,0.4876,Odio,0.5115,0.2269,0.3966
FACULTAD DE INGENIERIA Y ARQUITECTURA,AKHS,CO05,INGENIERÍA EN CONSTRUCCIÓN PLAN 2017,58000,INTRODUCCION A LAS MATEMATICAS,91,"mantiene una relación común de profesor-alumno, sin embargo lo negativo es referente a su hora de llegada ya que por lo general siempre llegaba a clases entre 20 a 30 minutos después, su metodología de enseñar era acorde a la asignatura la cual en contenido no ayuda en nada, la positividad de la profesora era empatizar con las metodologías de estudio en casa para personas que no tení­an las herramientas adecuadas y eso ayudaba mucho a ciertos compañeros.",Negativo,0.8544,Otro,0.9552,No detectado,0.0410,0.0051,0.0174
FACULTAD DE INGENIERIA Y ARQUITECTURA,AKHS,CO05,INGENIERÍA EN CONSTRUCCIÓN PLAN 2017,58000,INTRODUCCION A LAS MATEMATICAS,91,me gusta la manera de explicar de la profesora y todos los trabajos que incorpora para la enseñanza.,Positivo,0.9655,Alegría,0.8069,No detectado,0.0275,0.0184,0.0115
FACULTAD DE INGENIERIA Y ARQUITECTURA,AKHS,CO05,INGENIERÍA EN CONSTRUCCIÓN PLAN 2017,58001,ESTRATEGIAS DE APRENDIZAJE,90,me gustaba mucho las maneras de explicar de la profesora y todo el material que nos daba y las presentaciones.,Positivo,0.9593,Alegría,0.6140,No detectado,0.0285,0.0158,0.0140
FACULTAD DE INGENIERIA Y ARQUITECTURA,AKHS,CO05,INGENIERÍA EN CONSTRUCCIÓN PLAN 2017,58001,ESTRATEGIAS DE APRENDIZAJE,90,me gustaban los tipos de trabajos que teniamos que realizar.,Positivo,0.7733,Otro,0.9503,No detectado,0.0329,0.0085,0.0146
FACULTAD DE INGENIERIA Y ARQUITECTURA,AKHS,OB07,INGENIERÍA CIVIL EN OBRAS CIVILES PLAN 2017,3225,ALGEBRA I,20,muy buena forma de enseñar.,Positivo,0.9689,Alegría,0.6869,No detectado,0.0162,0.0114,0.0113
FACULTAD DE INGENIERIA Y ARQUITECTURA,AKHS,CI02,INGENIERÍA CIVIL INDUSTRIAL (PLAN 2015),3230,ALGEBRA II,20,muy buena profesor.,Positivo,0.9623,Alegría,0.9791,No detectado,0.0153,0.0144,0.0145
FACULTAD DE INGENIERIA Y ARQUITECTURA,AKHS,IM02,INGENIERÍA CIVIL EN MINAS PLAN 2017,58000,INTRODUCCION A LAS MATEMATICAS,91,muy buena profesor.,Positivo,0.9623,Alegría,0.9791,No detectado,0.0153,0.0144,0.0145
FACULTAD DE INGENIERIA Y ARQUITECTURA,AKHS,OB07,INGENIERÍA CIVIL EN OBRAS CIVILES PLAN 2017,58001,ESTRATEGIAS DE APRENDIZAJE,90,muy buena profesor 10/10.,Positivo,0.9688,Alegría,0.9727,No detectado,0.0206,0.0214,0.0201
FACULTAD DE INGENIERIA Y ARQUITECTURA,AKHS,IM02,INGENIERÍA CIVIL EN MINAS PLAN 2017,58001,ESTRATEGIAS DE APRENDIZAJE,10,"muy buena profesor, nada malo que decir.",Positivo,0.9676,Alegría,0.7734,No detectado,0.0131,0.0125,0.0094
FACULTAD DE INGENIERIA Y ARQUITECTURA,AKHS,OB07,INGENIERÍA CIVIL EN OBRAS CIVILES PLAN 2017,58001,ESTRATEGIAS DE APRENDIZAJE,90,"muy buena profesor, sino que a veces llegaba tarde y demoraba en subir el contenido de la clase, sino pautas de evaluacion al aula.",Neutral,0.7023,Otro,0.9880,No detectado,0.0355,0.0108,0.0183
FACULTAD DE INGENIERIA Y ARQUITECTURA,AKHS,CO05,INGENIERÍA EN CONSTRUCCIÓN PLAN 2017,3225,ALGEBRA I,20,muy buena profesora.,Positivo,0.9694,Alegría,0.9790,No detectado,0.0545,0.0317,0.0282
FACULTAD DE INGENIERIA Y ARQUITECTURA,AKHS,IC05,INGENIERÍA CIVIL EN COMPUTACIÓN E INFORMÁTICA PLAN 2017,3225,ALGEBRA I,20,muy buena profesora.,Positivo,0.9694,Alegría,0.9790,No detectado,0.0545,0.0317,0.0282
FACULTAD DE INGENIERIA Y ARQUITECTURA,AKHS,IC05,INGENIERÍA CIVIL EN COMPUTACIÓN E INFORMÁTICA PLAN 2017,3230,ALGEBRA II,20,muy buena profesora.,Positivo,0.9694,Alegría,0.9790,No detectado,0.0545,0.0317,0.0282
FACULTAD DE INGENIERIA Y ARQUITECTURA,AKHS,IM02,INGENIERÍA CIVIL EN MINAS PLAN 2017,58001,ESTRATEGIAS DE APRENDIZAJE,10,muy buena profesora.,Positivo,0.9694,Alegría,0.9790,No detectado,0.0545,0.0317,0.0282
FACULTAD DE INGENIERIA Y ARQUITECTURA,AKHS,CI02,INGENIERÍA CIVIL INDUSTRIAL (PLAN 2015),58000,INTRODUCCION A LAS MATEMATICAS,91,muy buena profesora aunque no tuve la suerte de estar más horas por temas de paro y días libres.,Positivo,0.8400,Otro,0.8516,No detectado,0.0265,0.0122,0.0131
FACULTAD DE INGENIERIA Y ARQUITECTURA,AKHS,IM02,INGENIERÍA CIVIL EN MINAS PLAN 2017,58001,ESTRATEGIAS DE APRENDIZAJE,10,muy buena profesora firme y educa muy bien super buena onda super increíble 100% recomendada.,Positivo,0.9705,Alegría,0.9744,No detectado,0.0356,0.0363,0.0223
FACULTAD DE INGENIERIA Y ARQUITECTURA,AKHS,CO05,INGENIERÍA EN CONSTRUCCIÓN PLAN 2017,58000,INTRODUCCION A LAS MATEMATICAS,91,"muy buena relatora, completa disposición de enseñar a sus alumnos, asegurándose del entendimiento mutuo.",Positivo,0.9628,Alegría,0.8924,No detectado,0.0160,0.0105,0.0093
FACULTAD DE INGENIERIA Y ARQUITECTURA,AKHS,GE02,GEOLOGÍA PLAN 2017,58001,ESTRATEGIAS DE APRENDIZAJE,10,muy bueno.,Positivo,0.8803,Alegría,0.9013,No detectado,0.0337,0.0171,0.0277
FACULTAD DE INGENIERIA Y ARQUITECTURA,AKHS,IC05,INGENIERÍA CIVIL EN COMPUTACIÓN E INFORMÁTICA PLAN 2017,3231,CALCULO II,21,nada.,Neutral,0.4837,Otro,0.8243,No detectado,0.0509,0.0136,0.0305
FACULTAD DE INGENIERIA Y ARQUITECTURA,AKHS,GE02,GEOLOGÍA PLAN 2017,58000,INTRODUCCION A LAS MATEMATICAS,91,nada.,Neutral,0.4837,Otro,0.8243,No detectado,0.0509,0.0136,0.0305
FACULTAD DE INGENIERIA Y ARQUITECTURA,AKHS,IC05,INGENIERÍA CIVIL EN COMPUTACIÓN E INFORMÁTICA PLAN 2017,3231,CALCULO II,21,nada en particular.,Neutral,0.5888,Otro,0.9332,No detectado,0.0458,0.0148,0.0242
FACULTAD DE INGENIERIA Y ARQUITECTURA,AKHS,OB07,INGENIERÍA CIVIL EN OBRAS CIVILES PLAN 2017,58001,ESTRATEGIAS DE APRENDIZAJE,90,nada en particular para agregar.,Neutral,0.7325,Otro,0.9926,No detectado,0.0256,0.0139,0.0142
FACULTAD DE INGENIERIA Y ARQUITECTURA,AKHS,CO05,INGENIERÍA EN CONSTRUCCIÓN PLAN 2017,58001,ESTRATEGIAS DE APRENDIZAJE,90,nada que agregar.,Neutral,0.4990,Otro,0.6519,No detectado,0.0217,0.0132,0.0143
FACULTAD DE INGENIERIA Y ARQUITECTURA,AKHS,IM02,INGENIERÍA CIVIL EN MINAS PLAN 2017,58001,ESTRATEGIAS DE APRENDIZAJE,10,nada que agregar.,Neutral,0.4990,Otro,0.6519,No detectado,0.0217,0.0132,0.0143
FACULTAD DE INGENIERIA Y ARQUITECTURA,AKHS,IM02,INGENIERÍA CIVIL EN MINAS PLAN 2017,58001,ESTRATEGIAS DE APRENDIZAJE,10,nada que agregar.,Neutral,0.4990,Otro,0.6519,No detectado,0.0217,0.0132,0.0143
FACULTAD DE INGENIERIA Y ARQUITECTURA,AKHS,CO05,INGENIERÍA EN CONSTRUCCIÓN PLAN 2017,58000,INTRODUCCION A LAS MATEMATICAS,91,nada que agregar buena profesora.,Positivo,0.7784,Otro,0.8291,No detectado,0.3396,0.2400,0.1279
FACULTAD DE INGENIERIA Y ARQUITECTURA,AKHS,IM02,INGENIERÍA CIVIL EN MINAS PLAN 2017,58001,ESTRATEGIAS DE APRENDIZAJE,10,nada que agregar.,Neutral,0.4990,Otro,0.6519,No detectado,0.0217,0.0132,0.0143
FACULTAD DE INGENIERIA Y ARQUITECTURA,AKHS,OB07,INGENIERÍA CIVIL EN OBRAS CIVILES PLAN 2017,58001,ESTRATEGIAS DE APRENDIZAJE,90,nada que decir.,Neutral,0.5090,Otro,0.8319,No detectado,0.0262,0.0117,0.0171
FACULTAD DE INGENIERIA Y ARQUITECTURA,AKHS,IM02,INGENIERÍA CIVIL EN MINAS PLAN 2017,58001,ESTRATEGIAS DE APRENDIZAJE,10,nada que decir.,Neutral,0.5090,Otro,0.8319,No detectado,0.0262,0.0117,0.0171
FACULTAD DE INGENIERIA Y ARQUITECTURA,AKHS,IM02,INGENIERÍA CIVIL EN MINAS PLAN 2017,58001,ESTRATEGIAS DE APRENDIZAJE,10,"nada que decir, seca la profesor.",Neutral,0.3615,Otro,0.6753,No detectado,0.2005,0.0965,0.0663
FACULTAD DE INGENIERIA Y ARQUITECTURA,AKHS,OB07,INGENIERÍA CIVIL EN OBRAS CIVILES PLAN 2017,58001,ESTRATEGIAS DE APRENDIZAJE,90,ningun comentario.,Neutral,0.5792,Otro,0.9577,No detectado,0.0704,0.0233,0.0396
FACULTAD DE INGENIERIA Y ARQUITECTURA,AKHS,IM02,INGENIERÍA CIVIL EN MINAS PLAN 2017,58001,ESTRATEGIAS DE APRENDIZAJE,10,ninguno.,Neutral,0.5276,Otro,0.8177,No detectado,0.0802,0.0215,0.0500
FACULTAD DE INGENIERIA Y ARQUITECTURA,AKHS,CO05,INGENIERÍA EN CONSTRUCCIÓN PLAN 2017,58000,INTRODUCCION A LAS MATEMATICAS,91,ninguno.,Neutral,0.5276,Otro,0.8177,No detectado,0.0802,0.0215,0.0500
FACULTAD DE INGENIERIA Y ARQUITECTURA,AKHS,CI02,INGENIERÍA CIVIL INDUSTRIAL (PLAN 2015),3231,CALCULO II,21,no.,Neutral,0.4675,Otro,0.5628,No detectado,0.0628,0.0154,0.0316
FACULTAD DE INGENIERIA Y ARQUITECTURA,AKHS,OB07,INGENIERÍA CIVIL EN OBRAS CIVILES PLAN 2017,58001,ESTRATEGIAS DE APRENDIZAJE,90,no agregaria nada.,Neutral,0.5579,Otro,0.9807,No detectado,0.0476,0.0153,0.0267
FACULTAD DE INGENIERIA Y ARQUITECTURA,AKHS,IM02,INGENIERÍA CIVIL EN MINAS PLAN 2017,58001,ESTRATEGIAS DE APRENDIZAJE,10,no enseña bien.,Negativo,0.7861,Otro,0.8396,No detectado,0.0295,0.0151,0.0195
FACULTAD DE INGENIERIA Y ARQUITECTURA,AKHS,GE02,GEOLOGÍA PLAN 2017,3230,ALGEBRA II,20,no enseña mal pero no deja material de estudio aunque se le pida.,Neutral,0.4940,Otro,0.9551,No detectado,0.0158,0.0082,0.0105
FACULTAD DE INGENIERIA Y ARQUITECTURA,AKHS,OB07,INGENIERÍA CIVIL EN OBRAS CIVILES PLAN 2017,58001,ESTRATEGIAS DE APRENDIZAJE,90,no lo tomaría jamas.,Neutral,0.6331,Otro,0.8138,No detectado,0.0243,0.0092,0.0161
FACULTAD DE INGENIERIA Y ARQUITECTURA,AKHS,GE02,GEOLOGÍA PLAN 2017,3225,ALGEBRA I,20,no me gustan sus métodos de enseñansa.,Negativo,0.9275,Otro,0.8153,No detectado,0.0505,0.0062,0.0322
FACULTAD DE INGENIERIA Y ARQUITECTURA,AKHS,OB07,INGENIERÍA CIVIL EN OBRAS CIVILES PLAN 2017,58001,ESTRATEGIAS DE APRENDIZAJE,90,no recomendable.,Negativo,0.5432,Otro,0.9174,No detectado,0.0224,0.0103,0.0200
FACULTAD DE INGENIERIA Y ARQUITECTURA,AKHS,IM02,INGENIERÍA CIVIL EN MINAS PLAN 2017,58001,ESTRATEGIAS DE APRENDIZAJE,10,no recomendada.,Neutral,0.5949,Otro,0.9266,No detectado,0.1283,0.0725,0.0815
FACULTAD DE INGENIERIA Y ARQUITECTURA,AKHS,IM02,INGENIERÍA CIVIL EN MINAS PLAN 2017,58001,ESTRATEGIAS DE APRENDIZAJE,10,"no respeta horarios de clases, problemas con evaluaciones. nada mas que agregar.",Negativo,0.8845,Otro,0.9769,No detectado,0.0364,0.0061,0.0144
FACULTAD DE INGENIERIA Y ARQUITECTURA,AKHS,CO05,INGENIERÍA EN CONSTRUCCIÓN PLAN 2017,58001,ESTRATEGIAS DE APRENDIZAJE,90,no tengo comentarios.,Negativo,0.5232,Otro,0.7242,No detectado,0.0321,0.0071,0.0184
FACULTAD DE INGENIERIA Y ARQUITECTURA,AKHS,CO05,INGENIERÍA EN CONSTRUCCIÓN PLAN 2017,58000,INTRODUCCION A LAS MATEMATICAS,91,no tengo comentarios.,Negativo,0.5232,Otro,0.7242,No detectado,0.0321,0.0071,0.0184
FACULTAD DE INGENIERIA Y ARQUITECTURA,AKHS,IM02,INGENIERÍA CIVIL EN MINAS PLAN 2017,58001,ESTRATEGIAS DE APRENDIZAJE,10,no tengo ningún comentario.,Neutral,0.5273,Otro,0.9924,No detectado,0.0228,0.0095,0.0162
FACULTAD DE INGENIERIA Y ARQUITECTURA,AKHS,OB07,INGENIERÍA CIVIL EN OBRAS CIVILES PLAN 2017,58000,INTRODUCCION A LAS MATEMATICAS,91,no tengon ningun comentario.,Negativo,0.6225,Otro,0.9941,No detectado,0.0244,0.0142,0.0230
FACULTAD DE INGENIERIA Y ARQUITECTURA,AKHS,OB07,INGENIERÍA CIVIL EN OBRAS CIVILES PLAN 2017,58000,INTRODUCCION A LAS MATEMATICAS,91,no tuve con este profesor.,Negativo,0.7713,Otro,0.9834,No detectado,0.0426,0.0176,0.0213
FACULTAD DE INGENIERIA Y ARQUITECTURA,AKHS,GE02,GEOLOGÍA PLAN 2017,3225,ALGEBRA I,20,profesor con poca disposición.,Negativo,0.9140,Otro,0.9243,No detectado,0.0438,0.0102,0.0182
FACULTAD DE INGENIERIA Y ARQUITECTURA,AKHS,IM02,INGENIERÍA CIVIL EN MINAS PLAN 2017,58001,ESTRATEGIAS DE APRENDIZAJE,10,profesora no entrega a tiempo las notas de las evaluaciones y cuando se le pregunta alguna duda respecto a la rubrica de evaluación o indicaciones no las contesta de forma correcta.,Negativo,0.9164,Otro,0.9732,No detectado,0.0511,0.0073,0.0203
FACULTAD DE INGENIERIA Y ARQUITECTURA,AKHS,CO05,INGENIERÍA EN CONSTRUCCIÓN PLAN 2017,58001,ESTRATEGIAS DE APRENDIZAJE,90,profesora que logra entregar los conocimientos adecuados con buenas estrategias.,Positivo,0.9565,Otro,0.5828,No detectado,0.0609,0.0136,0.0196
FACULTAD DE INGENIERIA Y ARQUITECTURA,AKHS,CO05,INGENIERÍA EN CONSTRUCCIÓN PLAN 2017,58000,INTRODUCCION A LAS MATEMATICAS,91,"profesora simpática, que explica muy bien la materia.",Positivo,0.9745,Alegría,0.8201,No detectado,0.3335,0.2140,0.1326
FACULTAD DE INGENIERIA Y ARQUITECTURA,AKHS,OB07,INGENIERÍA CIVIL EN OBRAS CIVILES PLAN 2017,3225,ALGEBRA I,20,que sea un poco más respetuosa.,Neutral,0.6496,Otro,0.7089,Agresivo,0.9506,0.9420,0.8525
FACULTAD DE INGENIERIA Y ARQUITECTURA,AKHS,IM02,INGENIERÍA CIVIL EN MINAS PLAN 2017,58001,ESTRATEGIAS DE APRENDIZAJE,10,que sus clases sean menos monotonas.,Neutral,0.6477,Otro,0.9861,No detectado,0.2895,0.0070,0.0635
FACULTAD DE INGENIERIA Y ARQUITECTURA,AKHS,OB07,INGENIERÍA CIVIL EN OBRAS CIVILES PLAN 2017,58000,INTRODUCCION A LAS MATEMATICAS,91,quisiera más tiempo de clase de ejercicios.,Neutral,0.5627,Otro,0.9721,No detectado,0.0284,0.0115,0.0155
FACULTAD DE INGENIERIA Y ARQUITECTURA,AKHS,IM02,INGENIERÍA CIVIL EN MINAS PLAN 2017,3225,ALGEBRA I,20,responsable y siempre con material de estudio.,Positivo,0.5646,Otro,0.6735,No detectado,0.0374,0.0169,0.0163
FACULTAD DE INGENIERIA Y ARQUITECTURA,AKHS,OB07,INGENIERÍA CIVIL EN OBRAS CIVILES PLAN 2017,58001,ESTRATEGIAS DE APRENDIZAJE,90,siempre con disposición al estudiante.,Positivo,0.6527,Otro,0.6977,No detectado,0.0250,0.0082,0.0109
FACULTAD DE INGENIERIA Y ARQUITECTURA,AKHS,IM02,INGENIERÍA CIVIL EN MINAS PLAN 2017,58001,ESTRATEGIAS DE APRENDIZAJE,10,sin comentarios.,Neutral,0.4468,Otro,0.6370,No detectado,0.0500,0.0090,0.0231
FACULTAD DE INGENIERIA Y ARQUITECTURA,AKHS,IM02,INGENIERÍA CIVIL EN MINAS PLAN 2017,58001,ESTRATEGIAS DE APRENDIZAJE,10,sin comentarios.,Neutral,0.4468,Otro,0.6370,No detectado,0.0500,0.0090,0.0231
FACULTAD DE INGENIERIA Y ARQUITECTURA,AKHS,IC05,INGENIERÍA CIVIL EN COMPUTACIÓN E INFORMÁTICA PLAN 2017,3225,ALGEBRA I,20,sin comentarios que añadir.,Negativo,0.4413,Sorpresa,0.4566,No detectado,0.0156,0.0084,0.0104
FACULTAD DE INGENIERIA Y ARQUITECTURA,AKHS,OB07,INGENIERÍA CIVIL EN OBRAS CIVILES PLAN 2017,58000,INTRODUCCION A LAS MATEMATICAS,91,sin comentarios.,Neutral,0.4468,Otro,0.6370,No detectado,0.0500,0.0090,0.0231
FACULTAD DE INGENIERIA Y ARQUITECTURA,AKHS,IM02,INGENIERÍA CIVIL EN MINAS PLAN 2017,58001,ESTRATEGIAS DE APRENDIZAJE,10,solo que las veces que faltaba no avisaba (en mi caso tenia ventanas de 3 horas parra su clase).,Neutral,0.6358,Otro,0.9900,No detectado,0.0431,0.0120,0.0200
FACULTAD DE INGENIERIA Y ARQUITECTURA,AKHS,IM02,INGENIERÍA CIVIL EN MINAS PLAN 2017,3225,ALGEBRA I,20,"su forma de enseñar deja mucho que desear, te pregunta cosas y si le respondes mal te tendrá mala onda todo el semestre.",Negativo,0.9840,Ira,0.8830,No detectado,0.0304,0.0228,0.0232
FACULTAD DE INGENIERIA Y ARQUITECTURA,AKHS,IM02,INGENIERÍA CIVIL EN MINAS PLAN 2017,58001,ESTRATEGIAS DE APRENDIZAJE,10,sus clases sólo eran ppt y muchas presentaciones.,Negativo,0.5042,Otro,0.9961,No detectado,0.0517,0.0075,0.0240
FACULTAD DE INGENIERIA Y ARQUITECTURA,AKHS,GE02,GEOLOGÍA PLAN 2017,3225,ALGEBRA I,20,"sus clases son muy interactivas, es una buena profesor muy empatica.",Positivo,0.9696,Otro,0.7001,No detectado,0.1761,0.1476,0.0843
FACULTAD DE INGENIERIA Y ARQUITECTURA,AKHS,CO05,INGENIERÍA EN CONSTRUCCIÓN PLAN 2017,58000,INTRODUCCION A LAS MATEMATICAS,91,tener mejor disposición a la hora de explicar y/o corregir.,Neutral,0.5420,Otro,0.9947,No detectado,0.0149,0.0067,0.0080
FACULTAD DE INGENIERIA Y ARQUITECTURA,AKHS,GE02,GEOLOGÍA PLAN 2017,3225,ALGEBRA I,20,todo bien.,Positivo,0.7033,Otro,0.7826,No detectado,0.0408,0.0222,0.0283
FACULTAD DE INGENIERIA Y ARQUITECTURA,MDM,IM02,INGENIERÍA CIVIL EN MINAS PLAN 2017,14704,MECANICA,32,buen profesor.,Positivo,0.8798,Alegría,0.6186,No detectado,0.0201,0.0141,0.0145
FACULTAD DE INGENIERIA Y ARQUITECTURA,MDM,IC05,INGENIERÍA CIVIL EN COMPUTACIÓN E INFORMÁTICA PLAN 2017,14704,MECANICA,32,buen profesor.,Positivo,0.8798,Alegría,0.6186,No detectado,0.0201,0.0141,0.0145
FACULTAD DE INGENIERIA Y ARQUITECTURA,MDM,OB07,INGENIERÍA CIVIL EN OBRAS CIVILES PLAN 2017,3248,"ONDAS, OPTICA Y CALOR",22,buen profesor.,Positivo,0.8798,Alegría,0.6186,No detectado,0.0201,0.0141,0.0145
FACULTAD DE INGENIERIA Y ARQUITECTURA,MDM,CI02,INGENIERÍA CIVIL INDUSTRIAL (PLAN 2015),14703,ELECTRICIDAD Y MAGNETISMO,22,buen profesor pero falta interés por enseñar.,Neutral,0.4688,Otro,0.9673,No detectado,0.0187,0.0122,0.0100
FACULTAD DE INGENIERIA Y ARQUITECTURA,MDM,CO05,INGENIERÍA EN CONSTRUCCIÓN PLAN 2017,14704,MECANICA,32,buen profesor.,Positivo,0.8798,Alegría,0.6186,No detectado,0.0201,0.0141,0.0145
FACULTAD DE INGENIERIA Y ARQUITECTURA,MDM,CI02,INGENIERÍA CIVIL INDUSTRIAL (PLAN 2015),14700,INTRODUCCION A LA FISICA,61,buenos mentodos.,Positivo,0.5396,Otro,0.5481,No detectado,0.1019,0.0243,0.0818
FACULTAD DE INGENIERIA Y ARQUITECTURA,MDM,GE02,GEOLOGÍA PLAN 2017,14704,MECANICA,32,comprometido con el curso y aprendizaje de sus estudiantes.,Positivo,0.8382,Alegría,0.9703,No detectado,0.0137,0.0091,0.0078
FACULTAD DE INGENIERIA Y ARQUITECTURA,MDM,IC05,INGENIERÍA CIVIL EN COMPUTACIÓN E INFORMÁTICA PLAN 2017,14704,MECANICA,32,"el único problema, es que no entendía las resoluciones de los informes.",Negativo,0.7623,Otro,0.9811,No detectado,0.0207,0.0068,0.0135
FACULTAD DE INGENIERIA Y ARQUITECTURA,MDM,IC05,INGENIERÍA CIVIL EN COMPUTACIÓN E INFORMÁTICA PLAN 2017,14704,MECANICA,32,"el profesor enseña bien la materia, pero no das las notas en los tiempos y se equivoca en las calificaciones.",Negativo,0.9443,Otro,0.9216,No detectado,0.0410,0.0072,0.0158
FACULTAD DE INGENIERIA Y ARQUITECTURA,MDM,GE02,GEOLOGÍA PLAN 2017,14703,ELECTRICIDAD Y MAGNETISMO,22,"el profesor es muy respetuoso, desarrolló el curso de forma amena, tuvo muy buena disposición para responder preguntas sobre el curso.",Positivo,0.9622,Otro,0.9552,No detectado,0.0109,0.0081,0.0069
FACULTAD DE INGENIERIA Y ARQUITECTURA,MDM,CI02,INGENIERÍA CIVIL INDUSTRIAL (PLAN 2015),14700,INTRODUCCION A LA FISICA,61,el profesor es relajado para explicar lo que genera armonía en laboratorio.,Positivo,0.8886,Otro,0.9882,No detectado,0.0195,0.0068,0.0072
FACULTAD DE INGENIERIA Y ARQUITECTURA,MDM,CI02,INGENIERÍA CIVIL INDUSTRIAL (PLAN 2015),14700,INTRODUCCION A LA FISICA,61,el profesor hay veces que se le tiene que repetir las cosas que uno le va diciendo.,Negativo,0.7746,Otro,0.9925,No detectado,0.0242,0.0080,0.0113
FACULTAD DE INGENIERIA Y ARQUITECTURA,MDM,IM02,INGENIERÍA CIVIL EN MINAS PLAN 2017,14703,ELECTRICIDAD Y MAGNETISMO,22,"el profesor solo llegaba al laboratorio y se sentaba; la mayorí­a de mi sección iba adelantada y no entendíamos algunos conceptos debido a que en cátedra no lo habiamos aprendido, y al preguntarle al profesor de laboratorio solo nos explica como hacerlo pero no el por qué era de esa forma y cuál era el aprendizaje de las leyes.

nunca supe mi última nota porque jamás las publicó, solo supe de mi promedio final.",Negativo,0.8087,Otro,0.9933,No detectado,0.0696,0.0083,0.0274
FACULTAD DE INGENIERIA Y ARQUITECTURA,MDM,IC05,INGENIERÍA CIVIL EN COMPUTACIÓN E INFORMÁTICA PLAN 2017,14704,MECANICA,32,"el profesor tiene una pésima memoria, tan así, que llega a ser preocupante, a mi parecer, debe de ser observado con cercaní­a su situación, ya que, en una instancia de 20 minutos te puede hacer 3 veces la misma pregunta demostrando total ignorancia de la pregunta. además el profesor no hace clases, no pasa materia, solo se sienta y ve papeles.",Negativo,0.9760,Otro,0.8798,No detectado,0.0302,0.0064,0.0160
FACULTAD DE INGENIERIA Y ARQUITECTURA,MDM,CI02,INGENIERÍA CIVIL INDUSTRIAL (PLAN 2015),14700,INTRODUCCION A LA FISICA,61,"el respectivo profesor, pone en duda su capacidad ya que en repetidas ocasiones se le han olvidado diversas cosas y al explicarse es incoherente.",Negativo,0.9701,Otro,0.8576,No detectado,0.0154,0.0060,0.0090
FACULTAD DE INGENIERIA Y ARQUITECTURA,MDM,IC05,INGENIERÍA CIVIL EN COMPUTACIÓN E INFORMÁTICA PLAN 2017,14704,MECANICA,32,el unico problema con el fue el tiempo de entrega de las notas.,Negativo,0.5204,Otro,0.8868,No detectado,0.0233,0.0120,0.0096
FACULTAD DE INGENIERIA Y ARQUITECTURA,MDM,IC05,INGENIERÍA CIVIL EN COMPUTACIÓN E INFORMÁTICA PLAN 2017,14704,MECANICA,32,"es muy buen profesor, ayuda en toda las clases.",Positivo,0.9667,Otro,0.6174,No detectado,0.0174,0.0113,0.0098
FACULTAD DE INGENIERIA Y ARQUITECTURA,MDM,IC05,INGENIERÍA CIVIL EN COMPUTACIÓN E INFORMÁTICA PLAN 2017,14704,MECANICA,32,falta que enseñe mas lento.,Neutral,0.5632,Otro,0.9680,No detectado,0.0572,0.0184,0.0231
FACULTAD DE INGENIERIA Y ARQUITECTURA,MDM,IM02,INGENIERÍA CIVIL EN MINAS PLAN 2017,14703,ELECTRICIDAD Y MAGNETISMO,22,gran profesor.,Positivo,0.8978,Alegría,0.5446,No detectado,0.0136,0.0122,0.0107
FACULTAD DE INGENIERIA Y ARQUITECTURA,MDM,CI02,INGENIERÍA CIVIL INDUSTRIAL (PLAN 2015),14700,INTRODUCCION A LA FISICA,61,integrar sus conocimientos o ayuda al alumno para realizar dichas actividades.,Neutral,0.7357,Otro,0.9919,No detectado,0.0146,0.0055,0.0082
FACULTAD DE INGENIERIA Y ARQUITECTURA,MDM,IC05,INGENIERÍA CIVIL EN COMPUTACIÓN E INFORMÁTICA PLAN 2017,14704,MECANICA,32,lo unico malo fue que enseñaba su materia con materia que no se conocia bien.,Negativo,0.8643,Otro,0.5920,No detectado,0.0681,0.0314,0.0321
FACULTAD DE INGENIERIA Y ARQUITECTURA,MDM,CI02,INGENIERÍA CIVIL INDUSTRIAL (PLAN 2015),14700,INTRODUCCION A LA FISICA,61,me cae bien.,Positivo,0.9327,Alegría,0.4901,No detectado,0.0539,0.0413,0.0258
FACULTAD DE INGENIERIA Y ARQUITECTURA,MDM,IC05,INGENIERÍA CIVIL EN COMPUTACIÓN E INFORMÁTICA PLAN 2017,14703,ELECTRICIDAD Y MAGNETISMO,22,"mi postura con este profesor es muy indiferente, las clases de laboratorio que realiza no son muy interesantes, no resuelve mucho las dudas que uno le hace tampoco.",Negativo,0.9705,Otro,0.9574,No detectado,0.0211,0.0048,0.0103
FACULTAD DE INGENIERIA Y ARQUITECTURA,MDM,CO05,INGENIERÍA EN CONSTRUCCIÓN PLAN 2017,14704,MECANICA,32,muy buen profesor.,Positivo,0.9677,Alegría,0.9051,No detectado,0.0123,0.0104,0.0094
FACULTAD DE INGENIERIA Y ARQUITECTURA,MDM,CI02,INGENIERÍA CIVIL INDUSTRIAL (PLAN 2015),14700,INTRODUCCION A LA FISICA,61,no demuestra participación activa en el aula de clases.,Negativo,0.6934,Otro,0.9960,No detectado,0.0309,0.0087,0.0112
FACULTAD DE INGENIERIA Y ARQUITECTURA,MDM,IC05,INGENIERÍA CIVIL EN COMPUTACIÓN E INFORMÁTICA PLAN 2017,14704,MECANICA,32,"no es mal profesor pero creo que debido a su edad es muy olvidadizo, aveces olvidando dar las calificaciones o que ha revisado un trabajo.",Negativo,0.8805,Otro,0.9516,No detectado,0.0149,0.0073,0.0081
FACULTAD DE INGENIERIA Y ARQUITECTURA,MDM,CI02,INGENIERÍA CIVIL INDUSTRIAL (PLAN 2015),14703,ELECTRICIDAD Y MAGNETISMO,22,"no es profesor, no tiene vocación, no debería estar enseñando , pase mecánica con el sin aprender nada de el y lo mismo en este ramo.",Negativo,0.9762,Otro,0.9336,No detectado,0.0510,0.0077,0.0195
FACULTAD DE INGENIERIA Y ARQUITECTURA,MDM,CI02,INGENIERÍA CIVIL INDUSTRIAL (PLAN 2015),14700,INTRODUCCION A LA FISICA,61,"profesor al comienzo de la asignatura no tenia claros los conocimientos base de los estudiantes, cero flexibilidad en los tiempos de los controles, todo esto puede ser comprobado con las notas de estos.",Negativo,0.9596,Otro,0.9411,No detectado,0.0676,0.0043,0.0219
FACULTAD DE INGENIERIA Y ARQUITECTURA,MDM,CI02,INGENIERÍA CIVIL INDUSTRIAL (PLAN 2015),14700,INTRODUCCION A LA FISICA,61,profesor bastante responsable.,Negativo,0.5463,Otro,0.9030,No detectado,0.0195,0.0154,0.0142
FACULTAD DE INGENIERIA Y ARQUITECTURA,MDM,CI02,INGENIERÍA CIVIL INDUSTRIAL (PLAN 2015),14700,INTRODUCCION A LA FISICA,61,"profesor bastante tranquilo, siempre respondio de buena manera mis dudas. asistencia a todas las clases siempre con el horario establecido.",Positivo,0.7677,Otro,0.9843,No detectado,0.0239,0.0070,0.0116
FACULTAD DE INGENIERIA Y ARQUITECTURA,MDM,CO05,INGENIERÍA EN CONSTRUCCIÓN PLAN 2017,14704,MECANICA,32,"profesor repetitibamente pedia los trabajos que ya habian sido entregados , tiene una especie de perdida de memoria.",Negativo,0.8207,Otro,0.8556,No detectado,0.0344,0.0081,0.0155
FACULTAD DE INGENIERIA Y ARQUITECTURA,MDM,IC05,INGENIERÍA CIVIL EN COMPUTACIÓN E INFORMÁTICA PLAN 2017,14703,ELECTRICIDAD Y MAGNETISMO,22,que se jubile.,Neutral,0.5743,Otro,0.8896,No detectado,0.0380,0.0192,0.0224
FACULTAD DE INGENIERIA Y ARQUITECTURA,MDM,CI02,INGENIERÍA CIVIL INDUSTRIAL (PLAN 2015),14700,INTRODUCCION A LA FISICA,61,"respeta todos los tiempos y horarios de clases, dispuesto a siempre ayudar y resolver dudas, y eso como estudiante se agradece.",Positivo,0.8248,Otro,0.8982,No detectado,0.0119,0.0074,0.0077
FACULTAD DE INGENIERIA Y ARQUITECTURA,MDM,IC05,INGENIERÍA CIVIL EN COMPUTACIÓN E INFORMÁTICA PLAN 2017,14703,ELECTRICIDAD Y MAGNETISMO,22,se le olvidan las cosas a ese profesor.,Negativo,0.8816,Otro,0.9708,No detectado,0.0992,0.0506,0.0424
FACULTAD DE INGENIERIA Y ARQUITECTURA,MDM,CO05,INGENIERÍA EN CONSTRUCCIÓN PLAN 2017,3248,"ONDAS, OPTICA Y CALOR",22,super bien.,Positivo,0.7647,Alegría,0.7779,No detectado,0.0558,0.0245,0.0434
FACULTAD DE INGENIERIA Y ARQUITECTURA,MDM,CI02,INGENIERÍA CIVIL INDUSTRIAL (PLAN 2015),14700,INTRODUCCION A LA FISICA,61,super buen profesor.,Positivo,0.9602,Alegría,0.7693,No detectado,0.0147,0.0108,0.0099
FACULTAD DE INGENIERIA Y ARQUITECTURA,MDM,GE02,GEOLOGÍA PLAN 2017,14703,ELECTRICIDAD Y MAGNETISMO,22,todo bien.,Positivo,0.7033,Otro,0.7826,No detectado,0.0408,0.0222,0.0283
FACULTAD DE INGENIERIA Y ARQUITECTURA,JEBC,CI02,INGENIERÍA CIVIL INDUSTRIAL (PLAN 2015),58020,GESTION DE LA CADENA DE ABASTECIMIENTO,11,buen docente.,Positivo,0.8689,Alegría,0.8098,No detectado,0.0230,0.0187,0.0216
FACULTAD DE INGENIERIA Y ARQUITECTURA,JEBC,CI02,INGENIERÍA CIVIL INDUSTRIAL (PLAN 2015),58020,GESTION DE LA CADENA DE ABASTECIMIENTO,10,buen docente.,Positivo,0.8689,Alegría,0.8098,No detectado,0.0230,0.0187,0.0216
FACULTAD DE INGENIERIA Y ARQUITECTURA,JEBC,CI02,INGENIERÍA CIVIL INDUSTRIAL (PLAN 2015),58020,GESTION DE LA CADENA DE ABASTECIMIENTO,10,"buen profesor, aunque si su poca asistencia y uso de plataforma virtual si a veces puede retrasar el aprendizaje.",Negativo,0.8015,Otro,0.9907,No detectado,0.0197,0.0079,0.0125
FACULTAD DE INGENIERIA Y ARQUITECTURA,JEBC,CI02,INGENIERÍA CIVIL INDUSTRIAL (PLAN 2015),58020,GESTION DE LA CADENA DE ABASTECIMIENTO,11,es muy buen profesor.,Positivo,0.9688,Otro,0.9128,No detectado,0.0128,0.0108,0.0085
FACULTAD DE INGENIERIA Y ARQUITECTURA,JEBC,CI02,INGENIERÍA CIVIL INDUSTRIAL (PLAN 2015),58020,GESTION DE LA CADENA DE ABASTECIMIENTO,10,es un muy buen profesor.,Positivo,0.9751,Otro,0.9485,No detectado,0.0125,0.0107,0.0082
FACULTAD DE INGENIERIA Y ARQUITECTURA,JEBC,CI02,INGENIERÍA CIVIL INDUSTRIAL (PLAN 2015),58020,GESTION DE LA CADENA DE ABASTECIMIENTO,11,excelente profesor.,Positivo,0.9060,Alegría,0.9409,No detectado,0.0124,0.0121,0.0102
FACULTAD DE INGENIERIA Y ARQUITECTURA,JEBC,CI02,INGENIERÍA CIVIL INDUSTRIAL (PLAN 2015),58020,GESTION DE LA CADENA DE ABASTECIMIENTO,11,excelente profesor.,Positivo,0.9060,Alegría,0.9409,No detectado,0.0124,0.0121,0.0102
FACULTAD DE INGENIERIA Y ARQUITECTURA,JEBC,CI02,INGENIERÍA CIVIL INDUSTRIAL (PLAN 2015),58020,GESTION DE LA CADENA DE ABASTECIMIENTO,10,"excelente profesor, con fran conocimiento, pasión al enseñar, paciencia y sobre todo vocación, espero que continúe haciendo clases en la universidad ya que se ven pocos profesores tan buenos como el.",Positivo,0.9714,Alegría,0.9935,No detectado,0.0106,0.0064,0.0069
FACULTAD DE INGENIERIA Y ARQUITECTURA,JEBC,CI02,INGENIERÍA CIVIL INDUSTRIAL (PLAN 2015),58020,GESTION DE LA CADENA DE ABASTECIMIENTO,10,"excelente profesor, hubiese agradecido tenerlo el semestre completo la verdad, pero eso no es culpa del profesor, no lo cambio por nada.",Positivo,0.9532,Alegría,0.6024,No detectado,0.0157,0.0080,0.0090
FACULTAD DE INGENIERIA Y ARQUITECTURA,JEBC,CI02,INGENIERÍA CIVIL INDUSTRIAL (PLAN 2015),58020,GESTION DE LA CADENA DE ABASTECIMIENTO,11,"excelente profesor, una lastima que haya dejado de ser profesor de planta.",Negativo,0.7418,Alegría,0.5487,No detectado,0.0163,0.0103,0.0091
FACULTAD DE INGENIERIA Y ARQUITECTURA,JEBC,CI02,INGENIERÍA CIVIL INDUSTRIAL (PLAN 2015),58020,GESTION DE LA CADENA DE ABASTECIMIENTO,10,"excelente profesor, una lastima que se haya ido como profesor planta.",Negativo,0.9030,Tristeza,0.7942,No detectado,0.0192,0.0139,0.0110
FACULTAD DE INGENIERIA Y ARQUITECTURA,JEBC,CI02,INGENIERÍA CIVIL INDUSTRIAL (PLAN 2015),58020,GESTION DE LA CADENA DE ABASTECIMIENTO,11,gran profesor.,Positivo,0.8978,Alegría,0.5446,No detectado,0.0136,0.0122,0.0107
FACULTAD DE INGENIERIA Y ARQUITECTURA,JEBC,CI02,INGENIERÍA CIVIL INDUSTRIAL (PLAN 2015),58020,GESTION DE LA CADENA DE ABASTECIMIENTO,10,gran profesor.,Positivo,0.8978,Alegría,0.5446,No detectado,0.0136,0.0122,0.0107
FACULTAD DE INGENIERIA Y ARQUITECTURA,JEBC,CI02,INGENIERÍA CIVIL INDUSTRIAL (PLAN 2015),58020,GESTION DE LA CADENA DE ABASTECIMIENTO,11,muy buen profesor.,Positivo,0.9677,Alegría,0.9051,No detectado,0.0123,0.0104,0.0094
FACULTAD DE INGENIERIA Y ARQUITECTURA,JEBC,CI02,INGENIERÍA CIVIL INDUSTRIAL (PLAN 2015),58020,GESTION DE LA CADENA DE ABASTECIMIENTO,10,muy buen profesor.,Positivo,0.9677,Alegría,0.9051,No detectado,0.0123,0.0104,0.0094
FACULTAD DE INGENIERIA Y ARQUITECTURA,JEBC,CI02,INGENIERÍA CIVIL INDUSTRIAL (PLAN 2015),58020,GESTION DE LA CADENA DE ABASTECIMIENTO,10,muy buen profesor.,Positivo,0.9677,Alegría,0.9051,No detectado,0.0123,0.0104,0.0094
FACULTAD DE INGENIERIA Y ARQUITECTURA,JEBC,CI02,INGENIERÍA CIVIL INDUSTRIAL (PLAN 2015),58020,GESTION DE LA CADENA DE ABASTECIMIENTO,11,ningun comentario.,Neutral,0.5792,Otro,0.9577,No detectado,0.0704,0.0233,0.0396
FACULTAD DE INGENIERIA Y ARQUITECTURA,JEBC,CI02,INGENIERÍA CIVIL INDUSTRIAL (PLAN 2015),58020,GESTION DE LA CADENA DE ABASTECIMIENTO,10,ningun comentario.,Neutral,0.5792,Otro,0.9577,No detectado,0.0704,0.0233,0.0396
FACULTAD DE INGENIERIA Y ARQUITECTURA,JEBC,CI02,INGENIERÍA CIVIL INDUSTRIAL (PLAN 2015),58020,GESTION DE LA CADENA DE ABASTECIMIENTO,11,ninguna.,Neutral,0.4918,Otro,0.5067,No detectado,0.1189,0.0590,0.0686
FACULTAD DE INGENIERIA Y ARQUITECTURA,JEBC,CI02,INGENIERÍA CIVIL INDUSTRIAL (PLAN 2015),58020,GESTION DE LA CADENA DE ABASTECIMIENTO,10,ninguna.,Neutral,0.4918,Otro,0.5067,No detectado,0.1189,0.0590,0.0686
FACULTAD DE INGENIERIA Y ARQUITECTURA,JEBC,CI02,INGENIERÍA CIVIL INDUSTRIAL (PLAN 2015),58020,GESTION DE LA CADENA DE ABASTECIMIENTO,10,ramo desatendido y no los contenidos presentados no eran acordes a los que se plantean en el syllabus.,Negativo,0.7783,Otro,0.9916,No detectado,0.0234,0.0043,0.0123
FACULTAD DE INGENIERIA Y ARQUITECTURA,JEBC,CI02,INGENIERÍA CIVIL INDUSTRIAL (PLAN 2015),58020,GESTION DE LA CADENA DE ABASTECIMIENTO,11,sencillamente un crack.,Positivo,0.8832,Alegría,0.9815,No detectado,0.0101,0.0087,0.0087
FACULTAD DE INGENIERIA Y ARQUITECTURA,JEBC,CI02,INGENIERÍA CIVIL INDUSTRIAL (PLAN 2015),58020,GESTION DE LA CADENA DE ABASTECIMIENTO,11,sin comentario.,Neutral,0.5580,Otro,0.9483,No detectado,0.0810,0.0212,0.0381
FACULTAD DE INGENIERIA Y ARQUITECTURA,JEBC,CI02,INGENIERÍA CIVIL INDUSTRIAL (PLAN 2015),58020,GESTION DE LA CADENA DE ABASTECIMIENTO,10,sin comentarios.,Neutral,0.4468,Otro,0.6370,No detectado,0.0500,0.0090,0.0231
FACULTAD DE INGENIERIA Y ARQUITECTURA,JEBC,CI02,INGENIERÍA CIVIL INDUSTRIAL (PLAN 2015),58020,GESTION DE LA CADENA DE ABASTECIMIENTO,10,uno de los mejores profesores que tuvo la universidad.,Positivo,0.9364,Alegría,0.9527,No detectado,0.0122,0.0092,0.0079
FACULTAD DE INGENIERIA Y ARQUITECTURA,GAU,CI02,INGENIERÍA CIVIL INDUSTRIAL (PLAN 2015),58022,LEGISLACION COMERCIAL Y LABORAL,10,buen profesor.,Positivo,0.8798,Alegría,0.6186,No detectado,0.0201,0.0141,0.0145
FACULTAD DE INGENIERIA Y ARQUITECTURA,GAU,CI02,INGENIERÍA CIVIL INDUSTRIAL (PLAN 2015),58022,LEGISLACION COMERCIAL Y LABORAL,10,buen profesor.,Positivo,0.8798,Alegría,0.6186,No detectado,0.0201,0.0141,0.0145
FACULTAD DE INGENIERIA Y ARQUITECTURA,GAU,CI02,INGENIERÍA CIVIL INDUSTRIAL (PLAN 2015),58022,LEGISLACION COMERCIAL Y LABORAL,10,"excelente profesor, demuestra conocimiento para los posibles casos que puedan pasar en las labores de trabajo, incluso con ejemplos para que se entienda el contexto de la clase.",Positivo,0.7347,Otro,0.9897,No detectado,0.0163,0.0055,0.0080
FACULTAD DE INGENIERIA Y ARQUITECTURA,GAU,CI02,INGENIERÍA CIVIL INDUSTRIAL (PLAN 2015),58022,LEGISLACION COMERCIAL Y LABORAL,10,hubieron problemas finales con el tema de las evaluaciones por una descoordinación de fechas.,Negativo,0.7606,Otro,0.9665,No detectado,0.0209,0.0049,0.0086
FACULTAD DE INGENIERIA Y ARQUITECTURA,GAU,CI02,INGENIERÍA CIVIL INDUSTRIAL (PLAN 2015),58022,LEGISLACION COMERCIAL Y LABORAL,10,muy agradable la clase y aprendizaje que transmite el profesor.,Positivo,0.9813,Alegría,0.9872,No detectado,0.0102,0.0077,0.0072
FACULTAD DE INGENIERIA Y ARQUITECTURA,GAU,CI02,INGENIERÍA CIVIL INDUSTRIAL (PLAN 2015),58022,LEGISLACION COMERCIAL Y LABORAL,10,no tuvimos tanto tiempo como para conocer bien al profesor pero es un buen profesor.,Positivo,0.9425,Otro,0.9883,No detectado,0.0139,0.0075,0.0086
FACULTAD DE INGENIERIA Y ARQUITECTURA,CFOV,GE02,GEOLOGÍA PLAN 2017,14700,INTRODUCCION A LA FISICA,50,sin comentarios.,Neutral,0.4468,Otro,0.6370,No detectado,0.0500,0.0090,0.0231
FACULTAD DE INGENIERIA Y ARQUITECTURA,CFOV,GE02,GEOLOGÍA PLAN 2017,14700,INTRODUCCION A LA FISICA,23,sin comentarios.,Neutral,0.4468,Otro,0.6370,No detectado,0.0500,0.0090,0.0231
FACULTAD DE INGENIERIA Y ARQUITECTURA,CFOV,GE02,GEOLOGÍA PLAN 2017,14703,ELECTRICIDAD Y MAGNETISMO,11,"agregar más información al aula virtual, ya que es la única plataforma de comunicación del estudiante con el profesor.",Neutral,0.7772,Otro,0.9968,No detectado,0.0214,0.0062,0.0080
FACULTAD DE INGENIERIA Y ARQUITECTURA,CFOV,CI02,INGENIERÍA CIVIL INDUSTRIAL (PLAN 2015),14700,INTRODUCCION A LA FISICA,50,bien.,Positivo,0.7325,Alegría,0.8209,No detectado,0.0506,0.0188,0.0390
FACULTAD DE INGENIERIA Y ARQUITECTURA,CFOV,GE02,GEOLOGÍA PLAN 2017,14700,INTRODUCCION A LA FISICA,42,bien.,Positivo,0.7325,Alegría,0.8209,No detectado,0.0506,0.0188,0.0390
FACULTAD DE INGENIERIA Y ARQUITECTURA,CFOV,OB07,INGENIERÍA CIVIL EN OBRAS CIVILES PLAN 2017,14700,INTRODUCCION A LA FISICA,50,bkn.,Neutral,0.4830,Otro,0.5632,No detectado,0.0383,0.0181,0.0300
FACULTAD DE INGENIERIA Y ARQUITECTURA,CFOV,IM02,INGENIERÍA CIVIL EN MINAS PLAN 2017,14700,INTRODUCCION A LA FISICA,50,buen docente.,Positivo,0.8689,Alegría,0.8098,No detectado,0.0230,0.0187,0.0216
FACULTAD DE INGENIERIA Y ARQUITECTURA,CFOV,CO05,INGENIERÍA EN CONSTRUCCIÓN PLAN 2017,14700,INTRODUCCION A LA FISICA,51,buen profesor.,Positivo,0.8798,Alegría,0.6186,No detectado,0.0201,0.0141,0.0145
FACULTAD DE INGENIERIA Y ARQUITECTURA,CFOV,IC05,INGENIERÍA CIVIL EN COMPUTACIÓN E INFORMÁTICA PLAN 2017,14700,INTRODUCCION A LA FISICA,100,buen profesor.,Positivo,0.8798,Alegría,0.6186,No detectado,0.0201,0.0141,0.0145
FACULTAD DE INGENIERIA Y ARQUITECTURA,CFOV,GE02,GEOLOGÍA PLAN 2017,14700,INTRODUCCION A LA FISICA,42,buen profesor.,Positivo,0.8798,Alegría,0.6186,No detectado,0.0201,0.0141,0.0145
FACULTAD DE INGENIERIA Y ARQUITECTURA,CFOV,OB07,INGENIERÍA CIVIL EN OBRAS CIVILES PLAN 2017,14703,ELECTRICIDAD Y MAGNETISMO,11,buen profesor.,Positivo,0.8798,Alegría,0.6186,No detectado,0.0201,0.0141,0.0145
FACULTAD DE INGENIERIA Y ARQUITECTURA,CFOV,IM02,INGENIERÍA CIVIL EN MINAS PLAN 2017,14703,ELECTRICIDAD Y MAGNETISMO,11,buen profesor.,Positivo,0.8798,Alegría,0.6186,No detectado,0.0201,0.0141,0.0145
FACULTAD DE INGENIERIA Y ARQUITECTURA,CFOV,CI02,INGENIERÍA CIVIL INDUSTRIAL (PLAN 2015),14700,INTRODUCCION A LA FISICA,52,buen profesor.,Positivo,0.8798,Alegría,0.6186,No detectado,0.0201,0.0141,0.0145
FACULTAD DE INGENIERIA Y ARQUITECTURA,CFOV,OB07,INGENIERÍA CIVIL EN OBRAS CIVILES PLAN 2017,14700,INTRODUCCION A LA FISICA,50,buen profesor.,Positivo,0.8798,Alegría,0.6186,No detectado,0.0201,0.0141,0.0145
FACULTAD DE INGENIERIA Y ARQUITECTURA,CFOV,IM02,INGENIERÍA CIVIL EN MINAS PLAN 2017,14700,INTRODUCCION A LA FISICA,23,buen profesor.,Positivo,0.8798,Alegría,0.6186,No detectado,0.0201,0.0141,0.0145
FACULTAD DE INGENIERIA Y ARQUITECTURA,CFOV,IM02,INGENIERÍA CIVIL EN MINAS PLAN 2017,14700,INTRODUCCION A LA FISICA,91,buen profesor.,Positivo,0.8798,Alegría,0.6186,No detectado,0.0201,0.0141,0.0145
FACULTAD DE INGENIERIA Y ARQUITECTURA,CFOV,IM02,INGENIERÍA CIVIL EN MINAS PLAN 2017,14700,INTRODUCCION A LA FISICA,50,buen profesor.,Positivo,0.8798,Alegría,0.6186,No detectado,0.0201,0.0141,0.0145
FACULTAD DE INGENIERIA Y ARQUITECTURA,CFOV,IM02,INGENIERÍA CIVIL EN MINAS PLAN 2017,14700,INTRODUCCION A LA FISICA,50,buen profesor.,Positivo,0.8798,Alegría,0.6186,No detectado,0.0201,0.0141,0.0145
FACULTAD DE INGENIERIA Y ARQUITECTURA,CFOV,IC05,INGENIERÍA CIVIL EN COMPUTACIÓN E INFORMÁTICA PLAN 2017,14700,INTRODUCCION A LA FISICA,100,buen profesor.,Positivo,0.8798,Alegría,0.6186,No detectado,0.0201,0.0141,0.0145
FACULTAD DE INGENIERIA Y ARQUITECTURA,CFOV,GE02,GEOLOGÍA PLAN 2017,14700,INTRODUCCION A LA FISICA,42,buen profesor.,Positivo,0.8798,Alegría,0.6186,No detectado,0.0201,0.0141,0.0145
FACULTAD DE INGENIERIA Y ARQUITECTURA,CFOV,IM02,INGENIERÍA CIVIL EN MINAS PLAN 2017,14700,INTRODUCCION A LA FISICA,50,buen profesor con una voz baja.,Positivo,0.7411,Otro,0.9916,No detectado,0.0311,0.0179,0.0136
FACULTAD DE INGENIERIA Y ARQUITECTURA,CFOV,IM02,INGENIERÍA CIVIL EN MINAS PLAN 2017,14700,INTRODUCCION A LA FISICA,23,"buen profesor de laboratorio, solo que no entrega las calificaciones a tiempo.",Negativo,0.7179,Otro,0.9901,No detectado,0.0291,0.0132,0.0126
FACULTAD DE INGENIERIA Y ARQUITECTURA,CFOV,IM02,INGENIERÍA CIVIL EN MINAS PLAN 2017,14700,INTRODUCCION A LA FISICA,91,"buen profesor en laboratorio, en teorí­a no lo sé.",Neutral,0.8691,Otro,0.9918,No detectado,0.0252,0.0097,0.0129
FACULTAD DE INGENIERIA Y ARQUITECTURA,CFOV,IM02,INGENIERÍA CIVIL EN MINAS PLAN 2017,14700,INTRODUCCION A LA FISICA,50,buen profesor muy agradable y comprensivo.,Positivo,0.9750,Alegría,0.8442,No detectado,0.0134,0.0131,0.0103
FACULTAD DE INGENIERIA Y ARQUITECTURA,CFOV,GE02,GEOLOGÍA PLAN 2017,14700,INTRODUCCION A LA FISICA,42,buen profesor pero no da las notas.,Negativo,0.8494,Otro,0.9584,No detectado,0.0378,0.0182,0.0178
FACULTAD DE INGENIERIA Y ARQUITECTURA,CFOV,IM02,INGENIERÍA CIVIL EN MINAS PLAN 2017,14700,INTRODUCCION A LA FISICA,50,"buen profesor, a pesar de su edad y no ser tomado tanto en cuenta por su simpatí­a, siempre fue atento, siempre se acercó a preguntar si entendíamos, explicaba mil veces, una persona paciente, la recomiendo.",Positivo,0.9598,Alegría,0.7890,No detectado,0.0100,0.0078,0.0071
FACULTAD DE INGENIERIA Y ARQUITECTURA,CFOV,IM02,INGENIERÍA CIVIL EN MINAS PLAN 2017,14700,INTRODUCCION A LA FISICA,50,"buen profesor, pero se enreda mucho explicando sus propios ejercicios enredando a todos, luego de decirle las dudas siempre intenta hacernos entender.",Neutral,0.6131,Otro,0.9914,No detectado,0.0257,0.0064,0.0125
FACULTAD DE INGENIERIA Y ARQUITECTURA,CFOV,GE02,GEOLOGÍA PLAN 2017,14700,INTRODUCCION A LA FISICA,42,"buen profesor, solo falta mas explicación de la materia.",Positivo,0.9110,Otro,0.9915,No detectado,0.0209,0.0095,0.0092
FACULTAD DE INGENIERIA Y ARQUITECTURA,CFOV,IM02,INGENIERÍA CIVIL EN MINAS PLAN 2017,14700,INTRODUCCION A LA FISICA,50,"buen profesor,solo que es muy ligth y aveces eso hace que no lo tome en serio.",Negativo,0.8296,Otro,0.9867,No detectado,0.0374,0.0225,0.0187
FACULTAD DE INGENIERIA Y ARQUITECTURA,CFOV,IC05,INGENIERÍA CIVIL EN COMPUTACIÓN E INFORMÁTICA PLAN 2017,14700,INTRODUCCION A LA FISICA,100,buen profesor.,Positivo,0.8798,Alegría,0.6186,No detectado,0.0201,0.0141,0.0145
FACULTAD DE INGENIERIA Y ARQUITECTURA,CFOV,CI02,INGENIERÍA CIVIL INDUSTRIAL (PLAN 2015),14700,INTRODUCCION A LA FISICA,52,buen trabajo.,Positivo,0.9062,Alegría,0.9625,No detectado,0.0175,0.0116,0.0176
FACULTAD DE INGENIERIA Y ARQUITECTURA,CFOV,IC05,INGENIERÍA CIVIL EN COMPUTACIÓN E INFORMÁTICA PLAN 2017,14700,INTRODUCCION A LA FISICA,100,buena profesora.,Positivo,0.8748,Alegría,0.9415,No detectado,0.0699,0.0374,0.0376
FACULTAD DE INGENIERIA Y ARQUITECTURA,CFOV,CO05,INGENIERÍA EN CONSTRUCCIÓN PLAN 2017,14700,INTRODUCCION A LA FISICA,51,buenas clases.,Positivo,0.4770,Otro,0.6154,No detectado,0.0490,0.0126,0.0305
FACULTAD DE INGENIERIA Y ARQUITECTURA,CFOV,IC05,INGENIERÍA CIVIL EN COMPUTACIÓN E INFORMÁTICA PLAN 2017,14703,ELECTRICIDAD Y MAGNETISMO,11,bueno.,Neutral,0.4849,Otro,0.8337,No detectado,0.0527,0.0147,0.0360
FACULTAD DE INGENIERIA Y ARQUITECTURA,CFOV,OB07,INGENIERÍA CIVIL EN OBRAS CIVILES PLAN 2017,14700,INTRODUCCION A LA FISICA,50,buenprofesor.,Positivo,0.6974,Alegría,0.6777,No detectado,0.0225,0.0132,0.0155
FACULTAD DE INGENIERIA Y ARQUITECTURA,CFOV,IC05,INGENIERÍA CIVIL EN COMPUTACIÓN E INFORMÁTICA PLAN 2017,14700,INTRODUCCION A LA FISICA,100,clases muy didácticas y participativas pero le falta q se entiendan más.,Positivo,0.7879,Otro,0.9826,No detectado,0.0424,0.0043,0.0164
FACULTAD DE INGENIERIA Y ARQUITECTURA,CFOV,GE02,GEOLOGÍA PLAN 2017,14700,INTRODUCCION A LA FISICA,42,"con el profesor tuvimos muchas actividades entretenidas en el desarrollo de los laboratorios de física, aún así a lo largo de los laboratorios habí­an varios malentendidos, la información no se entendía del todo, las notas, aún así es un gran profesor que sabe mucho y entrega muy bien sus conocimientos.",Positivo,0.8940,Otro,0.9898,No detectado,0.0134,0.0046,0.0079
FACULTAD DE INGENIERIA Y ARQUITECTURA,CFOV,IC05,INGENIERÍA CIVIL EN COMPUTACIÓN E INFORMÁTICA PLAN 2017,14700,INTRODUCCION A LA FISICA,100,"con este profesor no he entendido mucho la metaria, me cuesta entender de acuerdo a su metodo de enseñar, siento que no explica mucho la materia y solo pasa a hacer ejercicios.",Negativo,0.9735,Otro,0.7326,No detectado,0.0423,0.0119,0.0219
FACULTAD DE INGENIERIA Y ARQUITECTURA,CFOV,GE02,GEOLOGÍA PLAN 2017,14700,INTRODUCCION A LA FISICA,42,"creo que personalmente me cuesta seguir los laboratorios del profesor de primera, me refiero que necesito una segunda explicacion generalmente del profesor para poder entender el desarrollo de alguna actividad.",Negativo,0.7583,Otro,0.9863,No detectado,0.0202,0.0069,0.0110
FACULTAD DE INGENIERIA Y ARQUITECTURA,CFOV,IC05,INGENIERÍA CIVIL EN COMPUTACIÓN E INFORMÁTICA PLAN 2017,14700,INTRODUCCION A LA FISICA,100,"cuando hace ejercicio, nos enreda ya que el mismo se pierde al realizarla.",Negativo,0.7282,Otro,0.9773,No detectado,0.1452,0.0152,0.0317
FACULTAD DE INGENIERIA Y ARQUITECTURA,CFOV,IC05,INGENIERÍA CIVIL EN COMPUTACIÓN E INFORMÁTICA PLAN 2017,14700,INTRODUCCION A LA FISICA,100,decente.,Neutral,0.5379,Alegría,0.5363,No detectado,0.0492,0.0259,0.0281
FACULTAD DE INGENIERIA Y ARQUITECTURA,CFOV,IM02,INGENIERÍA CIVIL EN MINAS PLAN 2017,14700,INTRODUCCION A LA FISICA,100,el mejor.,Positivo,0.7522,Alegría,0.9630,No detectado,0.0219,0.0157,0.0184
FACULTAD DE INGENIERIA Y ARQUITECTURA,CFOV,IC05,INGENIERÍA CIVIL EN COMPUTACIÓN E INFORMÁTICA PLAN 2017,14700,INTRODUCCION A LA FISICA,100,"el profesor es muy bueno explicando, sólo que habla muy bajo y no se escucha mucho.",Negativo,0.8981,Otro,0.9876,No detectado,0.0218,0.0101,0.0124
FACULTAD DE INGENIERIA Y ARQUITECTURA,CFOV,GE02,GEOLOGÍA PLAN 2017,14700,INTRODUCCION A LA FISICA,42,"el profesor ochoa es un buen profesor, siempre busca cumplir su deber como docente y explicar de una forma donde cada estudiante entienda la materia.",Positivo,0.9496,Otro,0.9872,No detectado,0.0132,0.0085,0.0072
FACULTAD DE INGENIERIA Y ARQUITECTURA,CFOV,IM02,INGENIERÍA CIVIL EN MINAS PLAN 2017,14700,INTRODUCCION A LA FISICA,50,"el profesor carlos ochoa es un buen profesor con el cual uno aprende mucho pero una critica de mi parte serí­a que le falta autoridad de profesor, en este semestre habí­a alumnos que hací­an ruido interrumpian la clase y el profesor no les decí­a nada, eso lo veo como falta de autoridad en su sala de clases.",Negativo,0.9506,Otro,0.5551,No detectado,0.0393,0.0078,0.0172
FACULTAD DE INGENIERIA Y ARQUITECTURA,CFOV,IC05,INGENIERÍA CIVIL EN COMPUTACIÓN E INFORMÁTICA PLAN 2017,14700,INTRODUCCION A LA FISICA,100,"el profesor conoce de la materia de eso no hay duda, pero al momento de hacer un ejercicio le tomaba unos minutos resolverlo y se daba cuenta que se equivocó y lo hacia todo de nuevo o poní­a otro ejercicio, ya que no lo podí­a resolver.",Neutral,0.5013,Otro,0.9944,No detectado,0.0164,0.0081,0.0092
FACULTAD DE INGENIERIA Y ARQUITECTURA,CFOV,IC05,INGENIERÍA CIVIL EN COMPUTACIÓN E INFORMÁTICA PLAN 2017,14700,INTRODUCCION A LA FISICA,100,el profesor en general demuestra un gran conocimiento de la materia pero tiene cierta deficiencia a la hora de explicar a los estudiantes lo cual nos afecta de manera en la que no logramos seguir el ritmo de la clase o a la hora de comprender bien la materia.,Negativo,0.9560,Otro,0.8661,No detectado,0.0183,0.0049,0.0089
FACULTAD DE INGENIERIA Y ARQUITECTURA,CFOV,IC05,INGENIERÍA CIVIL EN COMPUTACIÓN E INFORMÁTICA PLAN 2017,14700,INTRODUCCION A LA FISICA,100,el profesor en si es bueno pero no estoy de acuerdo con su metodología de enseñanza ya que se contradice demasiado y confunde a los alumnos.,Negativo,0.9617,Otro,0.9267,No detectado,0.0165,0.0072,0.0096
FACULTAD DE INGENIERIA Y ARQUITECTURA,CFOV,IC05,INGENIERÍA CIVIL EN COMPUTACIÓN E INFORMÁTICA PLAN 2017,14703,ELECTRICIDAD Y MAGNETISMO,11,"el profesor enseñaba bien la materia pero el problema es que como en cátedra estábamos atrasados, no se entendía del todo.",Negativo,0.8667,Otro,0.9578,No detectado,0.0374,0.0080,0.0156
FACULTAD DE INGENIERIA Y ARQUITECTURA,CFOV,IM02,INGENIERÍA CIVIL EN MINAS PLAN 2017,14700,INTRODUCCION A LA FISICA,91,"el profesor es dedicado a la enseñanza, era capaz de quedarse más tiempo para explicarte algo.",Positivo,0.8376,Otro,0.9942,No detectado,0.0114,0.0082,0.0076
FACULTAD DE INGENIERIA Y ARQUITECTURA,CFOV,IM02,INGENIERÍA CIVIL EN MINAS PLAN 2017,14703,ELECTRICIDAD Y MAGNETISMO,11,"el profesor explica muy bien las propiedades de labotario, haciendo las clases claras y comprensibles.",Positivo,0.9492,Otro,0.9961,No detectado,0.0171,0.0062,0.0087
FACULTAD DE INGENIERIA Y ARQUITECTURA,CFOV,IC05,INGENIERÍA CIVIL EN COMPUTACIÓN E INFORMÁTICA PLAN 2017,14700,INTRODUCCION A LA FISICA,91,el profesor explica muy bien y ayuda a las personas que les cuesta mas.,Positivo,0.6930,Otro,0.9442,No detectado,0.0226,0.0058,0.0117
FACULTAD DE INGENIERIA Y ARQUITECTURA,CFOV,IC05,INGENIERÍA CIVIL EN COMPUTACIÓN E INFORMÁTICA PLAN 2017,14700,INTRODUCCION A LA FISICA,100,el profesor explica muy bien y ayuda a las personas que lo necesiten.,Positivo,0.9573,Otro,0.8295,No detectado,0.0122,0.0056,0.0070
FACULTAD DE INGENIERIA Y ARQUITECTURA,CFOV,IC05,INGENIERÍA CIVIL EN COMPUTACIÓN E INFORMÁTICA PLAN 2017,14700,INTRODUCCION A LA FISICA,100,"el profesor habla bajo, pero se logra entender muy bien.",Positivo,0.5876,Otro,0.9927,No detectado,0.0330,0.0121,0.0171
FACULTAD DE INGENIERIA Y ARQUITECTURA,CFOV,IM02,INGENIERÍA CIVIL EN MINAS PLAN 2017,14700,INTRODUCCION A LA FISICA,50,"el profesor no lo recomendarí­a para nada a ningún estudiante que quiera realmente aprender de la asignatura, el profesor explica muy mal y se equivoca en reiteradas ocasiones en los ejercicios y los hace desde cero después de haberlos ya terminado, además no entregaba guías de trabajo autónomo para poder mí­nimo tratar de entender lo que no se pudo en la clase.",Negativo,0.9669,Otro,0.7437,No detectado,0.0193,0.0054,0.0125
FACULTAD DE INGENIERIA Y ARQUITECTURA,CFOV,IM02,INGENIERÍA CIVIL EN MINAS PLAN 2017,14700,INTRODUCCION A LA FISICA,50,el profesor no pone la debida atención a su clase contesta llamadas durante la clase atrasando la materia ya que estas duran varios minutos y nunca da nada para poder estudiar en casa como ejercicios adicionales a la clase.,Negativo,0.9619,Otro,0.9745,No detectado,0.0328,0.0062,0.0149
FACULTAD DE INGENIERIA Y ARQUITECTURA,CFOV,OB07,INGENIERÍA CIVIL EN OBRAS CIVILES PLAN 2017,14700,INTRODUCCION A LA FISICA,50,el profesor no se explica muy bien y no se le entiende.,Negativo,0.9698,Otro,0.9861,No detectado,0.0202,0.0088,0.0139
FACULTAD DE INGENIERIA Y ARQUITECTURA,CFOV,CI02,INGENIERÍA CIVIL INDUSTRIAL (PLAN 2015),14700,INTRODUCCION A LA FISICA,52,"el profesor ochoa, es una comprometida con lo que enseña, si una persona no entiende algo lo explica varias veces hasta que se entienda, pero lo hace con una paciencia que es admirable.
yo si tuviera que escoger ramos yo lo escogerí­a con el profesor ochoa.",Positivo,0.9168,Alegría,0.8074,No detectado,0.0561,0.0217,0.0208
FACULTAD DE INGENIERIA Y ARQUITECTURA,CFOV,GE02,GEOLOGÍA PLAN 2017,14703,ELECTRICIDAD Y MAGNETISMO,11,"el profesor se demora en evaluar, no da retroalimentacion, entrega las notas a ultima hora, ademas no sabe lo que se debe hacer en clase, tenemos que consultar a el encargado de laboratorio.",Negativo,0.9578,Otro,0.9732,No detectado,0.0688,0.0085,0.0234
FACULTAD DE INGENIERIA Y ARQUITECTURA,CFOV,IC05,INGENIERÍA CIVIL EN COMPUTACIÓN E INFORMÁTICA PLAN 2017,14700,INTRODUCCION A LA FISICA,100,"el profesor siempre fue puntual y atento, a pesar de mi bajo desempeño
, cuando busque ayuda me la presto y fue considerado.",Positivo,0.8819,Otro,0.6373,No detectado,0.0129,0.0126,0.0090
FACULTAD DE INGENIERIA Y ARQUITECTURA,CFOV,CO05,INGENIERÍA EN CONSTRUCCIÓN PLAN 2017,14700,INTRODUCCION A LA FISICA,51,el profesor siempre tuvo buena disposición a la hora de volver a explicar.,Positivo,0.9304,Otro,0.9949,No detectado,0.0108,0.0083,0.0069
FACULTAD DE INGENIERIA Y ARQUITECTURA,CFOV,CO05,INGENIERÍA EN CONSTRUCCIÓN PLAN 2017,14700,INTRODUCCION A LA FISICA,51,en clases el profesor demostraba saber sobre lo que iba explicando y cuando algo no estaba completamente seguro buscaba la manera de resolver las dudas de quienes las tuvieran para resolverlo.,Neutral,0.7060,Otro,0.9951,No detectado,0.0211,0.0060,0.0106
FACULTAD DE INGENIERIA Y ARQUITECTURA,CFOV,IC05,INGENIERÍA CIVIL EN COMPUTACIÓN E INFORMÁTICA PLAN 2017,14700,INTRODUCCION A LA FISICA,100,enseña bien.,Positivo,0.6398,Otro,0.5826,No detectado,0.0443,0.0204,0.0361
FACULTAD DE INGENIERIA Y ARQUITECTURA,CFOV,OB07,INGENIERÍA CIVIL EN OBRAS CIVILES PLAN 2017,14700,INTRODUCCION A LA FISICA,50,es buen profesor con respecto a su forma de ser pero en lo académico en lo personal encuentro que no sabe enseñar muy bien o es muy avanzado a la hora de enseñar lo que es introducción a la física.,Negativo,0.8821,Otro,0.9895,No detectado,0.0102,0.0067,0.0066
FACULTAD DE INGENIERIA Y ARQUITECTURA,CFOV,IM02,INGENIERÍA CIVIL EN MINAS PLAN 2017,14700,INTRODUCCION A LA FISICA,91,es buen profesor y sus clases de laboratorio eran interesantes.,Positivo,0.9656,Otro,0.9561,No detectado,0.0228,0.0106,0.0144
FACULTAD DE INGENIERIA Y ARQUITECTURA,CFOV,IM02,INGENIERÍA CIVIL EN MINAS PLAN 2017,14700,INTRODUCCION A LA FISICA,50,es bueno enseñando pero solo le falta separar un poco mas cuando lo escribe en la pisara.,Neutral,0.5918,Otro,0.9860,No detectado,0.0213,0.0108,0.0108
FACULTAD DE INGENIERIA Y ARQUITECTURA,CFOV,IM02,INGENIERÍA CIVIL EN MINAS PLAN 2017,14700,INTRODUCCION A LA FISICA,91,es muy agradable.,Positivo,0.9636,Alegría,0.9313,No detectado,0.0386,0.0244,0.0179
FACULTAD DE INGENIERIA Y ARQUITECTURA,CFOV,IC05,INGENIERÍA CIVIL EN COMPUTACIÓN E INFORMÁTICA PLAN 2017,14700,INTRODUCCION A LA FISICA,11,es muy buen profesor bastante comprensivo cuando el alumno no comprende lo explicado y bastante respetuoso.,Positivo,0.8469,Otro,0.9796,No detectado,0.0149,0.0099,0.0103
FACULTAD DE INGENIERIA Y ARQUITECTURA,CFOV,IM02,INGENIERÍA CIVIL EN MINAS PLAN 2017,14700,INTRODUCCION A LA FISICA,23,"es muy buen profesor, siempre dispuesto para ayudar.",Positivo,0.9598,Alegría,0.7054,No detectado,0.0121,0.0096,0.0084
FACULTAD DE INGENIERIA Y ARQUITECTURA,CFOV,CI02,INGENIERÍA CIVIL INDUSTRIAL (PLAN 2015),14700,INTRODUCCION A LA FISICA,51,es muy bueno.,Positivo,0.9129,Alegría,0.8441,No detectado,0.0240,0.0137,0.0174
FACULTAD DE INGENIERIA Y ARQUITECTURA,CFOV,IC05,INGENIERÍA CIVIL EN COMPUTACIÓN E INFORMÁTICA PLAN 2017,14700,INTRODUCCION A LA FISICA,100,"es muy bueno y enseña de buena manera, si tienes dudas, este profesor te ayuda.",Positivo,0.9409,Alegría,0.5060,No detectado,0.0106,0.0073,0.0079
FACULTAD DE INGENIERIA Y ARQUITECTURA,CFOV,GE02,GEOLOGÍA PLAN 2017,14700,INTRODUCCION A LA FISICA,91,es simpatico y ayuda a los estudiantes.,Positivo,0.9529,Alegría,0.9803,No detectado,0.0239,0.0125,0.0141
FACULTAD DE INGENIERIA Y ARQUITECTURA,CFOV,CI02,INGENIERÍA CIVIL INDUSTRIAL (PLAN 2015),14700,INTRODUCCION A LA FISICA,52,es un buen profesor.,Positivo,0.9536,Otro,0.9379,No detectado,0.0156,0.0106,0.0089
FACULTAD DE INGENIERIA Y ARQUITECTURA,CFOV,OB07,INGENIERÍA CIVIL EN OBRAS CIVILES PLAN 2017,14700,INTRODUCCION A LA FISICA,50,"es un buen profesor pero siento que se enreda al dar las clases ya que no lleva un ppt o un registro de lo que pasará cada dí­a y eso hace que nos confundamos ya que nos perdemos con él, aparte debería subir las clases al aula virtual para así nosotros guiarnos de lo que pasa.",Negativo,0.9407,Otro,0.9373,No detectado,0.0255,0.0054,0.0099
FACULTAD DE INGENIERIA Y ARQUITECTURA,CFOV,CI02,INGENIERÍA CIVIL INDUSTRIAL (PLAN 2015),14700,INTRODUCCION A LA FISICA,52,"es un excelente profesor, me gustaría tenerlo en algún ramo a futuro!.",Positivo,0.9675,Alegría,0.8685,No detectado,0.0111,0.0075,0.0065
FACULTAD DE INGENIERIA Y ARQUITECTURA,CFOV,GE02,GEOLOGÍA PLAN 2017,14700,INTRODUCCION A LA FISICA,23,"es un excelente profesor,adecuado para los laboratorios de física.",Positivo,0.9361,Otro,0.9592,No detectado,0.0153,0.0080,0.0072
FACULTAD DE INGENIERIA Y ARQUITECTURA,CFOV,IC05,INGENIERÍA CIVIL EN COMPUTACIÓN E INFORMÁTICA PLAN 2017,14700,INTRODUCCION A LA FISICA,11,es un exelente profesor.,Positivo,0.9764,Otro,0.7771,No detectado,0.0117,0.0098,0.0080
FACULTAD DE INGENIERIA Y ARQUITECTURA,CFOV,IM02,INGENIERÍA CIVIL EN MINAS PLAN 2017,14700,INTRODUCCION A LA FISICA,50,"es un profesor con muy buena disposición a la hora de enseñar pero muy poca su capacidad de darse a entender, así llevando a confusiones. al preguntarle algo siempre estaba dispuesto a responder pero su forma de enseñar es muy dispersa por lo cual es dificil de comprender.",Negativo,0.8398,Otro,0.9375,No detectado,0.0171,0.0072,0.0092
FACULTAD DE INGENIERIA Y ARQUITECTURA,CFOV,IC05,INGENIERÍA CIVIL EN COMPUTACIÓN E INFORMÁTICA PLAN 2017,14700,INTRODUCCION A LA FISICA,100,es un profesor enseña como puede.,Positivo,0.6871,Otro,0.9568,No detectado,0.0125,0.0095,0.0086
FACULTAD DE INGENIERIA Y ARQUITECTURA,CFOV,GE02,GEOLOGÍA PLAN 2017,14700,INTRODUCCION A LA FISICA,42,"es un profesor tranquilo, es agradable.",Positivo,0.9590,Otro,0.5915,No detectado,0.0218,0.0120,0.0109
FACULTAD DE INGENIERIA Y ARQUITECTURA,CFOV,IC05,INGENIERÍA CIVIL EN COMPUTACIÓN E INFORMÁTICA PLAN 2017,14700,INTRODUCCION A LA FISICA,11,espero sea el profesor carlos ochoa quien imparta mecánica el próximo semestre.,Neutral,0.8213,Otro,0.9936,No detectado,0.0189,0.0100,0.0077
FACULTAD DE INGENIERIA Y ARQUITECTURA,CFOV,IM02,INGENIERÍA CIVIL EN MINAS PLAN 2017,14703,ELECTRICIDAD Y MAGNETISMO,11,esta bien.,Positivo,0.7026,Otro,0.8329,No detectado,0.0887,0.0328,0.0505
FACULTAD DE INGENIERIA Y ARQUITECTURA,CFOV,IM02,INGENIERÍA CIVIL EN MINAS PLAN 2017,14700,INTRODUCCION A LA FISICA,91,"este profesor ayudó mucho, pero se pierde mucho y siento que no va muy al ritmo de los otros profesors.",Negativo,0.9492,Tristeza,0.8826,No detectado,0.0138,0.0076,0.0097
FACULTAD DE INGENIERIA Y ARQUITECTURA,CFOV,IC05,INGENIERÍA CIVIL EN COMPUTACIÓN E INFORMÁTICA PLAN 2017,14700,INTRODUCCION A LA FISICA,11,"este profesor es de los mejores de fisica que he tenido en, aprende­ mucho con el.",Positivo,0.9738,Alegría,0.9672,No detectado,0.0119,0.0076,0.0081
FACULTAD DE INGENIERIA Y ARQUITECTURA,CFOV,IC05,INGENIERÍA CIVIL EN COMPUTACIÓN E INFORMÁTICA PLAN 2017,14700,INTRODUCCION A LA FISICA,11,este profesor es bastante bueno ya que enseña super bien y se preocupa por que el alumno entienda bien lo que esta haciendo y la materia.,Positivo,0.9702,Otro,0.8278,No detectado,0.0152,0.0090,0.0090
FACULTAD DE INGENIERIA Y ARQUITECTURA,CFOV,IM02,INGENIERÍA CIVIL EN MINAS PLAN 2017,14703,ELECTRICIDAD Y MAGNETISMO,11,excelente profesor.,Positivo,0.9060,Alegría,0.9409,No detectado,0.0124,0.0121,0.0102
FACULTAD DE INGENIERIA Y ARQUITECTURA,CFOV,IM02,INGENIERÍA CIVIL EN MINAS PLAN 2017,14700,INTRODUCCION A LA FISICA,50,excelente profesor preocupado de sus alumnos.,Positivo,0.7579,Otro,0.8932,No detectado,0.0147,0.0115,0.0085
FACULTAD DE INGENIERIA Y ARQUITECTURA,CFOV,IC05,INGENIERÍA CIVIL EN COMPUTACIÓN E INFORMÁTICA PLAN 2017,14703,ELECTRICIDAD Y MAGNETISMO,11,"excelente profesor, en todos los aspectos es muy comodo trabajar con el, resuelve dudas, ayuda en clases con los laboratorios, orienta muy bien, solo podría resaltar que demoro demasiado en entregar las notas de los laboratorios, fue prácticamente a finales de semestre que supimos todos nuestras calificaciones que aún así fueron buenas, pero algunos queremos saber que tal vamos encaminados.",Positivo,0.9543,Otro,0.8363,No detectado,0.0491,0.0052,0.0156
FACULTAD DE INGENIERIA Y ARQUITECTURA,CFOV,CI02,INGENIERÍA CIVIL INDUSTRIAL (PLAN 2015),14700,INTRODUCCION A LA FISICA,52,"excelente profesor, muy simpático, su clase tiene una dinámica muy entretenida, pero sin perder la formalidad y el respeto entre profesor alumno.",Positivo,0.9714,Otro,0.5206,No detectado,0.0136,0.0078,0.0088
FACULTAD DE INGENIERIA Y ARQUITECTURA,CFOV,CI02,INGENIERÍA CIVIL INDUSTRIAL (PLAN 2015),14700,INTRODUCCION A LA FISICA,52,"excelente profesor, nunca hice física en el liceo y gracias a él aprende­ demasiado.",Positivo,0.9511,Alegría,0.9501,No detectado,0.0109,0.0082,0.0076
FACULTAD DE INGENIERIA Y ARQUITECTURA,CFOV,GE02,GEOLOGÍA PLAN 2017,14703,ELECTRICIDAD Y MAGNETISMO,11,exelente profesor.,Positivo,0.9684,Alegría,0.8469,No detectado,0.0136,0.0102,0.0095
FACULTAD DE INGENIERIA Y ARQUITECTURA,CFOV,IC05,INGENIERÍA CIVIL EN COMPUTACIÓN E INFORMÁTICA PLAN 2017,14700,INTRODUCCION A LA FISICA,100,explica bien.,Positivo,0.5603,Otro,0.8542,No detectado,0.0433,0.0177,0.0324
FACULTAD DE INGENIERIA Y ARQUITECTURA,CFOV,GE02,GEOLOGÍA PLAN 2017,14700,INTRODUCCION A LA FISICA,42,"explica bien lo que tenemos que realizar,atento al preguntar grupo por grupo si hay alguna duda.",Neutral,0.8660,Otro,0.9958,No detectado,0.0230,0.0052,0.0093
FACULTAD DE INGENIERIA Y ARQUITECTURA,CFOV,IC05,INGENIERÍA CIVIL EN COMPUTACIÓN E INFORMÁTICA PLAN 2017,14703,ELECTRICIDAD Y MAGNETISMO,11,explica bien si alguien necesita ayuda.,Neutral,0.8328,Otro,0.9933,No detectado,0.0179,0.0069,0.0106
FACULTAD DE INGENIERIA Y ARQUITECTURA,CFOV,CI02,INGENIERÍA CIVIL INDUSTRIAL (PLAN 2015),14700,INTRODUCCION A LA FISICA,52,explica muy rápido la materia.,Negativo,0.8301,Otro,0.9901,No detectado,0.0364,0.0150,0.0158
FACULTAD DE INGENIERIA Y ARQUITECTURA,CFOV,IC05,INGENIERÍA CIVIL EN COMPUTACIÓN E INFORMÁTICA PLAN 2017,14700,INTRODUCCION A LA FISICA,100,"falta dinámica en sus clases, es muy estructurada y seguida de guión.",Neutral,0.4249,Otro,0.9798,Odio,0.5515,0.2137,0.1770
FACULTAD DE INGENIERIA Y ARQUITECTURA,CFOV,IM02,INGENIERÍA CIVIL EN MINAS PLAN 2017,14700,INTRODUCCION A LA FISICA,50,"la verdad que el profesor es muy simpatico, pero tiene un punto malo que es que habla muy bajo al momento de explicar y eso dificulta al momento de entender la materia.",Negativo,0.9585,Otro,0.7662,No detectado,0.0165,0.0083,0.0094
FACULTAD DE INGENIERIA Y ARQUITECTURA,CFOV,IM02,INGENIERÍA CIVIL EN MINAS PLAN 2017,14700,INTRODUCCION A LA FISICA,23,las explicación del profesor era confusa y de un momento a otro cambiaba de tema y se enredaba solo.,Negativo,0.8434,Otro,0.9675,No detectado,0.0316,0.0114,0.0173
FACULTAD DE INGENIERIA Y ARQUITECTURA,CFOV,IC05,INGENIERÍA CIVIL EN COMPUTACIÓN E INFORMÁTICA PLAN 2017,14700,INTRODUCCION A LA FISICA,23,"me gusta como enseña el profesor,explica bibien algo que no entiendas,es muy carismático y además es buena onda con sus alumnos lo recomiendo.",Positivo,0.9764,Alegría,0.9744,No detectado,0.0105,0.0085,0.0079
FACULTAD DE INGENIERIA Y ARQUITECTURA,CFOV,CO05,INGENIERÍA EN CONSTRUCCIÓN PLAN 2017,14700,INTRODUCCION A LA FISICA,51,me gustaba como explicaba se le entendia todo.,Positivo,0.8909,Alegría,0.5336,No detectado,0.0228,0.0151,0.0138
FACULTAD DE INGENIERIA Y ARQUITECTURA,CFOV,GE02,GEOLOGÍA PLAN 2017,14700,INTRODUCCION A LA FISICA,42,"me gusto muchos sus clases aprende­ mucho de informática e modelado de informe, lo unico malo es su demora con las notas.",Positivo,0.9146,Otro,0.6517,No detectado,0.0131,0.0080,0.0089
FACULTAD DE INGENIERIA Y ARQUITECTURA,CFOV,IC05,INGENIERÍA CIVIL EN COMPUTACIÓN E INFORMÁTICA PLAN 2017,14700,INTRODUCCION A LA FISICA,11,"me pareció muy buen profesor , bueno para enseñar que lo que más me interesa en un profesor.",Positivo,0.9662,Otro,0.7066,No detectado,0.0129,0.0098,0.0070
FACULTAD DE INGENIERIA Y ARQUITECTURA,CFOV,GE02,GEOLOGÍA PLAN 2017,14700,INTRODUCCION A LA FISICA,42,mejorar comunicación sobre los resultados de las evaluaciones.,Neutral,0.7990,Otro,0.9942,No detectado,0.0209,0.0067,0.0094
FACULTAD DE INGENIERIA Y ARQUITECTURA,CFOV,CI02,INGENIERÍA CIVIL INDUSTRIAL (PLAN 2015),14700,INTRODUCCION A LA FISICA,52,muy bien las evaluaciones y todo bien explicando.,Positivo,0.9327,Otro,0.8553,No detectado,0.0435,0.0062,0.0173
FACULTAD DE INGENIERIA Y ARQUITECTURA,CFOV,IM02,INGENIERÍA CIVIL EN MINAS PLAN 2017,14700,INTRODUCCION A LA FISICA,50,muy buen profesor.,Positivo,0.9677,Alegría,0.9051,No detectado,0.0123,0.0104,0.0094
FACULTAD DE INGENIERIA Y ARQUITECTURA,CFOV,IC05,INGENIERÍA CIVIL EN COMPUTACIÓN E INFORMÁTICA PLAN 2017,14700,INTRODUCCION A LA FISICA,11,muy buen profesor.,Positivo,0.9677,Alegría,0.9051,No detectado,0.0123,0.0104,0.0094
FACULTAD DE INGENIERIA Y ARQUITECTURA,CFOV,CI02,INGENIERÍA CIVIL INDUSTRIAL (PLAN 2015),14700,INTRODUCCION A LA FISICA,52,muy buen profesor atento y dispuesto a enseñar.,Positivo,0.9622,Alegría,0.5294,No detectado,0.0146,0.0093,0.0094
FACULTAD DE INGENIERIA Y ARQUITECTURA,CFOV,CI02,INGENIERÍA CIVIL INDUSTRIAL (PLAN 2015),14700,INTRODUCCION A LA FISICA,52,muy buen profesor gracias a el aprende­ varias cosas sobre tanto como funcionan ciertos programas como materia de física.,Positivo,0.9675,Alegría,0.7521,No detectado,0.0101,0.0057,0.0063
FACULTAD DE INGENIERIA Y ARQUITECTURA,CFOV,IC05,INGENIERÍA CIVIL EN COMPUTACIÓN E INFORMÁTICA PLAN 2017,14700,INTRODUCCION A LA FISICA,100,muy buen profesor hace ver que le gusta su trabajo por como lo entrega a las personas.,Positivo,0.9591,Otro,0.6725,No detectado,0.0127,0.0067,0.0073
FACULTAD DE INGENIERIA Y ARQUITECTURA,CFOV,IC05,INGENIERÍA CIVIL EN COMPUTACIÓN E INFORMÁTICA PLAN 2017,14700,INTRODUCCION A LA FISICA,11,muy buen profesor y agradable.,Positivo,0.9683,Alegría,0.8236,No detectado,0.0136,0.0136,0.0112
FACULTAD DE INGENIERIA Y ARQUITECTURA,CFOV,GE02,GEOLOGÍA PLAN 2017,14700,INTRODUCCION A LA FISICA,23,"muy buen profesor, explica muy detalladamente la materia, amable y muy cercano a sus alumnos.",Positivo,0.9728,Alegría,0.8464,No detectado,0.0100,0.0086,0.0074
FACULTAD DE INGENIERIA Y ARQUITECTURA,CFOV,IC05,INGENIERÍA CIVIL EN COMPUTACIÓN E INFORMÁTICA PLAN 2017,14703,ELECTRICIDAD Y MAGNETISMO,11,"muy buen profesor, solo fallo en mandar las notas en los horarios correspondidos, pero fuera de eso muy atento con los alumnos.",Positivo,0.9106,Otro,0.9779,No detectado,0.0142,0.0080,0.0087
FACULTAD DE INGENIERIA Y ARQUITECTURA,CFOV,CI02,INGENIERÍA CIVIL INDUSTRIAL (PLAN 2015),14703,ELECTRICIDAD Y MAGNETISMO,11,"muy buen profesor, solo que entrega las notas a final de semestre.",Positivo,0.5838,Otro,0.9902,No detectado,0.0361,0.0145,0.0121
FACULTAD DE INGENIERIA Y ARQUITECTURA,CFOV,IC05,INGENIERÍA CIVIL EN COMPUTACIÓN E INFORMÁTICA PLAN 2017,14700,INTRODUCCION A LA FISICA,11,muy buena.,Positivo,0.9323,Alegría,0.9804,No detectado,0.1626,0.1063,0.1380
FACULTAD DE INGENIERIA Y ARQUITECTURA,CFOV,IC05,INGENIERÍA CIVIL EN COMPUTACIÓN E INFORMÁTICA PLAN 2017,14700,INTRODUCCION A LA FISICA,100,"muy buena onda, dispuesto a ayudar si es necesario o cuando nos ve con alguna duda, siempre atento a los alumnos para que no nos perdamos en algo, una queja es que habla un poco bajo pero lejos de eso todo esta bien.",Positivo,0.8688,Otro,0.8347,No detectado,0.0204,0.0065,0.0111
FACULTAD DE INGENIERIA Y ARQUITECTURA,CFOV,IC05,INGENIERÍA CIVIL EN COMPUTACIÓN E INFORMÁTICA PLAN 2017,14700,INTRODUCCION A LA FISICA,11,muy empático y compatible.,Positivo,0.8483,Otro,0.9353,No detectado,0.0448,0.0322,0.0205
FACULTAD DE INGENIERIA Y ARQUITECTURA,CFOV,IC05,INGENIERÍA CIVIL EN COMPUTACIÓN E INFORMÁTICA PLAN 2017,14700,INTRODUCCION A LA FISICA,100,"muy simpático, poca metodología, poco especí­fico al explicar.",Negativo,0.9438,Ira,0.7718,No detectado,0.0184,0.0127,0.0112
FACULTAD DE INGENIERIA Y ARQUITECTURA,CFOV,CI02,INGENIERÍA CIVIL INDUSTRIAL (PLAN 2015),14700,INTRODUCCION A LA FISICA,52,nada.,Neutral,0.4837,Otro,0.8243,No detectado,0.0509,0.0136,0.0305
FACULTAD DE INGENIERIA Y ARQUITECTURA,CFOV,IC05,INGENIERÍA CIVIL EN COMPUTACIÓN E INFORMÁTICA PLAN 2017,14700,INTRODUCCION A LA FISICA,100,nada.,Neutral,0.4837,Otro,0.8243,No detectado,0.0509,0.0136,0.0305
FACULTAD DE INGENIERIA Y ARQUITECTURA,CFOV,GE02,GEOLOGÍA PLAN 2017,14700,INTRODUCCION A LA FISICA,42,nada en particular.,Neutral,0.5888,Otro,0.9332,No detectado,0.0458,0.0148,0.0242
FACULTAD DE INGENIERIA Y ARQUITECTURA,CFOV,CO05,INGENIERÍA EN CONSTRUCCIÓN PLAN 2017,14700,INTRODUCCION A LA FISICA,51,nada que agregar.,Neutral,0.4990,Otro,0.6519,No detectado,0.0217,0.0132,0.0143
FACULTAD DE INGENIERIA Y ARQUITECTURA,CFOV,IC05,INGENIERÍA CIVIL EN COMPUTACIÓN E INFORMÁTICA PLAN 2017,14700,INTRODUCCION A LA FISICA,23,nada que agregar.,Neutral,0.4990,Otro,0.6519,No detectado,0.0217,0.0132,0.0143
FACULTAD DE INGENIERIA Y ARQUITECTURA,CFOV,IM02,INGENIERÍA CIVIL EN MINAS PLAN 2017,14703,ELECTRICIDAD Y MAGNETISMO,11,nada que decir.,Neutral,0.5090,Otro,0.8319,No detectado,0.0262,0.0117,0.0171
FACULTAD DE INGENIERIA Y ARQUITECTURA,CFOV,OB07,INGENIERÍA CIVIL EN OBRAS CIVILES PLAN 2017,14700,INTRODUCCION A LA FISICA,50,nada que decir.,Neutral,0.5090,Otro,0.8319,No detectado,0.0262,0.0117,0.0171
FACULTAD DE INGENIERIA Y ARQUITECTURA,CFOV,IC05,INGENIERÍA CIVIL EN COMPUTACIÓN E INFORMÁTICA PLAN 2017,14700,INTRODUCCION A LA FISICA,52,nada que decir.,Neutral,0.5090,Otro,0.8319,No detectado,0.0262,0.0117,0.0171
FACULTAD DE INGENIERIA Y ARQUITECTURA,CFOV,GE02,GEOLOGÍA PLAN 2017,14700,INTRODUCCION A LA FISICA,42,"nada que decir, buen profesor.",Positivo,0.7755,Otro,0.9394,No detectado,0.0146,0.0123,0.0103
FACULTAD DE INGENIERIA Y ARQUITECTURA,CFOV,IC05,INGENIERÍA CIVIL EN COMPUTACIÓN E INFORMÁTICA PLAN 2017,14700,INTRODUCCION A LA FISICA,100,nada que incorporar.,Neutral,0.4863,Otro,0.9863,No detectado,0.0375,0.0086,0.0155
FACULTAD DE INGENIERIA Y ARQUITECTURA,CFOV,CO05,INGENIERÍA EN CONSTRUCCIÓN PLAN 2017,14700,INTRODUCCION A LA FISICA,51,ninguno.,Neutral,0.5276,Otro,0.8177,No detectado,0.0802,0.0215,0.0500
FACULTAD DE INGENIERIA Y ARQUITECTURA,CFOV,CI02,INGENIERÍA CIVIL INDUSTRIAL (PLAN 2015),14700,INTRODUCCION A LA FISICA,52,no aplica.,Neutral,0.5012,Otro,0.9326,No detectado,0.0688,0.0244,0.0385
FACULTAD DE INGENIERIA Y ARQUITECTURA,CFOV,GE02,GEOLOGÍA PLAN 2017,14700,INTRODUCCION A LA FISICA,42,no es el mejor profesor ni tampoco el peor.,Neutral,0.5276,Otro,0.9854,No detectado,0.0152,0.0102,0.0111
FACULTAD DE INGENIERIA Y ARQUITECTURA,CFOV,GE02,GEOLOGÍA PLAN 2017,14700,INTRODUCCION A LA FISICA,42,"no explico mucho como era hacer los informes, nos confundimos mucho, pero igual explicaba bien la materia y nos ayudaba con algunos calculos.",Neutral,0.5474,Otro,0.9894,No detectado,0.0227,0.0086,0.0136
FACULTAD DE INGENIERIA Y ARQUITECTURA,CFOV,IM02,INGENIERÍA CIVIL EN MINAS PLAN 2017,14700,INTRODUCCION A LA FISICA,23,"no hace retroalimentación de los informes que se le entregan y no hace entrega de ninguna nota hasta que termina el semestre y te da el promedio general del laboratorio sin previamente mostrar las notas que te ha puesto en cada informe, un profesor muy poco comprometido con sus alumnos.",Negativo,0.9800,Ira,0.9531,No detectado,0.0197,0.0074,0.0125
FACULTAD DE INGENIERIA Y ARQUITECTURA,CFOV,IC05,INGENIERÍA CIVIL EN COMPUTACIÓN E INFORMÁTICA PLAN 2017,14700,INTRODUCCION A LA FISICA,11,"no hay mucho que pueda decir más que fue un profesor realmente bueno, con clases divertidas y herramientas de aprendizaje muy interesantes.",Positivo,0.9787,Alegría,0.9759,No detectado,0.0085,0.0059,0.0072
FACULTAD DE INGENIERIA Y ARQUITECTURA,CFOV,IM02,INGENIERÍA CIVIL EN MINAS PLAN 2017,14700,INTRODUCCION A LA FISICA,23,no me gusto para nada. en los laboratorios de fisica no hacia nada.,Negativo,0.8307,Otro,0.9699,No detectado,0.0492,0.0144,0.0270
FACULTAD DE INGENIERIA Y ARQUITECTURA,CFOV,IC05,INGENIERÍA CIVIL EN COMPUTACIÓN E INFORMÁTICA PLAN 2017,14700,INTRODUCCION A LA FISICA,100,no sé le entiende el método de enseñanza del profesor por lo tanto no se puede tener un buen rendimiento.,Negativo,0.9672,Otro,0.9962,No detectado,0.0129,0.0065,0.0076
FACULTAD DE INGENIERIA Y ARQUITECTURA,CFOV,CI02,INGENIERÍA CIVIL INDUSTRIAL (PLAN 2015),14703,ELECTRICIDAD Y MAGNETISMO,11,"no sube las notas hasta el final, pero es muy buen profesor.",Positivo,0.9097,Otro,0.9836,No detectado,0.0122,0.0099,0.0090
FACULTAD DE INGENIERIA Y ARQUITECTURA,CFOV,CO05,INGENIERÍA EN CONSTRUCCIÓN PLAN 2017,14700,INTRODUCCION A LA FISICA,51,no tengo comentarios.,Negativo,0.5232,Otro,0.7242,No detectado,0.0321,0.0071,0.0184
FACULTAD DE INGENIERIA Y ARQUITECTURA,CFOV,IC05,INGENIERÍA CIVIL EN COMPUTACIÓN E INFORMÁTICA PLAN 2017,14700,INTRODUCCION A LA FISICA,100,no tengo comentarios.,Negativo,0.5232,Otro,0.7242,No detectado,0.0321,0.0071,0.0184
FACULTAD DE INGENIERIA Y ARQUITECTURA,CFOV,IC05,INGENIERÍA CIVIL EN COMPUTACIÓN E INFORMÁTICA PLAN 2017,14700,INTRODUCCION A LA FISICA,100,no tengo comentarios respecto al profesor.,Negativo,0.5551,Otro,0.9954,No detectado,0.0158,0.0095,0.0097
FACULTAD DE INGENIERIA Y ARQUITECTURA,CFOV,IM02,INGENIERÍA CIVIL EN MINAS PLAN 2017,14700,INTRODUCCION A LA FISICA,50,no tengo nada más que decir. es un muy buen profesor.,Positivo,0.9675,Alegría,0.8441,No detectado,0.0096,0.0095,0.0074
FACULTAD DE INGENIERIA Y ARQUITECTURA,CFOV,IC05,INGENIERÍA CIVIL EN COMPUTACIÓN E INFORMÁTICA PLAN 2017,14700,INTRODUCCION A LA FISICA,100,no tengo ningún comentario mas.,Negativo,0.5257,Otro,0.9317,No detectado,0.0271,0.0101,0.0158
FACULTAD DE INGENIERIA Y ARQUITECTURA,CFOV,IC05,INGENIERÍA CIVIL EN COMPUTACIÓN E INFORMÁTICA PLAN 2017,14700,INTRODUCCION A LA FISICA,100,pienso que al profesor le falta otra manera enseñar para atraer la atención de los alumnos.,Negativo,0.6298,Otro,0.9914,No detectado,0.0182,0.0068,0.0081
FACULTAD DE INGENIERIA Y ARQUITECTURA,CFOV,GE02,GEOLOGÍA PLAN 2017,14700,INTRODUCCION A LA FISICA,42,"profesor carismatico. no se le entiende mucho cuando explica, y no lo explica de otra forma más sencilla.",Negativo,0.9286,Otro,0.9935,No detectado,0.0175,0.0084,0.0099
FACULTAD DE INGENIERIA Y ARQUITECTURA,CFOV,GE02,GEOLOGÍA PLAN 2017,14700,INTRODUCCION A LA FISICA,42,profesor con buena disposición a enseñar.,Positivo,0.8805,Otro,0.9744,No detectado,0.0209,0.0090,0.0110
FACULTAD DE INGENIERIA Y ARQUITECTURA,CFOV,IC05,INGENIERÍA CIVIL EN COMPUTACIÓN E INFORMÁTICA PLAN 2017,14700,INTRODUCCION A LA FISICA,11,"profesor muy amable y preocupado por la asistencia de los alumnos a su clase, y a la vez muy comprensivo.",Positivo,0.9594,Otro,0.9784,No detectado,0.0134,0.0095,0.0080
FACULTAD DE INGENIERIA Y ARQUITECTURA,CFOV,CI02,INGENIERÍA CIVIL INDUSTRIAL (PLAN 2015),14700,INTRODUCCION A LA FISICA,52,profesor muy bueno y dedicado a su mateia.,Positivo,0.9697,Alegría,0.8586,No detectado,0.0158,0.0102,0.0102
FACULTAD DE INGENIERIA Y ARQUITECTURA,CFOV,IC05,INGENIERÍA CIVIL EN COMPUTACIÓN E INFORMÁTICA PLAN 2017,14700,INTRODUCCION A LA FISICA,100,"profesor muy bueno, hace muy bien su trabajo y siempre dispuesto a conversar.",Positivo,0.9757,Alegría,0.8687,No detectado,0.0127,0.0097,0.0095
FACULTAD DE INGENIERIA Y ARQUITECTURA,CFOV,IM02,INGENIERÍA CIVIL EN MINAS PLAN 2017,14700,INTRODUCCION A LA FISICA,50,profesor muy experimentado.,Positivo,0.6790,Otro,0.9686,No detectado,0.0210,0.0118,0.0109
FACULTAD DE INGENIERIA Y ARQUITECTURA,CFOV,CO05,INGENIERÍA EN CONSTRUCCIÓN PLAN 2017,14700,INTRODUCCION A LA FISICA,51,"profesor que contesta a las dudas y correos con tiempo, y ayuda en caso de bajas notas.",Positivo,0.5601,Otro,0.9933,No detectado,0.0189,0.0069,0.0105
FACULTAD DE INGENIERIA Y ARQUITECTURA,CFOV,GE02,GEOLOGÍA PLAN 2017,14700,INTRODUCCION A LA FISICA,42,"quizás sea por la hora y dí­a (primera clase de cada semana) la razón por la que no se destacá mucho este curso, pero en sí­ tampoco se vio muy ligado lo aprendido aquí­ comparado a lo que vimos en catedra.",Neutral,0.6240,Otro,0.9921,No detectado,0.0194,0.0051,0.0093
FACULTAD DE INGENIERIA Y ARQUITECTURA,CFOV,IC05,INGENIERÍA CIVIL EN COMPUTACIÓN E INFORMÁTICA PLAN 2017,14700,INTRODUCCION A LA FISICA,100,se desordena mucho en la pizarra.,Negativo,0.7831,Otro,0.9844,No detectado,0.0951,0.0153,0.0239
FACULTAD DE INGENIERIA Y ARQUITECTURA,CFOV,IC05,INGENIERÍA CIVIL EN COMPUTACIÓN E INFORMÁTICA PLAN 2017,14700,INTRODUCCION A LA FISICA,100,"se entregan las notas en un periodo demasiado tardio para poder prepararse para la proxima prueba. en el caso de la ultima prueba, horas antes de la recuperativa o examen se dieron las notas de la prueba anterior, provocando una sobrecarga de estudio ya que habia que estudiar a ciegas.",Negativo,0.7983,Otro,0.9771,No detectado,0.0500,0.0060,0.0173
FACULTAD DE INGENIERIA Y ARQUITECTURA,CFOV,OB07,INGENIERÍA CIVIL EN OBRAS CIVILES PLAN 2017,14703,ELECTRICIDAD Y MAGNETISMO,11,se toma el tiempo de explicar y si aun asi no entiendes se queda mas tiempo explicando después de la hora de clases.,Neutral,0.6798,Otro,0.9932,No detectado,0.0201,0.0114,0.0119
FACULTAD DE INGENIERIA Y ARQUITECTURA,CFOV,GE02,GEOLOGÍA PLAN 2017,14700,INTRODUCCION A LA FISICA,42,si.,Neutral,0.5224,Otro,0.5875,No detectado,0.0894,0.0297,0.0463
FACULTAD DE INGENIERIA Y ARQUITECTURA,CFOV,IM02,INGENIERÍA CIVIL EN MINAS PLAN 2017,14700,INTRODUCCION A LA FISICA,91,sin comentarios.,Neutral,0.4468,Otro,0.6370,No detectado,0.0500,0.0090,0.0231
FACULTAD DE INGENIERIA Y ARQUITECTURA,CFOV,IC05,INGENIERÍA CIVIL EN COMPUTACIÓN E INFORMÁTICA PLAN 2017,14700,INTRODUCCION A LA FISICA,100,sin comentarios.,Neutral,0.4468,Otro,0.6370,No detectado,0.0500,0.0090,0.0231
FACULTAD DE INGENIERIA Y ARQUITECTURA,CFOV,IC05,INGENIERÍA CIVIL EN COMPUTACIÓN E INFORMÁTICA PLAN 2017,14700,INTRODUCCION A LA FISICA,100,solo habla un poco bajo.,Negativo,0.7154,Otro,0.9076,No detectado,0.0305,0.0248,0.0161
FACULTAD DE INGENIERIA Y ARQUITECTURA,CFOV,IC05,INGENIERÍA CIVIL EN COMPUTACIÓN E INFORMÁTICA PLAN 2017,14700,INTRODUCCION A LA FISICA,100,su forma de enseñar la verdad deja mucho que esperar.,Negativo,0.4568,Otro,0.5696,No detectado,0.0177,0.0111,0.0095
FACULTAD DE INGENIERIA Y ARQUITECTURA,CFOV,CO05,INGENIERÍA EN CONSTRUCCIÓN PLAN 2017,14700,INTRODUCCION A LA FISICA,51,"su manera de enseñar fue apropiada a lo que se esperaba, demostró siempre respeto y empatía por los estudiantes, lograba captar la atención de los estudiantes y el respeto de cada uno de ellos y su flexibilidad con respecto a las entregas permití­a mantener armoní­a en todas las asignaturas, además de responder con amabilidad cada una de las preguntas realizadas a la materia.",Positivo,0.9104,Otro,0.5329,No detectado,0.0124,0.0054,0.0070
FACULTAD DE INGENIERIA Y ARQUITECTURA,CFOV,IM02,INGENIERÍA CIVIL EN MINAS PLAN 2017,14700,INTRODUCCION A LA FISICA,50,sus explicaciones son muy enredadas hasta el mismo se enredada con lo que decí­a.,Negativo,0.8785,Otro,0.9752,No detectado,0.0549,0.0105,0.0243
FACULTAD DE INGENIERIA Y ARQUITECTURA,CFOV,IC05,INGENIERÍA CIVIL EN COMPUTACIÓN E INFORMÁTICA PLAN 2017,14700,INTRODUCCION A LA FISICA,100,"tiene un buen conocimiento de física, pero sus explicaciones en clase pueden ser confusas y dificiles de seguir. serí­a útil si pudiera proporcionar ejemplos más claros y estar más disponible para resolver dudas.",Negativo,0.5981,Otro,0.9943,No detectado,0.0234,0.0044,0.0097
FACULTAD DE INGENIERIA Y ARQUITECTURA,CFOV,GE02,GEOLOGÍA PLAN 2017,14700,INTRODUCCION A LA FISICA,42,todaví­a no tenemos las notas ahora mismo nos an dicho que no saben nada.,Negativo,0.8798,Otro,0.9924,No detectado,0.0353,0.0040,0.0153
FACULTAD DE INGENIERIA Y ARQUITECTURA,CFOV,IM02,INGENIERÍA CIVIL EN MINAS PLAN 2017,14703,ELECTRICIDAD Y MAGNETISMO,11,todo bien.,Positivo,0.7033,Otro,0.7826,No detectado,0.0408,0.0222,0.0283
FACULTAD DE INGENIERIA Y ARQUITECTURA,CFOV,OB07,INGENIERÍA CIVIL EN OBRAS CIVILES PLAN 2017,14700,INTRODUCCION A LA FISICA,50,"un gran profesor , falta respeto hacia el profesor por parte del alumnado.",Negativo,0.9546,Ira,0.7263,No detectado,0.0183,0.0101,0.0093
FACULTAD DE INGENIERIA Y ARQUITECTURA,CFOV,IC05,INGENIERÍA CIVIL EN COMPUTACIÓN E INFORMÁTICA PLAN 2017,14700,INTRODUCCION A LA FISICA,11,un profesor modelo.,Neutral,0.6982,Otro,0.9712,No detectado,0.0479,0.0125,0.0160
FACULTAD DE INGENIERIA Y ARQUITECTURA,CFOV,IM02,INGENIERÍA CIVIL EN MINAS PLAN 2017,14700,INTRODUCCION A LA FISICA,50,wena profesor.,Positivo,0.6598,Otro,0.8462,No detectado,0.0235,0.0240,0.0208
FACULTAD DE INGENIERIA Y ARQUITECTURA,ACS,AR03,ARQUITECTURA PLAN 2015,11198,EFG: ARQUITECTURA Y HORMIGÓN ARMADO,10,buen docente.,Positivo,0.8689,Alegría,0.8098,No detectado,0.0230,0.0187,0.0216
FACULTAD DE INGENIERIA Y ARQUITECTURA,ACS,AR03,ARQUITECTURA PLAN 2015,11198,EFG: ARQUITECTURA Y HORMIGÓN ARMADO,10,"buen docente, conocido como el socio muy recomendó, he aprendido más arquitectura en sus horas de clases que en otras clases.",Positivo,0.9157,Otro,0.9311,No detectado,0.0129,0.0077,0.0087
FACULTAD DE INGENIERIA Y ARQUITECTURA,ACS,AR03,ARQUITECTURA PLAN 2015,11066,SISTEMAS CONSTRUCTIVOS AVANZADOS,10,"buen docente, conocido como el socio muy recomendó, he aprendido más arquitectura en sus horas de clases que en otras clases.",Positivo,0.9157,Otro,0.9311,No detectado,0.0129,0.0077,0.0087
FACULTAD DE INGENIERIA Y ARQUITECTURA,ACS,AR03,ARQUITECTURA PLAN 2015,11066,SISTEMAS CONSTRUCTIVOS AVANZADOS,10,buen profesor de los mejores.,Positivo,0.9721,Alegría,0.8593,No detectado,0.0122,0.0096,0.0128
FACULTAD DE INGENIERIA Y ARQUITECTURA,ACS,AR03,ARQUITECTURA PLAN 2015,11066,SISTEMAS CONSTRUCTIVOS AVANZADOS,10,buen profesor.,Positivo,0.8798,Alegría,0.6186,No detectado,0.0201,0.0141,0.0145
FACULTAD DE INGENIERIA Y ARQUITECTURA,ACS,AR03,ARQUITECTURA PLAN 2015,11066,SISTEMAS CONSTRUCTIVOS AVANZADOS,10,buen profesor con arto conocimiento para preguntar todo lo tecnico y conciente del rol como arquitecto.,Positivo,0.8550,Otro,0.9912,No detectado,0.0160,0.0079,0.0082
FACULTAD DE INGENIERIA Y ARQUITECTURA,ACS,AR03,ARQUITECTURA PLAN 2015,11066,SISTEMAS CONSTRUCTIVOS AVANZADOS,10,"buen profesor, aunque bastante exigente(no es malo eso).",Positivo,0.8099,Otro,0.9559,No detectado,0.0227,0.0105,0.0129
FACULTAD DE INGENIERIA Y ARQUITECTURA,ACS,AR03,ARQUITECTURA PLAN 2015,11066,SISTEMAS CONSTRUCTIVOS AVANZADOS,10,"buen profesor, estricto pero enseí?a bien, se maneja y sabe mucho en temas constructivos que es lo mas importante de una obra.",Positivo,0.9273,Otro,0.9852,No detectado,0.0244,0.0101,0.0128
FACULTAD DE INGENIERIA Y ARQUITECTURA,ACS,AR03,ARQUITECTURA PLAN 2015,11066,SISTEMAS CONSTRUCTIVOS AVANZADOS,10,"bueno el profesor , exigente , pero aprendo demasiado con el.",Positivo,0.8542,Otro,0.5846,No detectado,0.0268,0.0146,0.0131
FACULTAD DE INGENIERIA Y ARQUITECTURA,ACS,AR03,ARQUITECTURA PLAN 2015,11066,SISTEMAS CONSTRUCTIVOS AVANZADOS,10,cambio un poco de metodología o compartir material.,Neutral,0.9521,Otro,0.9963,No detectado,0.0171,0.0068,0.0121
FACULTAD DE INGENIERIA Y ARQUITECTURA,ACS,AR03,ARQUITECTURA PLAN 2015,11198,EFG: ARQUITECTURA Y HORMIGÓN ARMADO,10,"ejemplo de profesor. muy buen curso, el profesor es experto en el tema y es muy ordenado con los encargos, pautas de evaluación y fechas. un gusto ser su alumno.",Positivo,0.9746,Alegría,0.9912,No detectado,0.0113,0.0065,0.0073
FACULTAD DE INGENIERIA Y ARQUITECTURA,ACS,AR03,ARQUITECTURA PLAN 2015,11066,SISTEMAS CONSTRUCTIVOS AVANZADOS,10,"el clase a clase es bien estructura, ayuda bastante.",Positivo,0.9484,Otro,0.9014,No detectado,0.0291,0.0105,0.0168
FACULTAD DE INGENIERIA Y ARQUITECTURA,ACS,AR03,ARQUITECTURA PLAN 2015,11066,SISTEMAS CONSTRUCTIVOS AVANZADOS,10,"el profesor alexi a hecho un buen trabajo de enseñanza, nos sirvio mucho para taller y en general para el futuro .",Positivo,0.9770,Otro,0.5025,No detectado,0.0105,0.0083,0.0070
FACULTAD DE INGENIERIA Y ARQUITECTURA,ACS,AR03,ARQUITECTURA PLAN 2015,11066,SISTEMAS CONSTRUCTIVOS AVANZADOS,10,"el profesor alexis es el mejor profesor que puede existir ya que te enseña de la forma más adecuada posible para que entiendas lo que es la arquitectura, estoy muy contento de haber conocido al profesor y seguiré sus pasos.",Positivo,0.9793,Alegría,0.9955,No detectado,0.0103,0.0067,0.0068
FACULTAD DE INGENIERIA Y ARQUITECTURA,ACS,AR03,ARQUITECTURA PLAN 2015,11066,SISTEMAS CONSTRUCTIVOS AVANZADOS,10,"en cuanto al año pasado mejoró demasiado su forma de llevarse con sus alumnos, ahora lo entiendo mucho mejor y considero que es un profesor excepcional.",Positivo,0.9682,Alegría,0.7929,No detectado,0.0082,0.0068,0.0057
FACULTAD DE INGENIERIA Y ARQUITECTURA,ACS,AR03,ARQUITECTURA PLAN 2015,11066,SISTEMAS CONSTRUCTIVOS AVANZADOS,10,gracias por todo.,Positivo,0.8055,Alegría,0.8729,No detectado,0.0182,0.0136,0.0161
FACULTAD DE INGENIERIA Y ARQUITECTURA,ACS,AR03,ARQUITECTURA PLAN 2015,11066,SISTEMAS CONSTRUCTIVOS AVANZADOS,10,"gran profesor, pero no me logra convencer su metodología de trabajo.",Negativo,0.8142,Otro,0.9879,No detectado,0.0165,0.0124,0.0103
FACULTAD DE INGENIERIA Y ARQUITECTURA,ACS,AR03,ARQUITECTURA PLAN 2015,11198,EFG: ARQUITECTURA Y HORMIGÓN ARMADO,10,"lo mismo que en sistemas constructivos, estoy muy contento con el profesor ya que nos enseñó realmente lo que es la arquitectura y como podemos abordarla en nuestros proyectos , recomiendo totalmente al profesor para que los estudiantes de verdad aprendan.",Positivo,0.9711,Alegría,0.9918,No detectado,0.0185,0.0054,0.0081
FACULTAD DE INGENIERIA Y ARQUITECTURA,ACS,AR03,ARQUITECTURA PLAN 2015,11198,EFG: ARQUITECTURA Y HORMIGÓN ARMADO,10,muy buen maestro.,Positivo,0.9666,Alegría,0.9715,No detectado,0.0101,0.0112,0.0101
FACULTAD DE INGENIERIA Y ARQUITECTURA,ACS,AR03,ARQUITECTURA PLAN 2015,11198,EFG: ARQUITECTURA Y HORMIGÓN ARMADO,10,muy buen profesor.,Positivo,0.9677,Alegría,0.9051,No detectado,0.0123,0.0104,0.0094
FACULTAD DE INGENIERIA Y ARQUITECTURA,ACS,AR03,ARQUITECTURA PLAN 2015,11066,SISTEMAS CONSTRUCTIVOS AVANZADOS,10,muy buen profesor y conocedor de la materia.,Positivo,0.9651,Otro,0.9515,No detectado,0.0110,0.0092,0.0083
FACULTAD DE INGENIERIA Y ARQUITECTURA,ACS,AR03,ARQUITECTURA PLAN 2015,11066,SISTEMAS CONSTRUCTIVOS AVANZADOS,10,"muy buen profesor, le falta ser igual de exigente que antes.",Positivo,0.8493,Otro,0.9879,No detectado,0.0197,0.0127,0.0094
FACULTAD DE INGENIERIA Y ARQUITECTURA,ACS,AR03,ARQUITECTURA PLAN 2015,11066,SISTEMAS CONSTRUCTIVOS AVANZADOS,10,muy interesado el profesor en que aprendamos.,Neutral,0.6766,Otro,0.9951,No detectado,0.0167,0.0088,0.0081
FACULTAD DE INGENIERIA Y ARQUITECTURA,ACS,AR03,ARQUITECTURA PLAN 2015,11066,SISTEMAS CONSTRUCTIVOS AVANZADOS,10,"profesor de desarrollo de muy buena manera durante este semestre, explicaba de manera calmada y se aseguraba que los alumnos comprendieran lo que estaban haciendo, muy buen profesor.",Positivo,0.9733,Alegría,0.6339,No detectado,0.0130,0.0076,0.0077
FACULTAD DE INGENIERIA Y ARQUITECTURA,ACS,AR03,ARQUITECTURA PLAN 2015,11066,SISTEMAS CONSTRUCTIVOS AVANZADOS,10,"si bien, tiene un método de enseñanza diferente, con el tiempo pude entender su manera de enseñar, por lo que no se me hizo complejo.",Positivo,0.8768,Otro,0.9910,No detectado,0.0108,0.0065,0.0072
FACULTAD DE INGENIERIA Y ARQUITECTURA,ACS,AR03,ARQUITECTURA PLAN 2015,11066,SISTEMAS CONSTRUCTIVOS AVANZADOS,10,"si pudiera dar una nota mas baja la pondrí­a, realmente el profesor no se detiene a enseñar, la forma de enseñanza que utiliza es en base a gritos y ninguneando la forma en la que los estudiantes pueden ir mas allá, o cuando simplemente un estudiante no sabe sobre algún termino o algún concepto, las enseñanzas en base a realizar presentaciones cuando ni la ayudante ni el profesor se coordinan para entregar el material de las presentaciones de los demás compañeros.",Negativo,0.9483,Ira,0.7032,No detectado,0.0799,0.0050,0.0306
FACULTAD DE INGENIERIA Y ARQUITECTURA,ACS,AR03,ARQUITECTURA PLAN 2015,11066,SISTEMAS CONSTRUCTIVOS AVANZADOS,10,"sin duda el mejor profesor, un ejemplo de orden en cuanto a calendario y pedido de los encargos, siempre a la fecha con lo solicitado y con pautas de evaluación bien explicadas. un ejemplo para los otros profesores.",Positivo,0.9558,Alegría,0.9650,No detectado,0.0110,0.0054,0.0068
FACULTAD DE INGENIERIA Y ARQUITECTURA,ACS,AR03,ARQUITECTURA PLAN 2015,11066,SISTEMAS CONSTRUCTIVOS AVANZADOS,10,un docente ejemplar. se preocupa de los estudiantes y enseña su materia muy bien.,Positivo,0.9717,Alegría,0.9794,No detectado,0.0127,0.0098,0.0083
FACULTAD DE INGENIERIA Y ARQUITECTURA,ACS,AR03,ARQUITECTURA PLAN 2015,11066,SISTEMAS CONSTRUCTIVOS AVANZADOS,10,un profesor excelente.,Positivo,0.9564,Alegría,0.9737,No detectado,0.0140,0.0105,0.0094
FACULTAD DE INGENIERIA Y ARQUITECTURA,ACS,AR03,ARQUITECTURA PLAN 2015,11066,SISTEMAS CONSTRUCTIVOS AVANZADOS,10,uno de los mejores profesores de la carrera que con las revisiones enseña a replantearse diversas cosas de la carrera y de esta manera incentiva el aprendizaje y también enseña muy bien.,Positivo,0.9735,Otro,0.8002,No detectado,0.0096,0.0060,0.0068
FACULTAD DE INGENIERIA Y ARQUITECTURA,PKWF,ARS1,ARQUITECTURA (LA SERENA),11282,OPT : ETICA profesorSIONAL,210,"agradecido por sus enseñansas, fue agradable tener una perspectiva de exp y acontecimientos reales que apoyen al curso.",Positivo,0.9736,Alegría,0.9919,No detectado,0.0128,0.0067,0.0079
FACULTAD DE INGENIERIA Y ARQUITECTURA,PKWF,ARS1,ARQUITECTURA (LA SERENA),11282,OPT : ETICA profesorSIONAL,210,buena profesora muy querida y profesorsional.,Positivo,0.9752,Alegría,0.9944,No detectado,0.0953,0.1108,0.0602
FACULTAD DE INGENIERIA Y ARQUITECTURA,PKWF,ARS1,ARQUITECTURA (LA SERENA),11282,OPT : ETICA profesorSIONAL,210,"buena profesora, detalles a mejorar asistencia.",Positivo,0.9589,Alegría,0.9775,No detectado,0.0682,0.0258,0.0274
FACULTAD DE INGENIERIA Y ARQUITECTURA,PKWF,ARS1,ARQUITECTURA (LA SERENA),11282,OPT : ETICA profesorSIONAL,210,"es una buena profesora que tiene consideración con sus alumnos, su rendimiento es impecable, más profesores como ella porfavor.",Positivo,0.9789,Alegría,0.9817,No detectado,0.0657,0.0289,0.0251
FACULTAD DE INGENIERIA Y ARQUITECTURA,PKWF,ARS1,ARQUITECTURA (LA SERENA),11282,OPT : ETICA profesorSIONAL,210,excelente profesorsional debería tener más ramos.,Positivo,0.7244,Otro,0.9864,No detectado,0.0256,0.0108,0.0152
FACULTAD DE INGENIERIA Y ARQUITECTURA,PKWF,ARS1,ARQUITECTURA (LA SERENA),11282,OPT : ETICA profesorSIONAL,210,excelente profesora.,Positivo,0.9144,Alegría,0.9657,No detectado,0.0915,0.0614,0.0453
FACULTAD DE INGENIERIA Y ARQUITECTURA,PKWF,ARS1,ARQUITECTURA (LA SERENA),11282,OPT : ETICA profesorSIONAL,210,exelente docente.,Positivo,0.9649,Alegría,0.9629,No detectado,0.0201,0.0146,0.0121
FACULTAD DE INGENIERIA Y ARQUITECTURA,PKWF,ARS1,ARQUITECTURA (LA SERENA),11282,OPT : ETICA profesorSIONAL,210,"la docente impartió un curso que como estudiantes y futuros profesorsionales nos ayudó a comprender que su ejercicio laboral es complejo y diverso, siempre desde la ética, y sirvió para aplicar lo aprendido en clases para poder generar un pensamiento crí­tico hacia la profesorsión.",Positivo,0.7736,Otro,0.9929,No detectado,0.0177,0.0054,0.0103
FACULTAD DE INGENIERIA Y ARQUITECTURA,PKWF,ARS1,ARQUITECTURA (LA SERENA),11282,OPT : ETICA profesorSIONAL,210,"la profesora demuestra una preparación meticulosa para cada clase, asegurando que el contenido esté bien estructurado y sea relevante para los estudiantes.",Positivo,0.7954,Otro,0.9902,No detectado,0.0190,0.0086,0.0084
FACULTAD DE INGENIERIA Y ARQUITECTURA,PKWF,ARS1,ARQUITECTURA (LA SERENA),11282,OPT : ETICA profesorSIONAL,210,muy buena dinamica como tambien muy empatica por los horarios.,Positivo,0.9083,Otro,0.9390,No detectado,0.0983,0.0334,0.0439
FACULTAD DE INGENIERIA Y ARQUITECTURA,PKWF,ARS1,ARQUITECTURA (LA SERENA),11282,OPT : ETICA profesorSIONAL,210,muy dedicada y buena profesora.,Positivo,0.9574,Alegría,0.9032,No detectado,0.3613,0.3481,0.1709
FACULTAD DE INGENIERIA Y ARQUITECTURA,PKWF,ARS1,ARQUITECTURA (LA SERENA),11282,OPT : ETICA profesorSIONAL,210,no me gusto que por asistencia no haya revisado los trabajos realizados.,Negativo,0.9482,Otro,0.6121,No detectado,0.0267,0.0108,0.0156
FACULTAD DE INGENIERIA Y ARQUITECTURA,PKWF,ARS1,ARQUITECTURA (LA SERENA),11282,OPT : ETICA profesorSIONAL,210,que la clase se realice en otro horario.,Neutral,0.8280,Otro,0.9927,No detectado,0.0990,0.0168,0.0311
FACULTAD DE INGENIERIA Y ARQUITECTURA,PKWF,ARS1,ARQUITECTURA (LA SERENA),11282,OPT : ETICA profesorSIONAL,210,ramo necesario para el desarrollo de un profesorsional.,Positivo,0.6242,Otro,0.9935,No detectado,0.0171,0.0081,0.0093
FACULTAD DE INGENIERIA Y ARQUITECTURA,PKWF,ARS1,ARQUITECTURA (LA SERENA),11282,OPT : ETICA profesorSIONAL,210,sin comentarios.,Neutral,0.4468,Otro,0.6370,No detectado,0.0500,0.0090,0.0231
FACULTAD DE INGENIERIA Y ARQUITECTURA,PKWF,ARS1,ARQUITECTURA (LA SERENA),11282,OPT : ETICA profesorSIONAL,210,"una profesora con mucha vocación, preocupada desde del dí­a 0 por el ramo.",Negativo,0.7762,Otro,0.9915,No detectado,0.0648,0.0211,0.0165
FACULTAD DE INGENIERIA Y ARQUITECTURA,PKWF,ARS1,ARQUITECTURA (LA SERENA),11282,OPT : ETICA profesorSIONAL,210,una profesora que realiza su labor con gran motivacion.,Positivo,0.9597,Alegría,0.9584,No detectado,0.0646,0.0234,0.0227
FACULTAD DE INGENIERIA Y ARQUITECTURA,IMGG,AR03,ARQUITECTURA PLAN 2015,11020,RAZON Y LOGICA DE LOS TIPOS ESTRUCTURALES,10,a lo largo del semestre logre aprender a pesar de la dificultad que tengo con respecto a la materia.,Positivo,0.7613,Alegría,0.7010,No detectado,0.0133,0.0061,0.0067
FACULTAD DE INGENIERIA Y ARQUITECTURA,IMGG,AR03,ARQUITECTURA PLAN 2015,11020,RAZON Y LOGICA DE LOS TIPOS ESTRUCTURALES,10,bien.,Positivo,0.7325,Alegría,0.8209,No detectado,0.0506,0.0188,0.0390
FACULTAD DE INGENIERIA Y ARQUITECTURA,IMGG,AR03,ARQUITECTURA PLAN 2015,11020,RAZON Y LOGICA DE LOS TIPOS ESTRUCTURALES,10,buena maestra.,Positivo,0.8948,Alegría,0.9631,No detectado,0.0587,0.0396,0.0397
FACULTAD DE INGENIERIA Y ARQUITECTURA,IMGG,AR03,ARQUITECTURA PLAN 2015,11020,RAZON Y LOGICA DE LOS TIPOS ESTRUCTURALES,10,buena profesor.,Positivo,0.7609,Alegría,0.9414,No detectado,0.0224,0.0198,0.0237
FACULTAD DE INGENIERIA Y ARQUITECTURA,IMGG,AR03,ARQUITECTURA PLAN 2015,11065,MODELOS ESTRUCTURALES PLANOS,10,buena profesor para estructura.,Positivo,0.6989,Otro,0.7351,No detectado,0.0355,0.0206,0.0221
FACULTAD DE INGENIERIA Y ARQUITECTURA,IMGG,AR03,ARQUITECTURA PLAN 2015,11065,MODELOS ESTRUCTURALES PLANOS,10,"buena profesor, pero la ayudante es mala.",Negativo,0.8021,Otro,0.8927,Agresivo,0.9249,0.8641,0.7485
FACULTAD DE INGENIERIA Y ARQUITECTURA,IMGG,AR03,ARQUITECTURA PLAN 2015,11065,MODELOS ESTRUCTURALES PLANOS,10,buena profesora.,Positivo,0.8748,Alegría,0.9415,No detectado,0.0699,0.0374,0.0376
FACULTAD DE INGENIERIA Y ARQUITECTURA,IMGG,AR03,ARQUITECTURA PLAN 2015,11065,MODELOS ESTRUCTURALES PLANOS,10,buena profesora.,Positivo,0.8748,Alegría,0.9415,No detectado,0.0699,0.0374,0.0376
FACULTAD DE INGENIERIA Y ARQUITECTURA,IMGG,AR03,ARQUITECTURA PLAN 2015,11020,RAZON Y LOGICA DE LOS TIPOS ESTRUCTURALES,10,"buena profesora, actividades diversas y entretenidas.",Positivo,0.9643,Alegría,0.9794,No detectado,0.0334,0.0093,0.0168
FACULTAD DE INGENIERIA Y ARQUITECTURA,IMGG,AR03,ARQUITECTURA PLAN 2015,11020,RAZON Y LOGICA DE LOS TIPOS ESTRUCTURALES,10,"buena profesora, dispuesta a ayudar y resolver dudas, tiene docencia.",Positivo,0.8886,Alegría,0.8327,No detectado,0.0711,0.0259,0.0215
FACULTAD DE INGENIERIA Y ARQUITECTURA,IMGG,AR03,ARQUITECTURA PLAN 2015,11065,MODELOS ESTRUCTURALES PLANOS,10,"buenas profesors , me ayudaron a mejorar mi proyrcto de taller , aprendi mucho , muy buenas profesors.",Positivo,0.9678,Alegría,0.9919,No detectado,0.0157,0.0080,0.0115
FACULTAD DE INGENIERIA Y ARQUITECTURA,IMGG,AR03,ARQUITECTURA PLAN 2015,11020,RAZON Y LOGICA DE LOS TIPOS ESTRUCTURALES,10,"buenas profesoras , aprendi mucho con las dos , en el curso y en tambien los consejos para mi proyecto de taller , muy buenas y con pasiencia para enseñar.",Positivo,0.9696,Alegría,0.9898,No detectado,0.0714,0.0094,0.0237
FACULTAD DE INGENIERIA Y ARQUITECTURA,IMGG,AR03,ARQUITECTURA PLAN 2015,11020,RAZON Y LOGICA DE LOS TIPOS ESTRUCTURALES,10,daban ganas de preguntarle.,Neutral,0.6186,Otro,0.8967,No detectado,0.0473,0.0194,0.0257
FACULTAD DE INGENIERIA Y ARQUITECTURA,IMGG,AR03,ARQUITECTURA PLAN 2015,11020,RAZON Y LOGICA DE LOS TIPOS ESTRUCTURALES,10,"docente es increible, siempre atenta a sus alumnos con una capacidad increible de poder ayudarnos, es maravillosa y su ayudante igual.",Positivo,0.9695,Alegría,0.9839,No detectado,0.1432,0.0734,0.0548
FACULTAD DE INGENIERIA Y ARQUITECTURA,IMGG,AR03,ARQUITECTURA PLAN 2015,11020,RAZON Y LOGICA DE LOS TIPOS ESTRUCTURALES,10,"es excelente profesora, pero la poca ejercitacion sin saber si esta bien o no lo que uno realiza no ayuda en nuestro aprendizaje, ademas las evaluciones luego tienen mas complicaciones que los ejercicios de las clases.",Negativo,0.9089,Otro,0.8229,No detectado,0.0832,0.0078,0.0224
FACULTAD DE INGENIERIA Y ARQUITECTURA,IMGG,AR03,ARQUITECTURA PLAN 2015,11020,RAZON Y LOGICA DE LOS TIPOS ESTRUCTURALES,10,"es una profesora que busca y ayuda a cada estudiante a aprender lo que ella enseña, así sea explicando las veces necesarias y poniendo en práctica cada ejercicio en conjunto con ella.",Positivo,0.8358,Otro,0.9588,No detectado,0.0464,0.0173,0.0136
FACULTAD DE INGENIERIA Y ARQUITECTURA,IMGG,AR03,ARQUITECTURA PLAN 2015,11020,RAZON Y LOGICA DE LOS TIPOS ESTRUCTURALES,10,estarí­a genial que en clases subsiguientes la materia también se pudiera instruir sobre trabajos pequeños más manuales para poder entender de manera no únicamente teórica las fórmulas y las funciones.,Neutral,0.6535,Otro,0.9949,No detectado,0.0224,0.0046,0.0090
FACULTAD DE INGENIERIA Y ARQUITECTURA,IMGG,AR03,ARQUITECTURA PLAN 2015,11065,MODELOS ESTRUCTURALES PLANOS,10,"excelente docente. la ayudante suele tener trato especial y se nota cuando alguien no le agrada, mal ahí­.",Negativo,0.9441,Otro,0.7278,No detectado,0.0447,0.0171,0.0189
FACULTAD DE INGENIERIA Y ARQUITECTURA,IMGG,AR03,ARQUITECTURA PLAN 2015,11020,RAZON Y LOGICA DE LOS TIPOS ESTRUCTURALES,10,excelente equipo docente.,Positivo,0.9416,Alegría,0.9829,No detectado,0.0154,0.0122,0.0107
FACULTAD DE INGENIERIA Y ARQUITECTURA,IMGG,AR03,ARQUITECTURA PLAN 2015,11020,RAZON Y LOGICA DE LOS TIPOS ESTRUCTURALES,10,excelente profesor.,Positivo,0.9060,Alegría,0.9409,No detectado,0.0124,0.0121,0.0102
FACULTAD DE INGENIERIA Y ARQUITECTURA,IMGG,AR03,ARQUITECTURA PLAN 2015,11065,MODELOS ESTRUCTURALES PLANOS,10,"excelente profesora , cuando alguien no entiende la profesora vuelve a explicar hasta que se comprenda lo que se esta pasando , preocupado de que todos cumplan con sus respectivas entregas.",Neutral,0.5987,Otro,0.9612,No detectado,0.0687,0.0132,0.0216
FACULTAD DE INGENIERIA Y ARQUITECTURA,IMGG,AR03,ARQUITECTURA PLAN 2015,11065,MODELOS ESTRUCTURALES PLANOS,10,"excelente profesora, siempre escucha y ayuda a sus estudiantes junto a su ayudante, hace las clases entretenidas.",Positivo,0.9746,Alegría,0.9739,No detectado,0.0346,0.0149,0.0164
FACULTAD DE INGENIERIA Y ARQUITECTURA,IMGG,AR03,ARQUITECTURA PLAN 2015,11065,MODELOS ESTRUCTURALES PLANOS,10,excelente profesora.,Positivo,0.9144,Alegría,0.9657,No detectado,0.0915,0.0614,0.0453
FACULTAD DE INGENIERIA Y ARQUITECTURA,IMGG,AR03,ARQUITECTURA PLAN 2015,11065,MODELOS ESTRUCTURALES PLANOS,10,gracias por todo.,Positivo,0.8055,Alegría,0.8729,No detectado,0.0182,0.0136,0.0161
FACULTAD DE INGENIERIA Y ARQUITECTURA,IMGG,AR03,ARQUITECTURA PLAN 2015,11065,MODELOS ESTRUCTURALES PLANOS,10,gran profesora que junto a su ayudante ayudaron bastante a lo largo del año.,Positivo,0.9705,Alegría,0.9846,No detectado,0.0197,0.0112,0.0106
FACULTAD DE INGENIERIA Y ARQUITECTURA,IMGG,AR03,ARQUITECTURA PLAN 2015,11020,RAZON Y LOGICA DE LOS TIPOS ESTRUCTURALES,10,he tenido hartos cursos con la profesora y siempre digo que es muy dedicada a enseñar y muy empática para sus estudiantes.,Positivo,0.9641,Otro,0.9558,No detectado,0.0692,0.0465,0.0288
FACULTAD DE INGENIERIA Y ARQUITECTURA,IMGG,AR03,ARQUITECTURA PLAN 2015,11065,MODELOS ESTRUCTURALES PLANOS,10,la mejor profesor.,Positivo,0.9126,Alegría,0.9678,No detectado,0.0411,0.0416,0.0292
FACULTAD DE INGENIERIA Y ARQUITECTURA,IMGG,AR03,ARQUITECTURA PLAN 2015,11065,MODELOS ESTRUCTURALES PLANOS,10,la profesora ha hecho un buen trabajo en el aprendizaje y retroalimentación.,Positivo,0.9677,Otro,0.6988,No detectado,0.0183,0.0095,0.0091
FACULTAD DE INGENIERIA Y ARQUITECTURA,IMGG,AR03,ARQUITECTURA PLAN 2015,11065,MODELOS ESTRUCTURALES PLANOS,10,"la profesora del curso es muy buena, siempre esta dispuesta a resolver dudas por mas repetitivo que pueda ser, tambien tiene muy buena disposición ya sea en clases o fuera del horario de clases, pero la ayudante cristina moreno es super impolsiva y violenta al momento de resolver dudas, a veces tiene respuestas super fuera de lugar y discriminadoras, involucrandose en temas personales de alumnos.",Neutral,0.4438,Ira,0.8938,No detectado,0.2342,0.0310,0.0907
FACULTAD DE INGENIERIA Y ARQUITECTURA,IMGG,AR03,ARQUITECTURA PLAN 2015,11065,MODELOS ESTRUCTURALES PLANOS,10,"la profesora isabel es una seca, me encanta su forma de enseñar, el como se lleva con sus alumnos, le entiendo todo. es una profesora excepcional.",Positivo,0.9712,Alegría,0.9811,No detectado,0.1550,0.1423,0.0965
FACULTAD DE INGENIERIA Y ARQUITECTURA,IMGG,AR03,ARQUITECTURA PLAN 2015,11020,RAZON Y LOGICA DE LOS TIPOS ESTRUCTURALES,10,la profesora se adapta bien a cada estudiante para que cada uno logre los resultados esperados de la asignatura.,Positivo,0.6853,Otro,0.9885,No detectado,0.0247,0.0086,0.0086
FACULTAD DE INGENIERIA Y ARQUITECTURA,IMGG,AR03,ARQUITECTURA PLAN 2015,11020,RAZON Y LOGICA DE LOS TIPOS ESTRUCTURALES,10,las clases que realiza la profesora son bastante interactivas y fáciles de entender.,Positivo,0.9447,Otro,0.9901,No detectado,0.0400,0.0053,0.0129
FACULTAD DE INGENIERIA Y ARQUITECTURA,IMGG,AR03,ARQUITECTURA PLAN 2015,11065,MODELOS ESTRUCTURALES PLANOS,10,muy buena maestra.,Positivo,0.9746,Alegría,0.9809,No detectado,0.0536,0.0396,0.0338
FACULTAD DE INGENIERIA Y ARQUITECTURA,IMGG,AR03,ARQUITECTURA PLAN 2015,11020,RAZON Y LOGICA DE LOS TIPOS ESTRUCTURALES,10,"muy buena profesor, no le importan las notas, si no lo que quiere es que uno aprenda y valoraba más la disciplina.",Positivo,0.9231,Otro,0.9223,No detectado,0.0193,0.0069,0.0093
FACULTAD DE INGENIERIA Y ARQUITECTURA,IMGG,AR03,ARQUITECTURA PLAN 2015,11020,RAZON Y LOGICA DE LOS TIPOS ESTRUCTURALES,10,"muy buena profesora con un gran conocimiento en su enseñanza y asignatura, ayuda mucho a poder comprender un tema dentro de su asignatura que no haya entendido, solo dentro de la asignatura falto reforzar de mejor manera los ejercicios de calculos de reacciones pero mas alla nada, muy buena profesora.",Positivo,0.9191,Alegría,0.6679,No detectado,0.0474,0.0177,0.0227
FACULTAD DE INGENIERIA Y ARQUITECTURA,IMGG,AR03,ARQUITECTURA PLAN 2015,11065,MODELOS ESTRUCTURALES PLANOS,10,"muy buena profesora, aun que, debería ser mas autoritaria con sus ayudantes ya que ella es la profesora.",Positivo,0.6658,Otro,0.9797,No detectado,0.4646,0.2582,0.1706
FACULTAD DE INGENIERIA Y ARQUITECTURA,IMGG,AR03,ARQUITECTURA PLAN 2015,11020,RAZON Y LOGICA DE LOS TIPOS ESTRUCTURALES,10,"muy buena profesora, debe tener mas apoyo por parte de la universidad.",Positivo,0.9660,Otro,0.6246,No detectado,0.1293,0.0382,0.0391
FACULTAD DE INGENIERIA Y ARQUITECTURA,IMGG,AR03,ARQUITECTURA PLAN 2015,11065,MODELOS ESTRUCTURALES PLANOS,10,"muy buena profesora, enseña de tal manera que sea fácil de comprender y no se vuelva tedioso el tema de las estructuras.",Positivo,0.9359,Otro,0.9266,No detectado,0.0230,0.0105,0.0102
FACULTAD DE INGENIERIA Y ARQUITECTURA,IMGG,AR03,ARQUITECTURA PLAN 2015,11020,RAZON Y LOGICA DE LOS TIPOS ESTRUCTURALES,10,"muy buena profesora, se nota que el manejo que tiene en la materia.",Positivo,0.9719,Alegría,0.6640,No detectado,0.0273,0.0221,0.0135
FACULTAD DE INGENIERIA Y ARQUITECTURA,IMGG,AR03,ARQUITECTURA PLAN 2015,11020,RAZON Y LOGICA DE LOS TIPOS ESTRUCTURALES,10,"muy buena profesora, totalmente dedicada y su ayudante es igual.",Positivo,0.9748,Alegría,0.9626,No detectado,0.1886,0.1370,0.0804
FACULTAD DE INGENIERIA Y ARQUITECTURA,IMGG,AR03,ARQUITECTURA PLAN 2015,11020,RAZON Y LOGICA DE LOS TIPOS ESTRUCTURALES,10,nada.,Neutral,0.4837,Otro,0.8243,No detectado,0.0509,0.0136,0.0305
FACULTAD DE INGENIERIA Y ARQUITECTURA,IMGG,AR03,ARQUITECTURA PLAN 2015,11065,MODELOS ESTRUCTURALES PLANOS,10,no tengo comentarios ya que por razones externas no pude asistir a las clases del ramo.,Negativo,0.8297,Otro,0.9672,No detectado,0.0145,0.0054,0.0081
FACULTAD DE INGENIERIA Y ARQUITECTURA,IMGG,AR03,ARQUITECTURA PLAN 2015,11065,MODELOS ESTRUCTURALES PLANOS,10,profesora muy comprometida con sus alumnos. tiene una muy buena disposición a la hora de enseñar.,Positivo,0.9748,Alegría,0.9104,No detectado,0.0211,0.0126,0.0103
FACULTAD DE INGENIERIA Y ARQUITECTURA,IMGG,AR03,ARQUITECTURA PLAN 2015,11065,MODELOS ESTRUCTURALES PLANOS,10,recomiendo totalmente a la profesora ya que sabe mucho sobre estructuras y su forma de enseñar es fácil de entender.,Positivo,0.9676,Otro,0.9903,No detectado,0.0194,0.0113,0.0095
FACULTAD DE INGENIERIA Y ARQUITECTURA,IMGG,AR03,ARQUITECTURA PLAN 2015,11020,RAZON Y LOGICA DE LOS TIPOS ESTRUCTURALES,10,sin comentarios.,Neutral,0.4468,Otro,0.6370,No detectado,0.0500,0.0090,0.0231
FACULTAD DE INGENIERIA Y ARQUITECTURA,IMGG,AR03,ARQUITECTURA PLAN 2015,11020,RAZON Y LOGICA DE LOS TIPOS ESTRUCTURALES,10,sin comentarios.,Neutral,0.4468,Otro,0.6370,No detectado,0.0500,0.0090,0.0231
FACULTAD DE INGENIERIA Y ARQUITECTURA,IMGG,AR03,ARQUITECTURA PLAN 2015,11020,RAZON Y LOGICA DE LOS TIPOS ESTRUCTURALES,10,sin comentarios.,Neutral,0.4468,Otro,0.6370,No detectado,0.0500,0.0090,0.0231
FACULTAD DE INGENIERIA Y ARQUITECTURA,IMGG,AR03,ARQUITECTURA PLAN 2015,11020,RAZON Y LOGICA DE LOS TIPOS ESTRUCTURALES,10,"tanto la profesora isabel con su ayudante cristina, demuestran pleno conocimiento en la materia.",Positivo,0.8273,Otro,0.9905,No detectado,0.0122,0.0073,0.0073
FACULTAD DE INGENIERIA Y ARQUITECTURA,IMGG,AR03,ARQUITECTURA PLAN 2015,11020,RAZON Y LOGICA DE LOS TIPOS ESTRUCTURALES,10,"un amor la profesor isabel, todo bien con su clase.",Positivo,0.9756,Alegría,0.9231,No detectado,0.0179,0.0182,0.0104
FACULTAD DE INGENIERIA Y ARQUITECTURA,IMGG,AR03,ARQUITECTURA PLAN 2015,11020,RAZON Y LOGICA DE LOS TIPOS ESTRUCTURALES,10,"un poco apresurado en el aprendizaje, es decir, pasa 1 tema solo 1 clase y a sgte ya es otro tema aparte.",Negativo,0.6217,Otro,0.9921,No detectado,0.0195,0.0057,0.0087
FACULTAD DE INGENIERIA Y ARQUITECTURA,DMJS,GE02,GEOLOGÍA PLAN 2017,3225,ALGEBRA I,10,0.,Neutral,0.5035,Otro,0.4394,No detectado,0.1250,0.0547,0.0788
FACULTAD DE INGENIERIA Y ARQUITECTURA,DMJS,GE02,GEOLOGÍA PLAN 2017,3225,ALGEBRA I,10,sin comentarios.,Neutral,0.4468,Otro,0.6370,No detectado,0.0500,0.0090,0.0231
FACULTAD DE INGENIERIA Y ARQUITECTURA,DMJS,GE02,GEOLOGÍA PLAN 2017,3226,CALCULO I,10,sin comentarios.,Neutral,0.4468,Otro,0.6370,No detectado,0.0500,0.0090,0.0231
FACULTAD DE INGENIERIA Y ARQUITECTURA,DMJS,CI02,INGENIERÍA CIVIL INDUSTRIAL (PLAN 2015),3231,CALCULO II,10,buen profesor.,Positivo,0.8798,Alegría,0.6186,No detectado,0.0201,0.0141,0.0145
FACULTAD DE INGENIERIA Y ARQUITECTURA,DMJS,CO05,INGENIERÍA EN CONSTRUCCIÓN PLAN 2017,3226,CALCULO I,10,buena enseñanza para los alumnos.,Positivo,0.9592,Alegría,0.8312,No detectado,0.0179,0.0102,0.0135
FACULTAD DE INGENIERIA Y ARQUITECTURA,DMJS,GE02,GEOLOGÍA PLAN 2017,3225,ALGEBRA I,10,buena enseñanza pero con algunos comentarios inadecuados.,Negativo,0.7704,Otro,0.9483,No detectado,0.0373,0.0075,0.0226
FACULTAD DE INGENIERIA Y ARQUITECTURA,DMJS,GE02,GEOLOGÍA PLAN 2017,3226,CALCULO I,10,buena profesor.,Positivo,0.7609,Alegría,0.9414,No detectado,0.0224,0.0198,0.0237
FACULTAD DE INGENIERIA Y ARQUITECTURA,DMJS,IM02,INGENIERÍA CIVIL EN MINAS PLAN 2017,3226,CALCULO I,10,"buena profesorsional y conocimientos a corde a su experiencia, falta más cercanía al estudiante a la hora de enseñar.",Positivo,0.6454,Otro,0.9736,No detectado,0.0150,0.0074,0.0099
FACULTAD DE INGENIERIA Y ARQUITECTURA,DMJS,CO05,INGENIERÍA EN CONSTRUCCIÓN PLAN 2017,3225,ALGEBRA I,10,buena profesora.,Positivo,0.8748,Alegría,0.9415,No detectado,0.0699,0.0374,0.0376
FACULTAD DE INGENIERIA Y ARQUITECTURA,DMJS,CI02,INGENIERÍA CIVIL INDUSTRIAL (PLAN 2015),3226,CALCULO I,10,buena profesora.,Positivo,0.8748,Alegría,0.9415,No detectado,0.0699,0.0374,0.0376
FACULTAD DE INGENIERIA Y ARQUITECTURA,DMJS,CI02,INGENIERÍA CIVIL INDUSTRIAL (PLAN 2015),3231,CALCULO II,10,buena profesora.,Positivo,0.8748,Alegría,0.9415,No detectado,0.0699,0.0374,0.0376
FACULTAD DE INGENIERIA Y ARQUITECTURA,DMJS,GE02,GEOLOGÍA PLAN 2017,3225,ALGEBRA I,10,"buena profesora hablando académicamente pero deja mucho que desear en trato con los estudiantes, faltas de respeto, humillación, abuso verbal, falta de interés por explicar acompañado de un comentario sarcástico hacia quién preguntó, entre otros. abusa de su poder totalmente.",Negativo,0.9713,Ira,0.9221,No detectado,0.0162,0.0071,0.0104
FACULTAD DE INGENIERIA Y ARQUITECTURA,DMJS,IC05,INGENIERÍA CIVIL EN COMPUTACIÓN E INFORMÁTICA PLAN 2017,3225,ALGEBRA I,10,"buena profesora, sin embargo le falta actitud para expresarse de mejor forma .",Positivo,0.8193,Otro,0.9814,No detectado,0.1500,0.0734,0.0431
FACULTAD DE INGENIERIA Y ARQUITECTURA,DMJS,IC05,INGENIERÍA CIVIL EN COMPUTACIÓN E INFORMÁTICA PLAN 2017,3226,CALCULO I,10,"buena profesora, sin embargo le falta actitud para la clase.",Positivo,0.4764,Otro,0.9748,No detectado,0.2315,0.1048,0.0615
FACULTAD DE INGENIERIA Y ARQUITECTURA,DMJS,GE02,GEOLOGÍA PLAN 2017,3225,ALGEBRA I,10,"buena profesora, solo que le falta un poco mas de paciencia.",Positivo,0.6522,Otro,0.8846,No detectado,0.4112,0.1926,0.1228
FACULTAD DE INGENIERIA Y ARQUITECTURA,DMJS,CO05,INGENIERÍA EN CONSTRUCCIÓN PLAN 2017,3231,CALCULO II,10,buena profesora.,Positivo,0.8748,Alegría,0.9415,No detectado,0.0699,0.0374,0.0376
FACULTAD DE INGENIERIA Y ARQUITECTURA,DMJS,IM02,INGENIERÍA CIVIL EN MINAS PLAN 2017,3225,ALGEBRA I,10,"bueno no recomiendo esta profesora, ya que te califica mal no cuenta los puntos buenos de las pruebas y aparte si no le agradas empieza a tratarte mal indirectamente y te hace un vací­o en sus clases y eso me afectó psicológicamente por lo cual no asistí­ más a su clase me bajó la autoestima y anduve muy deprimida así que la verdad no la recomiendo porque es una mujer que le gusta humillar a los estudiantes hacerlos sentir en menos.",Negativo,0.9868,Ira,0.7098,Agresivo,0.9344,0.7780,0.8382
FACULTAD DE INGENIERIA Y ARQUITECTURA,DMJS,IC05,INGENIERÍA CIVIL EN COMPUTACIÓN E INFORMÁTICA PLAN 2017,3231,CALCULO II,10,controversial.,Neutral,0.5554,Otro,0.8775,No detectado,0.0538,0.0210,0.0269
FACULTAD DE INGENIERIA Y ARQUITECTURA,DMJS,OB07,INGENIERÍA CIVIL EN OBRAS CIVILES PLAN 2017,3226,CALCULO I,10,"creo que la profesora no enseña de la forma correcta la materia, muchos compañeros estaban desconforme con la forma que explicaba la profesora teniendo en cuenta que fue un curso en el cual habí­an estudiantes que vení­an de introducción a las matemáticas. la profesora pasaba la materia muy rápido asumiendo que eran solo estudiantes que ya habí­an cursado calculo 1, dejando a los otros estudiantes con una base muy mala para el siguiente curso.",Negativo,0.9534,Ira,0.5484,No detectado,0.0593,0.0054,0.0187
FACULTAD DE INGENIERIA Y ARQUITECTURA,DMJS,IM02,INGENIERÍA CIVIL EN MINAS PLAN 2017,3226,CALCULO I,10,deberia explicar cada contenido en ves de sentarse a esperar que nosotros mismos hagamos algo que no nos enseña.,Negativo,0.8001,Otro,0.9444,No detectado,0.0176,0.0054,0.0082
FACULTAD DE INGENIERIA Y ARQUITECTURA,DMJS,IC05,INGENIERÍA CIVIL EN COMPUTACIÓN E INFORMÁTICA PLAN 2017,3225,ALGEBRA I,10,"en lo personal no lograba entender al 100% a la profesora, por ende, acudí­a a otros métodos, pero es de decir que, me cuesta entender esta materia en sí­.",Negativo,0.9499,Otro,0.6892,No detectado,0.0246,0.0103,0.0156
FACULTAD DE INGENIERIA Y ARQUITECTURA,DMJS,IC05,INGENIERÍA CIVIL EN COMPUTACIÓN E INFORMÁTICA PLAN 2017,3226,CALCULO I,10,"en si hace bien su trabajo, es una buena profesora pero, como persona es un mierda, estaba haciendo una consulta de una d mis notas y me atendio de la peor manera posible, espero que como meatendio la atiendan cuantdo tenga algo urgente.",Negativo,0.9100,Ira,0.8664,Agresivo,0.8222,0.7568,0.6893
FACULTAD DE INGENIERIA Y ARQUITECTURA,DMJS,CI02,INGENIERÍA CIVIL INDUSTRIAL (PLAN 2015),3225,ALGEBRA I,10,"en verdad al principio me esforcé por emprender la materia pero en cuanto en las pruebas 0 a la izquierda la profesora metia materia más adelantada que otra sección como también ejercicios de otras materias más a futuras las cuales era un impedimento saber cuál era el verdadero temario de la pruebas, así como en las pruebas como posterior a estas la profesora cuando las entregaba hací­a comentarios despectivos hacia los estudiantes, el rol de un profesor era apoyar e instruir pero sus comentarios hací­an lo contrario prácticamente.",Negativo,0.6764,Otro,0.9372,No detectado,0.1124,0.0062,0.0378
FACULTAD DE INGENIERIA Y ARQUITECTURA,DMJS,IC05,INGENIERÍA CIVIL EN COMPUTACIÓN E INFORMÁTICA PLAN 2017,3226,CALCULO I,10,"enseña bien, pero su comportamiento no es el mejor (mirar en menos a alumnos por no saber enseñanzas de años previos y negarse a explicar los contenidos de futuras evaluaciones [no decí­a la materia que entrarí­a en las pruebas]).",Negativo,0.9393,Otro,0.7850,No detectado,0.0173,0.0042,0.0102
FACULTAD DE INGENIERIA Y ARQUITECTURA,DMJS,IC05,INGENIERÍA CIVIL EN COMPUTACIÓN E INFORMÁTICA PLAN 2017,3226,CALCULO I,10,es buena profesora ayuda a los estudiantes.,Positivo,0.9513,Alegría,0.7982,No detectado,0.1621,0.0623,0.0606
FACULTAD DE INGENIERIA Y ARQUITECTURA,DMJS,IC05,INGENIERÍA CIVIL EN COMPUTACIÓN E INFORMÁTICA PLAN 2017,3231,CALCULO II,10,"es segunda vez que tomo con esta profesora, y en verdad me gustan sus clases y el como explica. el único comentario que tengo acerca de esta profesora es que realiza ciertos comentarios fuera de lugar al entregar las notas, sobre todo cuando estas son bajas.",Positivo,0.7275,Otro,0.9907,No detectado,0.0622,0.0114,0.0210
FACULTAD DE INGENIERIA Y ARQUITECTURA,DMJS,IM02,INGENIERÍA CIVIL EN MINAS PLAN 2017,3225,ALGEBRA I,10,"es una muy buena algebrista pero no cumple con el rol de profesora, saber de algo es muy diferente de saber como enseñarlo a otro. si quieres aprender de álgebra danitza no es una opción para tomar en cuenta.",Negativo,0.6979,Otro,0.9933,No detectado,0.2051,0.0815,0.0754
FACULTAD DE INGENIERIA Y ARQUITECTURA,DMJS,IC05,INGENIERÍA CIVIL EN COMPUTACIÓN E INFORMÁTICA PLAN 2017,3231,CALCULO II,10,excelente profesora.,Positivo,0.9144,Alegría,0.9657,No detectado,0.0915,0.0614,0.0453
FACULTAD DE INGENIERIA Y ARQUITECTURA,DMJS,OB07,INGENIERÍA CIVIL EN OBRAS CIVILES PLAN 2017,3226,CALCULO I,10,falta dar respuestas mas claras.,Neutral,0.6031,Otro,0.9794,No detectado,0.1249,0.0053,0.0255
FACULTAD DE INGENIERIA Y ARQUITECTURA,DMJS,IM02,INGENIERÍA CIVIL EN MINAS PLAN 2017,3225,ALGEBRA I,10,"la profesora danitza es bastante sarcástica y muchas veces realizaba comentarios que no caí­an bien en todos los estudiantes, pero fuera de eso, es una excelente docente y la volvería a escoger como profesora.",Positivo,0.9015,Otro,0.9842,No detectado,0.2091,0.1438,0.0933
FACULTAD DE INGENIERIA Y ARQUITECTURA,DMJS,GE02,GEOLOGÍA PLAN 2017,3226,CALCULO I,10,"la profesora danitza, se refiere y se direge hacia los estudiantes de mala gana y ridiculizando cons sus comentarios, tales como ¿digale a un niño de 10 años que le enseñe algebra?, o al momento de la clase que un compañero tení­a una duda, la profesora le respondió ¿ah no sé, usted estudió?.",Negativo,0.9360,Ira,0.5308,No detectado,0.1976,0.0191,0.0512
FACULTAD DE INGENIERIA Y ARQUITECTURA,DMJS,GE02,GEOLOGÍA PLAN 2017,3225,ALGEBRA I,10,"la profesora danitza, se refiere y se direge hacia los estudiantes de mala gana y ridiculizando cons sus comentarios, tales como ¿digale a un niño de 10 años que le enseñe algebra?, o al momento de la clase que un compañero tení­a una duda, la profesora le respondió ¿ah no sé, usted estudió?.",Negativo,0.9360,Ira,0.5308,No detectado,0.1976,0.0191,0.0512
FACULTAD DE INGENIERIA Y ARQUITECTURA,DMJS,GE02,GEOLOGÍA PLAN 2017,3225,ALGEBRA I,10,la profesora no le pone empeño a enseñar bien ni a preocuparse por sus alumnos.,Negativo,0.9736,Ira,0.8459,No detectado,0.1091,0.0264,0.0364
FACULTAD DE INGENIERIA Y ARQUITECTURA,DMJS,IM02,INGENIERÍA CIVIL EN MINAS PLAN 2017,3225,ALGEBRA I,10,lo ejercitado en clases es a corde con lo que entra en las evaluaciones.,Neutral,0.8090,Otro,0.9952,No detectado,0.0800,0.0064,0.0184
FACULTAD DE INGENIERIA Y ARQUITECTURA,DMJS,CI02,INGENIERÍA CIVIL INDUSTRIAL (PLAN 2015),3226,CALCULO I,10,"lo mismo que la encuesta anterior. en verdad al principio me esforcé por emprender la materia pero en cuanto en las pruebas 0 a la izquierda la profesora metia materia más adelantada que otra sección como también ejercicios de otras materias más a futuras las cuales era un impedimento saber cuál era el verdadero temario de la pruebas, así como en las pruebas como posterior a estas la profesora cuando las entregaba hací­a comentarios despectivos hacia los estudiantes, el rol de un profesor era apoyar pero sus comentarios hací­an lo contrario prácticamente.",Negativo,0.6971,Otro,0.9135,No detectado,0.1340,0.0079,0.0451
FACULTAD DE INGENIERIA Y ARQUITECTURA,DMJS,IM02,INGENIERÍA CIVIL EN MINAS PLAN 2017,3225,ALGEBRA I,10,"mala docente, mal trato hacia mis pares en variadas ocasiones.",Negativo,0.9581,Ira,0.5625,No detectado,0.0397,0.0071,0.0183
FACULTAD DE INGENIERIA Y ARQUITECTURA,DMJS,GE02,GEOLOGÍA PLAN 2017,3225,ALGEBRA I,10,"mi comentario hacia la profesora danitza es negativo por la razón de que su manera de enseñar en clases y/o su forma de ser es muy prepotente hacia el alumno. muchas veces tratando de ridiculizar al estudiante frente a todos por no responder algo bien. al minuto de tener dudas las responde pero de mala gana y como anteriormente dije, siempre dejando en ridí­culo al alumno. sinceramente no recomendarí­a tomar este curso con la profesora ya que a la larga no dan ganas de asistir a sus clases y aprender.",Negativo,0.9795,Ira,0.9182,No detectado,0.0539,0.0101,0.0241
FACULTAD DE INGENIERIA Y ARQUITECTURA,DMJS,GE02,GEOLOGÍA PLAN 2017,3225,ALGEBRA I,10,"mi experiencia con la profesora danitza ha sido negativa debido a su manera de enseñar y su actitud hacia los alumnos. frecuentemente, muestra una actitud prepotente, llegando a ridiculizar a los estudiantes frente a la clase cuando no responden correctamente. cuando se le hacen preguntas para aclarar dudas, responde de mala gana, nuevamente dejando en ridí­culo al alumno.

sin embargo, debo reconocer que demuestra tener un vasto conocimiento de la materia. a pesar de esto, evidencia una clara desmotivación y su criterio evaluativo deja mucho que desear. por estas razones, no recomendarí­a tomar este curso con la profesora, ya que su actitud desmotiva la asistencia y el deseo de aprender.",Negativo,0.9722,Ira,0.9149,No detectado,0.0409,0.0105,0.0225
FACULTAD DE INGENIERIA Y ARQUITECTURA,DMJS,IC05,INGENIERÍA CIVIL EN COMPUTACIÓN E INFORMÁTICA PLAN 2017,3226,CALCULO I,10,muestra gran conocimiento del ramo.,Positivo,0.7403,Otro,0.9909,No detectado,0.0132,0.0082,0.0070
FACULTAD DE INGENIERIA Y ARQUITECTURA,DMJS,CI02,INGENIERÍA CIVIL INDUSTRIAL (PLAN 2015),3225,ALGEBRA I,10,muy buena docente.,Positivo,0.9698,Alegría,0.9879,No detectado,0.0277,0.0207,0.0187
FACULTAD DE INGENIERIA Y ARQUITECTURA,DMJS,CO05,INGENIERÍA EN CONSTRUCCIÓN PLAN 2017,3225,ALGEBRA I,10,muy buena profesora.,Positivo,0.9694,Alegría,0.9790,No detectado,0.0545,0.0317,0.0282
FACULTAD DE INGENIERIA Y ARQUITECTURA,DMJS,CI02,INGENIERÍA CIVIL INDUSTRIAL (PLAN 2015),3225,ALGEBRA I,10,muy buena profesora.,Positivo,0.9694,Alegría,0.9790,No detectado,0.0545,0.0317,0.0282
FACULTAD DE INGENIERIA Y ARQUITECTURA,DMJS,IC05,INGENIERÍA CIVIL EN COMPUTACIÓN E INFORMÁTICA PLAN 2017,3225,ALGEBRA I,10,muy buena profesora.,Positivo,0.9694,Alegría,0.9790,No detectado,0.0545,0.0317,0.0282
FACULTAD DE INGENIERIA Y ARQUITECTURA,DMJS,CI02,INGENIERÍA CIVIL INDUSTRIAL (PLAN 2015),3231,CALCULO II,10,muy buena profesora.,Positivo,0.9694,Alegría,0.9790,No detectado,0.0545,0.0317,0.0282
FACULTAD DE INGENIERIA Y ARQUITECTURA,DMJS,IC05,INGENIERÍA CIVIL EN COMPUTACIÓN E INFORMÁTICA PLAN 2017,3231,CALCULO II,10,"muy buena profesora, no me gusto su forma de enseñar, por eso no la recomendaria pero por el resto esta bien.",Neutral,0.4322,Otro,0.9716,No detectado,0.1180,0.0923,0.0680
FACULTAD DE INGENIERIA Y ARQUITECTURA,DMJS,CI02,INGENIERÍA CIVIL INDUSTRIAL (PLAN 2015),3225,ALGEBRA I,10,"muy buena profesora, se nota su vocación por enseñar y que los estudiantes entiendan.",Positivo,0.9770,Alegría,0.9536,No detectado,0.0302,0.0169,0.0144
FACULTAD DE INGENIERIA Y ARQUITECTURA,DMJS,CI02,INGENIERÍA CIVIL INDUSTRIAL (PLAN 2015),3226,CALCULO I,10,"muy buena profesora, se nota su vocación por enseñar y que los estudiantes entiendan.",Positivo,0.9770,Alegría,0.9536,No detectado,0.0302,0.0169,0.0144
FACULTAD DE INGENIERIA Y ARQUITECTURA,DMJS,CI02,INGENIERÍA CIVIL INDUSTRIAL (PLAN 2015),3225,ALGEBRA I,10,nada.,Neutral,0.4837,Otro,0.8243,No detectado,0.0509,0.0136,0.0305
FACULTAD DE INGENIERIA Y ARQUITECTURA,DMJS,CI02,INGENIERÍA CIVIL INDUSTRIAL (PLAN 2015),3226,CALCULO I,10,nada.,Neutral,0.4837,Otro,0.8243,No detectado,0.0509,0.0136,0.0305
FACULTAD DE INGENIERIA Y ARQUITECTURA,DMJS,OB07,INGENIERÍA CIVIL EN OBRAS CIVILES PLAN 2017,3226,CALCULO I,10,no.,Neutral,0.4675,Otro,0.5628,No detectado,0.0628,0.0154,0.0316
FACULTAD DE INGENIERIA Y ARQUITECTURA,DMJS,GE02,GEOLOGÍA PLAN 2017,3226,CALCULO I,10,"no fui mucho a sus clases por decisiones personales mí­as pero a las pocas que fui, muy buena profesora, se le entiende todo y muy amable.",Positivo,0.9636,Otro,0.5308,No detectado,0.0330,0.0131,0.0176
FACULTAD DE INGENIERIA Y ARQUITECTURA,DMJS,CO05,INGENIERÍA EN CONSTRUCCIÓN PLAN 2017,3226,CALCULO I,10,no hace ejercicio demostrativo que pudieran entrar en una evaluacion.,Negativo,0.6082,Otro,0.9944,No detectado,0.0530,0.0071,0.0166
FACULTAD DE INGENIERIA Y ARQUITECTURA,DMJS,GE02,GEOLOGÍA PLAN 2017,3225,ALGEBRA I,10,"no hay comentarios, muy buena profesora.",Positivo,0.9590,Alegría,0.9348,No detectado,0.0898,0.0452,0.0386
FACULTAD DE INGENIERIA Y ARQUITECTURA,DMJS,IM02,INGENIERÍA CIVIL EN MINAS PLAN 2017,3225,ALGEBRA I,10,no la recomiendo.,Negativo,0.5088,Otro,0.9486,No detectado,0.1836,0.1031,0.0965
FACULTAD DE INGENIERIA Y ARQUITECTURA,DMJS,IC05,INGENIERÍA CIVIL EN COMPUTACIÓN E INFORMÁTICA PLAN 2017,3226,CALCULO I,10,no lograba entender al 100% a la profesora.,Negativo,0.8435,Otro,0.9617,No detectado,0.2390,0.1178,0.0917
FACULTAD DE INGENIERIA Y ARQUITECTURA,DMJS,IC05,INGENIERÍA CIVIL EN COMPUTACIÓN E INFORMÁTICA PLAN 2017,3226,CALCULO I,10,no pude asistir a esta clase pero tuve otra clase con ella también u se que es buena profesora.,Positivo,0.9555,Otro,0.8912,No detectado,0.0515,0.0473,0.0244
FACULTAD DE INGENIERIA Y ARQUITECTURA,DMJS,IC05,INGENIERÍA CIVIL EN COMPUTACIÓN E INFORMÁTICA PLAN 2017,3225,ALGEBRA I,10,"nose si se le otorgó retroalimentación al profesor sobre las evaluaciones docentes, pero mejoró enormemente los inconvenientes que se podí­an presentar. una de las mejores docentes de la universidad.",Positivo,0.9267,Alegría,0.5504,No detectado,0.0193,0.0089,0.0099
FACULTAD DE INGENIERIA Y ARQUITECTURA,DMJS,CI02,INGENIERÍA CIVIL INDUSTRIAL (PLAN 2015),3231,CALCULO II,10,ojalá nunca mas deba tomar un ramo con ella.,Negativo,0.8666,Tristeza,0.8340,No detectado,0.4219,0.1247,0.1175
FACULTAD DE INGENIERIA Y ARQUITECTURA,DMJS,CI02,INGENIERÍA CIVIL INDUSTRIAL (PLAN 2015),3231,CALCULO II,10,"profesora buena, pero aveces le falta comprender mas a los alumnos.",Neutral,0.5516,Otro,0.9592,No detectado,0.3914,0.1038,0.1211
FACULTAD DE INGENIERIA Y ARQUITECTURA,DMJS,OB07,INGENIERÍA CIVIL EN OBRAS CIVILES PLAN 2017,3226,CALCULO I,10,que sea más respetuosa.,Neutral,0.5265,Otro,0.9546,Agresivo,0.9521,0.9438,0.8474
FACULTAD DE INGENIERIA Y ARQUITECTURA,DMJS,IC05,INGENIERÍA CIVIL EN COMPUTACIÓN E INFORMÁTICA PLAN 2017,3225,ALGEBRA I,10,"sabe explicar de la mejor manera, ayuda cuando puede y solo de ves en cuando tira algún comentario que es mejor guardarselo.",Positivo,0.8389,Otro,0.9870,No detectado,0.0135,0.0105,0.0095
FACULTAD DE INGENIERIA Y ARQUITECTURA,DMJS,IC05,INGENIERÍA CIVIL EN COMPUTACIÓN E INFORMÁTICA PLAN 2017,3226,CALCULO I,10,"sabe explicar de la mejor manera, ayuda cuando puede y solo de ves en cuando tira algún comentario que es mejor guardarselo.",Positivo,0.8389,Otro,0.9870,No detectado,0.0135,0.0105,0.0095
FACULTAD DE INGENIERIA Y ARQUITECTURA,DMJS,GE02,GEOLOGÍA PLAN 2017,3226,CALCULO I,10,"sabe la materia y uno aprendera con ella, pero no siempre es una persona agradable.",Neutral,0.6596,Otro,0.9534,No detectado,0.0219,0.0085,0.0107
FACULTAD DE INGENIERIA Y ARQUITECTURA,DMJS,IM02,INGENIERÍA CIVIL EN MINAS PLAN 2017,3225,ALGEBRA I,10,se cree la jefa de todo.,Negativo,0.7317,Otro,0.9207,dirigido,0.6937,0.7472,0.4946
FACULTAD DE INGENIERIA Y ARQUITECTURA,DMJS,IM02,INGENIERÍA CIVIL EN MINAS PLAN 2017,3231,CALCULO II,10,si.,Neutral,0.5224,Otro,0.5875,No detectado,0.0894,0.0297,0.0463
FACULTAD DE INGENIERIA Y ARQUITECTURA,DMJS,IM02,INGENIERÍA CIVIL EN MINAS PLAN 2017,3225,ALGEBRA I,10,simplemente desagradable.,Negativo,0.9137,Disgusto,0.2818,No detectado,0.0196,0.0096,0.0144
FACULTAD DE INGENIERIA Y ARQUITECTURA,DMJS,IM02,INGENIERÍA CIVIL EN MINAS PLAN 2017,3226,CALCULO I,10,sin comentarios.,Neutral,0.4468,Otro,0.6370,No detectado,0.0500,0.0090,0.0231
FACULTAD DE INGENIERIA Y ARQUITECTURA,DMJS,GE02,GEOLOGÍA PLAN 2017,3226,CALCULO I,10,sin comentarios.,Neutral,0.4468,Otro,0.6370,No detectado,0.0500,0.0090,0.0231
FACULTAD DE INGENIERIA Y ARQUITECTURA,DMJS,IC05,INGENIERÍA CIVIL EN COMPUTACIÓN E INFORMÁTICA PLAN 2017,3226,CALCULO I,10,sin comentarios que añadir.,Negativo,0.4413,Sorpresa,0.4566,No detectado,0.0156,0.0084,0.0104
FACULTAD DE INGENIERIA Y ARQUITECTURA,DMJS,GE02,GEOLOGÍA PLAN 2017,3231,CALCULO II,10,sus métodos de enseñanza no son los mejores.,Negativo,0.8573,Otro,0.8564,No detectado,0.0581,0.0037,0.0302
FACULTAD DE INGENIERIA Y ARQUITECTURA,DMJS,GE02,GEOLOGÍA PLAN 2017,3231,CALCULO II,10,ta bn.,Positivo,0.6912,Otro,0.8448,No detectado,0.0535,0.0229,0.0315
FACULTAD DE INGENIERIA Y ARQUITECTURA,DMJS,IM02,INGENIERÍA CIVIL EN MINAS PLAN 2017,3226,CALCULO I,10,todo bien.,Positivo,0.7033,Otro,0.7826,No detectado,0.0408,0.0222,0.0283
FACULTAD DE INGENIERIA Y ARQUITECTURA,DMJS,IC05,INGENIERÍA CIVIL EN COMPUTACIÓN E INFORMÁTICA PLAN 2017,3226,CALCULO I,10,un poco más de apoyo a los estudiantes que tienen notas bajas. falta un poco más de empatía en hacer clases.,Negativo,0.9270,Ira,0.9372,No detectado,0.0336,0.0045,0.0133
FACULTAD DE INGENIERIA Y ARQUITECTURA,DMJS,GE02,GEOLOGÍA PLAN 2017,3225,ALGEBRA I,10,"una profesora muy buena, explica excelente si se toma el ritmo a tiempo en sus clases. por otra parte no se puede ser débil de mente o en un momento de complejidad personal ya que suele ser burlesca, y poco empatica con los alumnos, no respeta las marchas blancas ni lo que dicen los superiores, de todas formas aprendi mucho con ella pero me jugó en contra muchas veces su trato.",Negativo,0.9683,Ira,0.9107,No detectado,0.3968,0.0607,0.1459
FACULTAD DE INGENIERIA Y ARQUITECTURA,DMJS,GE02,GEOLOGÍA PLAN 2017,3226,CALCULO I,10,"una profesora muy buena, explica excelente si se toma el ritmo a tiempo en sus clases. por otra parte no se puede ser débil de mente o en un momento de complejidad personal ya que suele ser burlesca, y poco empatica con los alumnos, no respeta las marchas blancas ni lo que dicen los superiores, de todas formas aprendi mucho con ella pero me jugó en contra muchas veces su trato.",Negativo,0.9683,Ira,0.9107,No detectado,0.3968,0.0607,0.1459
FACULTAD DE INGENIERIA Y ARQUITECTURA,ABQM,GE02,GEOLOGÍA PLAN 2017,3226,CALCULO I,30,0.,Neutral,0.5035,Otro,0.4394,No detectado,0.1250,0.0547,0.0788
FACULTAD DE INGENIERIA Y ARQUITECTURA,ABQM,CI02,INGENIERÍA CIVIL INDUSTRIAL (PLAN 2015),3226,CALCULO I,21,10/10.,Positivo,0.8073,Alegría,0.8343,No detectado,0.0470,0.0394,0.0362
FACULTAD DE INGENIERIA Y ARQUITECTURA,ABQM,GE02,GEOLOGÍA PLAN 2017,3226,CALCULO I,21,sin comentarios.,Neutral,0.4468,Otro,0.6370,No detectado,0.0500,0.0090,0.0231
FACULTAD DE INGENIERIA Y ARQUITECTURA,ABQM,CI02,INGENIERÍA CIVIL INDUSTRIAL (PLAN 2015),58000,INTRODUCCION A LAS MATEMATICAS,71,"a la hora de responder las encuestas de profesores en vez de solo tener la encuesta de mis profesores me salen las encuestas de todos los profesores de primer semestre, intente solucionar este error y mandar correos pero nunca fueron respondidos. muchas gracias, ignacio correa.",Negativo,0.8867,Otro,0.8178,No detectado,0.0191,0.0055,0.0118
FACULTAD DE INGENIERIA Y ARQUITECTURA,ABQM,GE02,GEOLOGÍA PLAN 2017,58000,INTRODUCCION A LAS MATEMATICAS,40,actitudes muy desagradables de este profesor hacia mis compañeros de sección.,Negativo,0.9840,Ira,0.8779,No detectado,0.0288,0.0068,0.0168
FACULTAD DE INGENIERIA Y ARQUITECTURA,ABQM,IC05,INGENIERÍA CIVIL EN COMPUTACIÓN E INFORMÁTICA PLAN 2017,58000,INTRODUCCION A LAS MATEMATICAS,101,asistí­ muy poco a sus clases pero me gusta mucho la metodologia con la que enseña.,Positivo,0.9662,Otro,0.5815,No detectado,0.0150,0.0114,0.0096
FACULTAD DE INGENIERIA Y ARQUITECTURA,ABQM,IC05,INGENIERÍA CIVIL EN COMPUTACIÓN E INFORMÁTICA PLAN 2017,58000,INTRODUCCION A LAS MATEMATICAS,21,"atento, buena onda, explica de forma adecuada y entendible.",Positivo,0.9224,Otro,0.9402,No detectado,0.0155,0.0089,0.0094
FACULTAD DE INGENIERIA Y ARQUITECTURA,ABQM,IM02,INGENIERÍA CIVIL EN MINAS PLAN 2017,58000,INTRODUCCION A LAS MATEMATICAS,70,avisar con anticipación si es que va a cancelar la clase y no llegar y faltar sin avisar porque nos hace perder nuestro tiempo.,Negativo,0.9536,Ira,0.7108,No detectado,0.0486,0.0073,0.0194
FACULTAD DE INGENIERIA Y ARQUITECTURA,ABQM,GE02,GEOLOGÍA PLAN 2017,58000,INTRODUCCION A LAS MATEMATICAS,40,"basicamente no lo recomendaria, solo por el hecho de que falta regularmente a sus respectivas clases, y a veces hace controles sin previo aviso, no sube contenido al aula, por lo tanto no hay forma de repasar la materia viniendo por parte de el.",Negativo,0.9417,Otro,0.9775,No detectado,0.0375,0.0054,0.0170
FACULTAD DE INGENIERIA Y ARQUITECTURA,ABQM,GE02,GEOLOGÍA PLAN 2017,58000,INTRODUCCION A LAS MATEMATICAS,40,"bastante indiferente, profesor que falta a las clases, llega sin ganas y con una actitud de querer irse a acostar luego.",Negativo,0.9820,Otro,0.5395,No detectado,0.0812,0.0162,0.0428
FACULTAD DE INGENIERIA Y ARQUITECTURA,ABQM,IM02,INGENIERÍA CIVIL EN MINAS PLAN 2017,3226,CALCULO I,21,bien.,Positivo,0.7325,Alegría,0.8209,No detectado,0.0506,0.0188,0.0390
FACULTAD DE INGENIERIA Y ARQUITECTURA,ABQM,IC05,INGENIERÍA CIVIL EN COMPUTACIÓN E INFORMÁTICA PLAN 2017,58000,INTRODUCCION A LAS MATEMATICAS,101,bien.,Positivo,0.7325,Alegría,0.8209,No detectado,0.0506,0.0188,0.0390
FACULTAD DE INGENIERIA Y ARQUITECTURA,ABQM,IM02,INGENIERÍA CIVIL EN MINAS PLAN 2017,3226,CALCULO I,30,bien profesor.,Positivo,0.8302,Alegría,0.8560,No detectado,0.0213,0.0175,0.0171
FACULTAD DE INGENIERIA Y ARQUITECTURA,ABQM,OB07,INGENIERÍA CIVIL EN OBRAS CIVILES PLAN 2017,3226,CALCULO I,30,buen profesor.,Positivo,0.8798,Alegría,0.6186,No detectado,0.0201,0.0141,0.0145
FACULTAD DE INGENIERIA Y ARQUITECTURA,ABQM,IM02,INGENIERÍA CIVIL EN MINAS PLAN 2017,3226,CALCULO I,21,buen profesor.,Positivo,0.8798,Alegría,0.6186,No detectado,0.0201,0.0141,0.0145
FACULTAD DE INGENIERIA Y ARQUITECTURA,ABQM,GE02,GEOLOGÍA PLAN 2017,3226,CALCULO I,30,buen profesor.,Positivo,0.8798,Alegría,0.6186,No detectado,0.0201,0.0141,0.0145
FACULTAD DE INGENIERIA Y ARQUITECTURA,ABQM,CI02,INGENIERÍA CIVIL INDUSTRIAL (PLAN 2015),58000,INTRODUCCION A LAS MATEMATICAS,71,buen profesor.,Positivo,0.8798,Alegría,0.6186,No detectado,0.0201,0.0141,0.0145
FACULTAD DE INGENIERIA Y ARQUITECTURA,ABQM,IM02,INGENIERÍA CIVIL EN MINAS PLAN 2017,58000,INTRODUCCION A LAS MATEMATICAS,71,buen profesor.,Positivo,0.8798,Alegría,0.6186,No detectado,0.0201,0.0141,0.0145
FACULTAD DE INGENIERIA Y ARQUITECTURA,ABQM,IC05,INGENIERÍA CIVIL EN COMPUTACIÓN E INFORMÁTICA PLAN 2017,58000,INTRODUCCION A LAS MATEMATICAS,21,buen profesor.,Positivo,0.8798,Alegría,0.6186,No detectado,0.0201,0.0141,0.0145
FACULTAD DE INGENIERIA Y ARQUITECTURA,ABQM,IC05,INGENIERÍA CIVIL EN COMPUTACIÓN E INFORMÁTICA PLAN 2017,58000,INTRODUCCION A LAS MATEMATICAS,21,buen profesor.,Positivo,0.8798,Alegría,0.6186,No detectado,0.0201,0.0141,0.0145
FACULTAD DE INGENIERIA Y ARQUITECTURA,ABQM,IC05,INGENIERÍA CIVIL EN COMPUTACIÓN E INFORMÁTICA PLAN 2017,58000,INTRODUCCION A LAS MATEMATICAS,21,buen profesor.,Positivo,0.8798,Alegría,0.6186,No detectado,0.0201,0.0141,0.0145
FACULTAD DE INGENIERIA Y ARQUITECTURA,ABQM,IC05,INGENIERÍA CIVIL EN COMPUTACIÓN E INFORMÁTICA PLAN 2017,58000,INTRODUCCION A LAS MATEMATICAS,21,buen profesor.,Positivo,0.8798,Alegría,0.6186,No detectado,0.0201,0.0141,0.0145
FACULTAD DE INGENIERIA Y ARQUITECTURA,ABQM,IC05,INGENIERÍA CIVIL EN COMPUTACIÓN E INFORMÁTICA PLAN 2017,58000,INTRODUCCION A LAS MATEMATICAS,21,buen profesor pero le faltó más ejercicios igual culpa de el no fue si no por la materia q la pasaron muy tarde y no tuvimos muchas clases.,Negativo,0.8842,Otro,0.8390,No detectado,0.0271,0.0113,0.0156
FACULTAD DE INGENIERIA Y ARQUITECTURA,ABQM,GE02,GEOLOGÍA PLAN 2017,3226,CALCULO I,30,"buen profesor, sin embargo es irresponsable con los horarios de llegada.",Negativo,0.7640,Ira,0.6836,No detectado,0.0466,0.0092,0.0187
FACULTAD DE INGENIERIA Y ARQUITECTURA,ABQM,CO05,INGENIERÍA EN CONSTRUCCIÓN PLAN 2017,3226,CALCULO I,21,buen profesor.,Positivo,0.8798,Alegría,0.6186,No detectado,0.0201,0.0141,0.0145
FACULTAD DE INGENIERIA Y ARQUITECTURA,ABQM,IC05,INGENIERÍA CIVIL EN COMPUTACIÓN E INFORMÁTICA PLAN 2017,3226,CALCULO I,30,buen profesor.,Positivo,0.8798,Alegría,0.6186,No detectado,0.0201,0.0141,0.0145
FACULTAD DE INGENIERIA Y ARQUITECTURA,ABQM,OB07,INGENIERÍA CIVIL EN OBRAS CIVILES PLAN 2017,58000,INTRODUCCION A LAS MATEMATICAS,40,buen profesor.,Positivo,0.8798,Alegría,0.6186,No detectado,0.0201,0.0141,0.0145
FACULTAD DE INGENIERIA Y ARQUITECTURA,ABQM,IM02,INGENIERÍA CIVIL EN MINAS PLAN 2017,58000,INTRODUCCION A LAS MATEMATICAS,70,buen profesor.,Positivo,0.8798,Alegría,0.6186,No detectado,0.0201,0.0141,0.0145
FACULTAD DE INGENIERIA Y ARQUITECTURA,ABQM,IM02,INGENIERÍA CIVIL EN MINAS PLAN 2017,58000,INTRODUCCION A LAS MATEMATICAS,71,buen profesor.,Positivo,0.8798,Alegría,0.6186,No detectado,0.0201,0.0141,0.0145
FACULTAD DE INGENIERIA Y ARQUITECTURA,ABQM,IC05,INGENIERÍA CIVIL EN COMPUTACIÓN E INFORMÁTICA PLAN 2017,58000,INTRODUCCION A LAS MATEMATICAS,21,buen profesor.,Positivo,0.8798,Alegría,0.6186,No detectado,0.0201,0.0141,0.0145
FACULTAD DE INGENIERIA Y ARQUITECTURA,ABQM,GE02,GEOLOGÍA PLAN 2017,58000,INTRODUCCION A LAS MATEMATICAS,40,buen profesor con muy buenas ideas.,Positivo,0.9713,Otro,0.5901,No detectado,0.0211,0.0075,0.0115
FACULTAD DE INGENIERIA Y ARQUITECTURA,ABQM,IM02,INGENIERÍA CIVIL EN MINAS PLAN 2017,3226,CALCULO I,21,buen profesor explica excelente.,Positivo,0.9700,Alegría,0.7025,No detectado,0.0133,0.0090,0.0097
FACULTAD DE INGENIERIA Y ARQUITECTURA,ABQM,IC05,INGENIERÍA CIVIL EN COMPUTACIÓN E INFORMÁTICA PLAN 2017,58000,INTRODUCCION A LAS MATEMATICAS,101,buen profesor solo falta el tiempo de llegada y las notas eso seria nada mas pero lo demas esta bien.,Positivo,0.5006,Otro,0.9871,No detectado,0.0601,0.0124,0.0201
FACULTAD DE INGENIERIA Y ARQUITECTURA,ABQM,CI02,INGENIERÍA CIVIL INDUSTRIAL (PLAN 2015),58000,INTRODUCCION A LAS MATEMATICAS,71,buen profesor!.,Positivo,0.9282,Alegría,0.9814,No detectado,0.0209,0.0128,0.0155
FACULTAD DE INGENIERIA Y ARQUITECTURA,ABQM,IM02,INGENIERÍA CIVIL EN MINAS PLAN 2017,58000,INTRODUCCION A LAS MATEMATICAS,70,"buen profesor, a veces falta o llega tarde a clases.",Negativo,0.6749,Otro,0.9912,No detectado,0.0432,0.0157,0.0233
FACULTAD DE INGENIERIA Y ARQUITECTURA,ABQM,GE02,GEOLOGÍA PLAN 2017,58000,INTRODUCCION A LAS MATEMATICAS,40,"buen profesor, faltaba mucho.",Positivo,0.9584,Otro,0.9857,No detectado,0.0155,0.0103,0.0085
FACULTAD DE INGENIERIA Y ARQUITECTURA,ABQM,CI02,INGENIERÍA CIVIL INDUSTRIAL (PLAN 2015),58000,INTRODUCCION A LAS MATEMATICAS,71,"buen profesor, lastima que el profesor de catedra no pusiera de su parte, esto limito lo que podia enseñar el profesor.",Negativo,0.9452,Otro,0.9766,No detectado,0.0273,0.0102,0.0137
FACULTAD DE INGENIERIA Y ARQUITECTURA,ABQM,IC05,INGENIERÍA CIVIL EN COMPUTACIÓN E INFORMÁTICA PLAN 2017,58000,INTRODUCCION A LAS MATEMATICAS,21,"buen profesor, me ayudo a entender varios temas sobre la materia en donde me costaba, y muy buena onda el profesor.",Positivo,0.9744,Alegría,0.9361,No detectado,0.0104,0.0083,0.0092
FACULTAD DE INGENIERIA Y ARQUITECTURA,ABQM,IM02,INGENIERÍA CIVIL EN MINAS PLAN 2017,58000,INTRODUCCION A LAS MATEMATICAS,70,"buen profesor, siempre atento a responder dudas.",Positivo,0.8749,Otro,0.8791,No detectado,0.0186,0.0091,0.0105
FACULTAD DE INGENIERIA Y ARQUITECTURA,ABQM,IM02,INGENIERÍA CIVIL EN MINAS PLAN 2017,3226,CALCULO I,30,buen profesor.,Positivo,0.8798,Alegría,0.6186,No detectado,0.0201,0.0141,0.0145
FACULTAD DE INGENIERIA Y ARQUITECTURA,ABQM,CI02,INGENIERÍA CIVIL INDUSTRIAL (PLAN 2015),58000,INTRODUCCION A LAS MATEMATICAS,71,buen trabajo.,Positivo,0.9062,Alegría,0.9625,No detectado,0.0175,0.0116,0.0176
FACULTAD DE INGENIERIA Y ARQUITECTURA,ABQM,IC05,INGENIERÍA CIVIL EN COMPUTACIÓN E INFORMÁTICA PLAN 2017,58000,INTRODUCCION A LAS MATEMATICAS,101,buena forma de enseñar.,Positivo,0.8595,Otro,0.6650,No detectado,0.0196,0.0123,0.0134
FACULTAD DE INGENIERIA Y ARQUITECTURA,ABQM,IC05,INGENIERÍA CIVIL EN COMPUTACIÓN E INFORMÁTICA PLAN 2017,58000,INTRODUCCION A LAS MATEMATICAS,21,buena manera de enseñar y enseña maneras mas faciles de llegar a los resultados.,Positivo,0.5587,Otro,0.9385,No detectado,0.0363,0.0065,0.0163
FACULTAD DE INGENIERIA Y ARQUITECTURA,ABQM,IC05,INGENIERÍA CIVIL EN COMPUTACIÓN E INFORMÁTICA PLAN 2017,58000,INTRODUCCION A LAS MATEMATICAS,21,buena metodologia.,Positivo,0.8946,Otro,0.6551,No detectado,0.0252,0.0114,0.0163
FACULTAD DE INGENIERIA Y ARQUITECTURA,ABQM,CI02,INGENIERÍA CIVIL INDUSTRIAL (PLAN 2015),58000,INTRODUCCION A LAS MATEMATICAS,71,bueno.,Neutral,0.4849,Otro,0.8337,No detectado,0.0527,0.0147,0.0360
FACULTAD DE INGENIERIA Y ARQUITECTURA,ABQM,IC05,INGENIERÍA CIVIL EN COMPUTACIÓN E INFORMÁTICA PLAN 2017,58000,INTRODUCCION A LAS MATEMATICAS,21,clonen a este viejo y que haga todas las clases.,Negativo,0.5102,Otro,0.8728,No detectado,0.1231,0.0358,0.0760
FACULTAD DE INGENIERIA Y ARQUITECTURA,ABQM,IM02,INGENIERÍA CIVIL EN MINAS PLAN 2017,58000,INTRODUCCION A LAS MATEMATICAS,70,"deberia utilizar el aula virtual, y avisar cuando no asista a clases.",Neutral,0.8903,Otro,0.9930,No detectado,0.0758,0.0112,0.0282
FACULTAD DE INGENIERIA Y ARQUITECTURA,ABQM,GE02,GEOLOGÍA PLAN 2017,58000,INTRODUCCION A LAS MATEMATICAS,40,"ejercicios paso a paso, no cálculos directos.",Neutral,0.7368,Otro,0.9881,No detectado,0.1098,0.0035,0.0349
FACULTAD DE INGENIERIA Y ARQUITECTURA,ABQM,GE02,GEOLOGÍA PLAN 2017,3226,CALCULO I,30,el hecho de que el profesor estuviese comprometido con otro tipo de actividades dificultaba el comienzo de clases y pruebas debido a su hora de llegada a la sala de clases. llegando casi siempre 20 min de atrasado lo que a la larga si genera un inconveniente. mas allá del profesor este bloque de calculo se creo muy tarde en el semestre por lo que tambien influye en el aprendisaje.,Negativo,0.7752,Otro,0.9454,No detectado,0.0329,0.0061,0.0147
FACULTAD DE INGENIERIA Y ARQUITECTURA,ABQM,IC05,INGENIERÍA CIVIL EN COMPUTACIÓN E INFORMÁTICA PLAN 2017,58000,INTRODUCCION A LAS MATEMATICAS,101,el mejor profesor de todos.,Positivo,0.9321,Otro,0.7572,No detectado,0.0100,0.0089,0.0076
FACULTAD DE INGENIERIA Y ARQUITECTURA,ABQM,IM02,INGENIERÍA CIVIL EN MINAS PLAN 2017,3226,CALCULO I,21,"el profesor alonso ha sido uno de los pocos que han sido pacientes, astutos y sobre todo apasionados en su área. de no ser por el muchas veces no habrí­a podido entender la materia de calculo i sin duda espero el próximo semestre tenga una sección de teorí­a y con gusto entrarí­a, personalmente lo recomiendo mucho. si no entiendes la materia puedes tener en cuenta que te ayudará hasta que lo domines perfectamente. si quieres saber de cálculo, el es una de las mejores si es que no es la mejor opción.",Positivo,0.9137,Otro,0.9716,No detectado,0.0198,0.0064,0.0108
FACULTAD DE INGENIERIA Y ARQUITECTURA,ABQM,GE02,GEOLOGÍA PLAN 2017,3226,CALCULO I,30,"el profesor alonso quiroz, creo que no deberia ser profesor de universidad, sus capacidades de enseñanza no corresponder a este nivel, de hecho siempre llegaba tarde, en promedio 20 minutos tarde, cosa que nos hacia atrasarnos demasiado, nos perjudicaba mucho mas a nosotros que a el, no tenia ni idea de la nota de ""otras actividades"". cuando llego el tema de limites se quedo explicando exactamente lo mismo por las 4 primeras clases, nos hizo perder las ulimas clases antes de la prueba de limites, ya que dos dias no llego, teniamos que hacer un control de inecuaciones (cosa nada que ver con limites) y justamente falto al otro control que tenia propuesto, todos nos tuvimos que ir por lo tarde que era (1 hora tarde), para finalizar y hablando de su forma de enseñanza, es demasiada mala, demasiada basica, se puede quedar atorado en un tema intentando explicar (como lo dije anteriormente), en fin, jamas le recomendaria a alguien si quiere entender y pasar el ramo de calculo.",Negativo,0.9664,Ira,0.6555,No detectado,0.0479,0.0070,0.0241
FACULTAD DE INGENIERIA Y ARQUITECTURA,ABQM,CI02,INGENIERÍA CIVIL INDUSTRIAL (PLAN 2015),58000,INTRODUCCION A LAS MATEMATICAS,71,"el profesor benjamin, si bien el tiene una edad más alta que el resto de los profesores, demuestra que es capaz de ser un apoyo sumamente importante para nuestra clase de cátedra matemáticas. desarrollando paso a paso y con mucha calma los ejercicios.",Positivo,0.9593,Otro,0.8439,No detectado,0.0115,0.0056,0.0065
FACULTAD DE INGENIERIA Y ARQUITECTURA,ABQM,IC05,INGENIERÍA CIVIL EN COMPUTACIÓN E INFORMÁTICA PLAN 2017,58000,INTRODUCCION A LAS MATEMATICAS,101,"el profesor enseña bien, pero se contradice métodos de solución con otra profesora que me toco en matemáticas y me a dejado confuso hasta ahora.",Negativo,0.9326,Otro,0.8192,No detectado,0.0347,0.0133,0.0178
FACULTAD DE INGENIERIA Y ARQUITECTURA,ABQM,IC05,INGENIERÍA CIVIL EN COMPUTACIÓN E INFORMÁTICA PLAN 2017,58000,INTRODUCCION A LAS MATEMATICAS,101,"el profesor enseña mucho, pero igual es bueno.",Positivo,0.5625,Otro,0.9736,No detectado,0.0248,0.0102,0.0165
FACULTAD DE INGENIERIA Y ARQUITECTURA,ABQM,IM02,INGENIERÍA CIVIL EN MINAS PLAN 2017,3226,CALCULO I,30,"el profesor enseñaba lo que querí­a, jamás enseñó una pauta, venía de otra universidad (usach) a hacernos clases y llegaba 30 minutos tarde siempre, por lo que la clase siempre era un ""repaso"" de lo que hicimos la clase pasada, jamás hicimos ejercicios en clase sólo demostraba lo que era un lí­mite, lo que fue una derivada (que sólo tuvimos una clase de ello) y nada más. un profesor que jamás dio información sobre el examen de la asignatura porque tení­a un viaje planificado y tení­a que irse del paí­s, sin dejar a nadie a cargo de informar... una actitud totalmente desentendida de la realidad de sus estudiantes.",Negativo,0.9128,Ira,0.9535,No detectado,0.2497,0.0089,0.1039
FACULTAD DE INGENIERIA Y ARQUITECTURA,ABQM,CI02,INGENIERÍA CIVIL INDUSTRIAL (PLAN 2015),58000,INTRODUCCION A LAS MATEMATICAS,71,el profesor faltaba constantemente.,Negativo,0.8491,Otro,0.9928,No detectado,0.0615,0.0188,0.0269
FACULTAD DE INGENIERIA Y ARQUITECTURA,ABQM,CI02,INGENIERÍA CIVIL INDUSTRIAL (PLAN 2015),58000,INTRODUCCION A LAS MATEMATICAS,71,el profesor fue amigable y comprensivo al enseñar.,Positivo,0.9560,Otro,0.7252,No detectado,0.0159,0.0131,0.0090
FACULTAD DE INGENIERIA Y ARQUITECTURA,ABQM,CO05,INGENIERÍA EN CONSTRUCCIÓN PLAN 2017,3226,CALCULO I,30,el profesor llegaba tarde a casi todas las clases y tambien a las pruebas.,Negativo,0.8205,Otro,0.9725,No detectado,0.1519,0.0273,0.0665
FACULTAD DE INGENIERIA Y ARQUITECTURA,ABQM,GE02,GEOLOGÍA PLAN 2017,58000,INTRODUCCION A LAS MATEMATICAS,40,"el profesor no asiste a la primera evaluación sin dar aviso, no asiste a algunas clases, no da temario para la prueba y tampoco sube contenido de apoyo al aula virtual, en algunas de sus evaluaciones entro contenido que el no enseño y realiza evaluaciones sin aviso previo.",Negativo,0.8934,Otro,0.9944,No detectado,0.0280,0.0062,0.0141
FACULTAD DE INGENIERIA Y ARQUITECTURA,ABQM,GE02,GEOLOGÍA PLAN 2017,58000,INTRODUCCION A LAS MATEMATICAS,40,"el profesor no entrega las notas en el tiempo que debe, falta mucho a clases, al momento de pruebas o evaluaciones se molesta si uno pregunta por alguna duda o no responde ante ello.",Negativo,0.9350,Otro,0.9054,No detectado,0.0228,0.0047,0.0111
FACULTAD DE INGENIERIA Y ARQUITECTURA,ABQM,IM02,INGENIERÍA CIVIL EN MINAS PLAN 2017,58000,INTRODUCCION A LAS MATEMATICAS,70,"el profesor nunca subió material al aula virtual, entregaba las notas de las evaluaciones fuera de plazo y por ultimo no avisaba con antelacion que faltarí­a a alguna de las clases.",Negativo,0.5466,Otro,0.9908,No detectado,0.0229,0.0086,0.0125
FACULTAD DE INGENIERIA Y ARQUITECTURA,ABQM,IC05,INGENIERÍA CIVIL EN COMPUTACIÓN E INFORMÁTICA PLAN 2017,3226,CALCULO I,30,en algunas prueba aparecia materia que el no mostro en nigun momento en clases justificandio que lo vio en ejercisios y no toda la clase tenia la calase de ejercicios con el.,Neutral,0.7395,Otro,0.9889,No detectado,0.0375,0.0101,0.0165
FACULTAD DE INGENIERIA Y ARQUITECTURA,ABQM,GE02,GEOLOGÍA PLAN 2017,58000,INTRODUCCION A LAS MATEMATICAS,40,"en general estuvo bien, falto igualmente bastante a clases finalizando el semestre, además de no usar el correo institucional para dar avisos de salas de prueba lo cual genero problemas.",Negativo,0.9204,Otro,0.8893,No detectado,0.0203,0.0047,0.0103
FACULTAD DE INGENIERIA Y ARQUITECTURA,ABQM,GE02,GEOLOGÍA PLAN 2017,58000,INTRODUCCION A LAS MATEMATICAS,40,en pruebas no se le podí­a consultar nada.,Neutral,0.6086,Otro,0.9957,No detectado,0.0323,0.0072,0.0158
FACULTAD DE INGENIERIA Y ARQUITECTURA,ABQM,GE02,GEOLOGÍA PLAN 2017,3226,CALCULO I,30,"encuentro que el profesor no esta apto para dar clases, ya que el material entregado en cada clase es deficiente para las pruebas dadas y además no entrega algún tipo de temario para apoyarnos en lo que entra, no cumple con su horarios de clase, no llega a clases, se atrasa con los controles o no asiste igualmente con las pruebas adema avisar que el se fue de viaje por parte de la universidad y nos nos dejo sin información dada para el examen el culpo el paro pero las fechas estaban dadas de principio de semestre, espero que se pueda hacer algo ya que perjudico a mi y a mis compañeros y el ramo me lo eche por culpa de el.",Negativo,0.9810,Ira,0.8751,No detectado,0.0989,0.0059,0.0349
FACULTAD DE INGENIERIA Y ARQUITECTURA,ABQM,IM02,INGENIERÍA CIVIL EN MINAS PLAN 2017,58000,INTRODUCCION A LAS MATEMATICAS,70,"enseña de manera clara y efectiva, pero no respeta los horarios de clases y cuando no asiste no avisa a los estudiantes, nada mas que decir.",Negativo,0.9109,Otro,0.9077,No detectado,0.0418,0.0070,0.0191
FACULTAD DE INGENIERIA Y ARQUITECTURA,ABQM,IC05,INGENIERÍA CIVIL EN COMPUTACIÓN E INFORMÁTICA PLAN 2017,58000,INTRODUCCION A LAS MATEMATICAS,101,"enseña de una manera efectiva y respetuosa, sin embargo, es un poco enredado y eso causa un poco de dislexia, pero nada mas que eso.",Neutral,0.7279,Otro,0.9616,No detectado,0.0173,0.0070,0.0092
FACULTAD DE INGENIERIA Y ARQUITECTURA,ABQM,IC05,INGENIERÍA CIVIL EN COMPUTACIÓN E INFORMÁTICA PLAN 2017,58000,INTRODUCCION A LAS MATEMATICAS,21,enseña de una manera extraña que me cuesta entender.,Negativo,0.8975,Tristeza,0.5750,No detectado,0.0250,0.0175,0.0158
FACULTAD DE INGENIERIA Y ARQUITECTURA,ABQM,GE02,GEOLOGÍA PLAN 2017,58000,INTRODUCCION A LAS MATEMATICAS,40,"enseña muy bien pero el tema de las pruebas, no sabe bien lo que entra y revisa que uno no puede entender.",Negativo,0.8651,Otro,0.9685,No detectado,0.0183,0.0069,0.0101
FACULTAD DE INGENIERIA Y ARQUITECTURA,ABQM,IC05,INGENIERÍA CIVIL EN COMPUTACIÓN E INFORMÁTICA PLAN 2017,3226,CALCULO I,21,enseñaba de una manera entendible para todos.,Positivo,0.6359,Otro,0.9830,No detectado,0.0205,0.0098,0.0097
FACULTAD DE INGENIERIA Y ARQUITECTURA,ABQM,GE02,GEOLOGÍA PLAN 2017,58000,INTRODUCCION A LAS MATEMATICAS,40,"entiendo la materia y como la pasa, pero no nos informa nada sobre pruebas, hora o sala en la que se hará, no siempre pasa toda la materia o a veces falta y no avisa que no habrá clases.",Negativo,0.7409,Otro,0.9898,No detectado,0.0270,0.0053,0.0115
FACULTAD DE INGENIERIA Y ARQUITECTURA,ABQM,IM02,INGENIERÍA CIVIL EN MINAS PLAN 2017,58000,INTRODUCCION A LAS MATEMATICAS,70,"es buen profesor , explica bien la materia , pero debe mejorar algunas cosas , da muchas vueltas para explicar un tema .",Positivo,0.8945,Otro,0.9919,No detectado,0.0214,0.0127,0.0104
FACULTAD DE INGENIERIA Y ARQUITECTURA,ABQM,CI02,INGENIERÍA CIVIL INDUSTRIAL (PLAN 2015),58000,INTRODUCCION A LAS MATEMATICAS,71,es bueno el profesor pero pasaba materia que no venia pero ayuda a explicar la materia en otra menera.,Neutral,0.6249,Otro,0.9953,No detectado,0.0712,0.0290,0.0361
FACULTAD DE INGENIERIA Y ARQUITECTURA,ABQM,IM02,INGENIERÍA CIVIL EN MINAS PLAN 2017,58000,INTRODUCCION A LAS MATEMATICAS,70,es mas o menos.,Neutral,0.7179,Otro,0.9435,No detectado,0.0748,0.0202,0.0281
FACULTAD DE INGENIERIA Y ARQUITECTURA,ABQM,CO05,INGENIERÍA EN CONSTRUCCIÓN PLAN 2017,3226,CALCULO I,21,es muy buen profesor.,Positivo,0.9688,Otro,0.9128,No detectado,0.0128,0.0108,0.0085
FACULTAD DE INGENIERIA Y ARQUITECTURA,ABQM,IC05,INGENIERÍA CIVIL EN COMPUTACIÓN E INFORMÁTICA PLAN 2017,58000,INTRODUCCION A LAS MATEMATICAS,21,es muy buena su metodología.,Positivo,0.9746,Otro,0.9740,No detectado,0.0359,0.0248,0.0202
FACULTAD DE INGENIERIA Y ARQUITECTURA,ABQM,IC05,INGENIERÍA CIVIL EN COMPUTACIÓN E INFORMÁTICA PLAN 2017,58000,INTRODUCCION A LAS MATEMATICAS,101,"es un buen profesor, se nota que le gusta la materia que nos enseña.",Positivo,0.9797,Otro,0.5117,No detectado,0.0130,0.0097,0.0074
FACULTAD DE INGENIERIA Y ARQUITECTURA,ABQM,IC05,INGENIERÍA CIVIL EN COMPUTACIÓN E INFORMÁTICA PLAN 2017,3226,CALCULO I,30,"es un excelente profesor, y se nota su pleno manejo en la asignatura , pero no había mayor comunicación a la hora de decir los criterios y contenidos a evaluar, ya que muchas veces adelantábamos materia, confundiéndome a la hora de estudiar, y al momento de consultarle simplemente decí­a, estudien todo lo que hemos visto, siendo muy ambiguo y complicando sin mayor sentido la preparación para las evaluaciones.",Negativo,0.5398,Otro,0.5019,No detectado,0.0194,0.0051,0.0104
FACULTAD DE INGENIERIA Y ARQUITECTURA,ABQM,CI02,INGENIERÍA CIVIL INDUSTRIAL (PLAN 2015),58000,INTRODUCCION A LAS MATEMATICAS,71,"este profesor es demasiado bueno para las clases que dio, ya que al parecer no tenía comunicación con nuestro profesor de cátedra, y las dudas que nos quedaban en la clase, no se respondían, ya que no era la misma materia que nos pasaban en las clases de ayudantía o ejercicios.",Negativo,0.9578,Otro,0.9890,No detectado,0.0491,0.0084,0.0199
FACULTAD DE INGENIERIA Y ARQUITECTURA,ABQM,IM02,INGENIERÍA CIVIL EN MINAS PLAN 2017,58000,INTRODUCCION A LAS MATEMATICAS,70,"este profesor no subió en todo el semestre un contenido al aula virtual junto con las fechas de controles (que también los hacia cuando le daba la gana porque cambiaba las fechas) y cuando se digno a hacerlo fue cuando hablamos con el jefe de carrera, no subió ningún tipo de guí­a de trabajo tampoco, no lo recomendarí­a por su falta de compromiso.",Negativo,0.8989,Otro,0.8285,No detectado,0.0234,0.0067,0.0114
FACULTAD DE INGENIERIA Y ARQUITECTURA,ABQM,GE02,GEOLOGÍA PLAN 2017,3226,CALCULO I,21,"este profesor si se daba el tiempo de enseñarte y explicarte muy bien, solo que usaba pocos ejercicios.",Neutral,0.4624,Otro,0.9939,No detectado,0.0190,0.0126,0.0141
FACULTAD DE INGENIERIA Y ARQUITECTURA,ABQM,CI02,INGENIERÍA CIVIL INDUSTRIAL (PLAN 2015),58000,INTRODUCCION A LAS MATEMATICAS,71,excelente.,Positivo,0.8434,Alegría,0.9649,No detectado,0.0368,0.0149,0.0255
FACULTAD DE INGENIERIA Y ARQUITECTURA,ABQM,IM02,INGENIERÍA CIVIL EN MINAS PLAN 2017,58000,INTRODUCCION A LAS MATEMATICAS,70,excelente docente.,Positivo,0.9139,Alegría,0.9727,No detectado,0.0162,0.0167,0.0130
FACULTAD DE INGENIERIA Y ARQUITECTURA,ABQM,CI02,INGENIERÍA CIVIL INDUSTRIAL (PLAN 2015),58000,INTRODUCCION A LAS MATEMATICAS,71,"excelente docente, muy paciente y siempre respondiendo dudas en clase con excelente disposición.",Positivo,0.9646,Alegría,0.9624,No detectado,0.0156,0.0086,0.0091
FACULTAD DE INGENIERIA Y ARQUITECTURA,ABQM,IM02,INGENIERÍA CIVIL EN MINAS PLAN 2017,3226,CALCULO I,30,excelente explicando.,Positivo,0.6238,Alegría,0.6305,No detectado,0.0226,0.0079,0.0111
FACULTAD DE INGENIERIA Y ARQUITECTURA,ABQM,IM02,INGENIERÍA CIVIL EN MINAS PLAN 2017,3226,CALCULO I,21,excelente explicando.,Positivo,0.6238,Alegría,0.6305,No detectado,0.0226,0.0079,0.0111
FACULTAD DE INGENIERIA Y ARQUITECTURA,ABQM,IM02,INGENIERÍA CIVIL EN MINAS PLAN 2017,58000,INTRODUCCION A LAS MATEMATICAS,71,"excelente profesor, te ayuda y apoya desde otras mirada. es mas completo que los profesors de asignatura.",Positivo,0.9587,Alegría,0.6161,No detectado,0.0197,0.0080,0.0105
FACULTAD DE INGENIERIA Y ARQUITECTURA,ABQM,IC05,INGENIERÍA CIVIL EN COMPUTACIÓN E INFORMÁTICA PLAN 2017,58000,INTRODUCCION A LAS MATEMATICAS,21,excelente profesor.,Positivo,0.9060,Alegría,0.9409,No detectado,0.0124,0.0121,0.0102
FACULTAD DE INGENIERIA Y ARQUITECTURA,ABQM,IC05,INGENIERÍA CIVIL EN COMPUTACIÓN E INFORMÁTICA PLAN 2017,58000,INTRODUCCION A LAS MATEMATICAS,101,excelente profesor el único punto es que a veces realizaba demasiado rápido los ejercicios.,Neutral,0.5487,Otro,0.9929,No detectado,0.0225,0.0106,0.0146
FACULTAD DE INGENIERIA Y ARQUITECTURA,ABQM,IC05,INGENIERÍA CIVIL EN COMPUTACIÓN E INFORMÁTICA PLAN 2017,58000,INTRODUCCION A LAS MATEMATICAS,21,excelente profesor!!.,Positivo,0.9471,Alegría,0.9862,No detectado,0.0106,0.0112,0.0100
FACULTAD DE INGENIERIA Y ARQUITECTURA,ABQM,IC05,INGENIERÍA CIVIL EN COMPUTACIÓN E INFORMÁTICA PLAN 2017,3226,CALCULO I,21,excelente profesora.,Positivo,0.9144,Alegría,0.9657,No detectado,0.0915,0.0614,0.0453
FACULTAD DE INGENIERIA Y ARQUITECTURA,ABQM,CI02,INGENIERÍA CIVIL INDUSTRIAL (PLAN 2015),58000,INTRODUCCION A LAS MATEMATICAS,71,exelente profesor.,Positivo,0.9684,Alegría,0.8469,No detectado,0.0136,0.0102,0.0095
FACULTAD DE INGENIERIA Y ARQUITECTURA,ABQM,IC05,INGENIERÍA CIVIL EN COMPUTACIÓN E INFORMÁTICA PLAN 2017,58000,INTRODUCCION A LAS MATEMATICAS,21,explica bastante bien y no deja dudas.,Positivo,0.9494,Otro,0.9177,No detectado,0.0127,0.0081,0.0091
FACULTAD DE INGENIERIA Y ARQUITECTURA,ABQM,IC05,INGENIERÍA CIVIL EN COMPUTACIÓN E INFORMÁTICA PLAN 2017,58000,INTRODUCCION A LAS MATEMATICAS,101,explica bastante bien y siempre resuelve dudas.,Positivo,0.9238,Otro,0.9182,No detectado,0.0176,0.0094,0.0105
FACULTAD DE INGENIERIA Y ARQUITECTURA,ABQM,IC05,INGENIERÍA CIVIL EN COMPUTACIÓN E INFORMÁTICA PLAN 2017,58000,INTRODUCCION A LAS MATEMATICAS,101,explica bien.,Positivo,0.5603,Otro,0.8542,No detectado,0.0433,0.0177,0.0324
FACULTAD DE INGENIERIA Y ARQUITECTURA,ABQM,OB07,INGENIERÍA CIVIL EN OBRAS CIVILES PLAN 2017,3226,CALCULO I,21,explica bien se toma su tiempo una lastima que no haga catedra de calculo.,Positivo,0.7461,Otro,0.9801,No detectado,0.0239,0.0124,0.0132
FACULTAD DE INGENIERIA Y ARQUITECTURA,ABQM,CI02,INGENIERÍA CIVIL INDUSTRIAL (PLAN 2015),3226,CALCULO I,21,"explica bien, hacer ejercicios modo prueba.",Neutral,0.5200,Otro,0.9953,No detectado,0.0414,0.0130,0.0185
FACULTAD DE INGENIERIA Y ARQUITECTURA,ABQM,GE02,GEOLOGÍA PLAN 2017,3226,CALCULO I,30,"explica mal y repite la misma clase constantemente por lo que nos faltaban contenidos por ver antes de las pruebas. no sube material al aula, llegaba 30 min tarde a todas las clases, no llegó a un control, por culpa de sus atrasos teníamos mucho menos tiempo para realizar las evaluaciones. definitivamente no recomendarí­a a nadie tomar clases con este profesor.",Negativo,0.9743,Ira,0.9364,No detectado,0.0480,0.0067,0.0216
FACULTAD DE INGENIERIA Y ARQUITECTURA,ABQM,GE02,GEOLOGÍA PLAN 2017,58000,INTRODUCCION A LAS MATEMATICAS,40,explica muy bien.,Positivo,0.9365,Otro,0.8551,No detectado,0.0212,0.0124,0.0138
FACULTAD DE INGENIERIA Y ARQUITECTURA,ABQM,CI02,INGENIERÍA CIVIL INDUSTRIAL (PLAN 2015),3226,CALCULO I,21,explica super bien.,Positivo,0.9548,Otro,0.7824,No detectado,0.0238,0.0144,0.0137
FACULTAD DE INGENIERIA Y ARQUITECTURA,ABQM,IC05,INGENIERÍA CIVIL EN COMPUTACIÓN E INFORMÁTICA PLAN 2017,3226,CALCULO I,30,hace sus clases muy dinamicas y explica muy bien el tema.,Positivo,0.9709,Otro,0.9822,No detectado,0.0191,0.0091,0.0104
FACULTAD DE INGENIERIA Y ARQUITECTURA,ABQM,GE02,GEOLOGÍA PLAN 2017,58000,INTRODUCCION A LAS MATEMATICAS,40,"la verdad yo no lo entendía mucho, clases poco didácticas, no respondí­a correos ni mensajes por el aula, tampoco mandaba info sobre las fechas de las evaluaciones y recién a final de semestre nos subió material al aula virtual para poder estudiar, pero al final esto a mi mucho no me afectaba ya que habí­a reprobado este ramo 2 veces y preferí­a mil veces estudiar en mi casa solo que ir a sus clases, ya que nunca le entendí­.",Negativo,0.9183,Ira,0.5541,No detectado,0.0396,0.0075,0.0239
FACULTAD DE INGENIERIA Y ARQUITECTURA,ABQM,IC05,INGENIERÍA CIVIL EN COMPUTACIÓN E INFORMÁTICA PLAN 2017,3226,CALCULO I,30,"las clases no se entienden, nunca subió ningún material al aula. como pasaba la materia en las clases hacian un entendimiento dificil del tema.",Negativo,0.9234,Otro,0.9814,No detectado,0.0316,0.0055,0.0138
FACULTAD DE INGENIERIA Y ARQUITECTURA,ABQM,IC05,INGENIERÍA CIVIL EN COMPUTACIÓN E INFORMÁTICA PLAN 2017,3226,CALCULO I,21,le cuesta un poco explicar los temas.,Negativo,0.9062,Otro,0.5606,No detectado,0.0269,0.0084,0.0149
FACULTAD DE INGENIERIA Y ARQUITECTURA,ABQM,GE02,GEOLOGÍA PLAN 2017,58000,INTRODUCCION A LAS MATEMATICAS,40,"lo unico malo es que no informaba cuando se realizaban las pruebas, los horarios y las salas de las pruebas y examenes.",Negativo,0.8257,Otro,0.8331,No detectado,0.0385,0.0060,0.0144
FACULTAD DE INGENIERIA Y ARQUITECTURA,ABQM,GE02,GEOLOGÍA PLAN 2017,58000,INTRODUCCION A LAS MATEMATICAS,40,"mal profesor, nunca dio temario para las pruebas, faltaba a clases y nunca aviso...",Negativo,0.9496,Ira,0.8903,No detectado,0.0274,0.0160,0.0187
FACULTAD DE INGENIERIA Y ARQUITECTURA,ABQM,IC05,INGENIERÍA CIVIL EN COMPUTACIÓN E INFORMÁTICA PLAN 2017,58000,INTRODUCCION A LAS MATEMATICAS,101,me encantaron sus clases.,Positivo,0.9711,Alegría,0.9740,No detectado,0.0396,0.0109,0.0206
FACULTAD DE INGENIERIA Y ARQUITECTURA,ABQM,IM02,INGENIERÍA CIVIL EN MINAS PLAN 2017,58000,INTRODUCCION A LAS MATEMATICAS,70,me gusta la manera en la que explica ls materia pero aveces no asiste a dus clases y no informa sobre la cancelacion de clases.,Negativo,0.6772,Otro,0.9886,No detectado,0.0209,0.0095,0.0127
FACULTAD DE INGENIERIA Y ARQUITECTURA,ABQM,IC05,INGENIERÍA CIVIL EN COMPUTACIÓN E INFORMÁTICA PLAN 2017,58000,INTRODUCCION A LAS MATEMATICAS,101,me gustó mucho su forma de enseñar.,Positivo,0.9694,Alegría,0.8782,No detectado,0.0150,0.0191,0.0119
FACULTAD DE INGENIERIA Y ARQUITECTURA,ABQM,OB07,INGENIERÍA CIVIL EN OBRAS CIVILES PLAN 2017,58000,INTRODUCCION A LAS MATEMATICAS,40,me gustaría que suba material al aula virtual.,Neutral,0.6911,Otro,0.9935,No detectado,0.0280,0.0108,0.0128
FACULTAD DE INGENIERIA Y ARQUITECTURA,ABQM,IC05,INGENIERÍA CIVIL EN COMPUTACIÓN E INFORMÁTICA PLAN 2017,58000,INTRODUCCION A LAS MATEMATICAS,101,medio.,Neutral,0.5305,Alegría,0.4050,No detectado,0.0743,0.0555,0.0544
FACULTAD DE INGENIERIA Y ARQUITECTURA,ABQM,IC05,INGENIERÍA CIVIL EN COMPUTACIÓN E INFORMÁTICA PLAN 2017,58000,INTRODUCCION A LAS MATEMATICAS,101,"mejorar el ánimo de las clases, y asi la de los estudiantes, llevar material más estimulante.",Positivo,0.5281,Otro,0.8808,No detectado,0.0414,0.0060,0.0121
FACULTAD DE INGENIERIA Y ARQUITECTURA,ABQM,CI02,INGENIERÍA CIVIL INDUSTRIAL (PLAN 2015),58000,INTRODUCCION A LAS MATEMATICAS,71,muy bien explicado.,Positivo,0.8956,Otro,0.7979,No detectado,0.0236,0.0121,0.0140
FACULTAD DE INGENIERIA Y ARQUITECTURA,ABQM,CI02,INGENIERÍA CIVIL INDUSTRIAL (PLAN 2015),58000,INTRODUCCION A LAS MATEMATICAS,71,muy buen profesor.,Positivo,0.9677,Alegría,0.9051,No detectado,0.0123,0.0104,0.0094
FACULTAD DE INGENIERIA Y ARQUITECTURA,ABQM,IC05,INGENIERÍA CIVIL EN COMPUTACIÓN E INFORMÁTICA PLAN 2017,58000,INTRODUCCION A LAS MATEMATICAS,101,muy buen profesor.,Positivo,0.9677,Alegría,0.9051,No detectado,0.0123,0.0104,0.0094
FACULTAD DE INGENIERIA Y ARQUITECTURA,ABQM,IC05,INGENIERÍA CIVIL EN COMPUTACIÓN E INFORMÁTICA PLAN 2017,58000,INTRODUCCION A LAS MATEMATICAS,21,muy buen profesor.,Positivo,0.9677,Alegría,0.9051,No detectado,0.0123,0.0104,0.0094
FACULTAD DE INGENIERIA Y ARQUITECTURA,ABQM,IM02,INGENIERÍA CIVIL EN MINAS PLAN 2017,58000,INTRODUCCION A LAS MATEMATICAS,70,muy buen profesor metodico y gran experiencia.,Positivo,0.9719,Alegría,0.9126,No detectado,0.0132,0.0087,0.0105
FACULTAD DE INGENIERIA Y ARQUITECTURA,ABQM,IC05,INGENIERÍA CIVIL EN COMPUTACIÓN E INFORMÁTICA PLAN 2017,58000,INTRODUCCION A LAS MATEMATICAS,21,"muy buen profesor, enseña super bien aunque aveces falta a clases.",Positivo,0.9580,Alegría,0.7378,No detectado,0.0171,0.0105,0.0119
FACULTAD DE INGENIERIA Y ARQUITECTURA,ABQM,OB07,INGENIERÍA CIVIL EN OBRAS CIVILES PLAN 2017,3226,CALCULO I,30,muy buen profesor.,Positivo,0.9677,Alegría,0.9051,No detectado,0.0123,0.0104,0.0094
FACULTAD DE INGENIERIA Y ARQUITECTURA,ABQM,GE02,GEOLOGÍA PLAN 2017,3226,CALCULO I,21,muy buen profesor.,Positivo,0.9677,Alegría,0.9051,No detectado,0.0123,0.0104,0.0094
FACULTAD DE INGENIERIA Y ARQUITECTURA,ABQM,IM02,INGENIERÍA CIVIL EN MINAS PLAN 2017,58000,INTRODUCCION A LAS MATEMATICAS,70,muy buen profesor.,Positivo,0.9677,Alegría,0.9051,No detectado,0.0123,0.0104,0.0094
FACULTAD DE INGENIERIA Y ARQUITECTURA,ABQM,IC05,INGENIERÍA CIVIL EN COMPUTACIÓN E INFORMÁTICA PLAN 2017,58000,INTRODUCCION A LAS MATEMATICAS,21,muy buen profesor.,Positivo,0.9677,Alegría,0.9051,No detectado,0.0123,0.0104,0.0094
FACULTAD DE INGENIERIA Y ARQUITECTURA,ABQM,IM02,INGENIERÍA CIVIL EN MINAS PLAN 2017,58000,INTRODUCCION A LAS MATEMATICAS,70,"muy buen profesor, explica la materia de una manera que todos puedan entender.",Positivo,0.9710,Otro,0.9239,No detectado,0.0108,0.0072,0.0068
FACULTAD DE INGENIERIA Y ARQUITECTURA,ABQM,IC05,INGENIERÍA CIVIL EN COMPUTACIÓN E INFORMÁTICA PLAN 2017,58000,INTRODUCCION A LAS MATEMATICAS,21,"muy buen profesor, logré entender toda la materia gracias a su forma de enseñar.",Positivo,0.9797,Alegría,0.9882,No detectado,0.0105,0.0098,0.0077
FACULTAD DE INGENIERIA Y ARQUITECTURA,ABQM,IC05,INGENIERÍA CIVIL EN COMPUTACIÓN E INFORMÁTICA PLAN 2017,58000,INTRODUCCION A LAS MATEMATICAS,101,"muy buen profesor, si un alumno no entendía el de inmediato explicaba todo desde 0.",Positivo,0.6042,Otro,0.9658,No detectado,0.0288,0.0121,0.0135
FACULTAD DE INGENIERIA Y ARQUITECTURA,ABQM,IM02,INGENIERÍA CIVIL EN MINAS PLAN 2017,3226,CALCULO I,30,muy buen profesor.,Positivo,0.9677,Alegría,0.9051,No detectado,0.0123,0.0104,0.0094
FACULTAD DE INGENIERIA Y ARQUITECTURA,ABQM,IC05,INGENIERÍA CIVIL EN COMPUTACIÓN E INFORMÁTICA PLAN 2017,58000,INTRODUCCION A LAS MATEMATICAS,21,muy buen profesor.,Positivo,0.9677,Alegría,0.9051,No detectado,0.0123,0.0104,0.0094
FACULTAD DE INGENIERIA Y ARQUITECTURA,ABQM,IC05,INGENIERÍA CIVIL EN COMPUTACIÓN E INFORMÁTICA PLAN 2017,58000,INTRODUCCION A LAS MATEMATICAS,101,muy buena metodología para enseñar la materia.,Positivo,0.9659,Otro,0.9087,No detectado,0.0195,0.0085,0.0096
FACULTAD DE INGENIERIA Y ARQUITECTURA,ABQM,IC05,INGENIERÍA CIVIL EN COMPUTACIÓN E INFORMÁTICA PLAN 2017,58000,INTRODUCCION A LAS MATEMATICAS,101,muy buenas explicaciones.,Positivo,0.9441,Otro,0.7772,No detectado,0.0290,0.0059,0.0150
FACULTAD DE INGENIERIA Y ARQUITECTURA,ABQM,CI02,INGENIERÍA CIVIL INDUSTRIAL (PLAN 2015),58000,INTRODUCCION A LAS MATEMATICAS,71,nada.,Neutral,0.4837,Otro,0.8243,No detectado,0.0509,0.0136,0.0305
FACULTAD DE INGENIERIA Y ARQUITECTURA,ABQM,IC05,INGENIERÍA CIVIL EN COMPUTACIÓN E INFORMÁTICA PLAN 2017,58000,INTRODUCCION A LAS MATEMATICAS,21,nada.,Neutral,0.4837,Otro,0.8243,No detectado,0.0509,0.0136,0.0305
FACULTAD DE INGENIERIA Y ARQUITECTURA,ABQM,IC05,INGENIERÍA CIVIL EN COMPUTACIÓN E INFORMÁTICA PLAN 2017,58000,INTRODUCCION A LAS MATEMATICAS,101,nada que añadir.,Neutral,0.4804,Alegría,0.5964,No detectado,0.0207,0.0131,0.0133
FACULTAD DE INGENIERIA Y ARQUITECTURA,ABQM,IC05,INGENIERÍA CIVIL EN COMPUTACIÓN E INFORMÁTICA PLAN 2017,3226,CALCULO I,21,nada que agregar.,Neutral,0.4990,Otro,0.6519,No detectado,0.0217,0.0132,0.0143
FACULTAD DE INGENIERIA Y ARQUITECTURA,ABQM,IC05,INGENIERÍA CIVIL EN COMPUTACIÓN E INFORMÁTICA PLAN 2017,58000,INTRODUCCION A LAS MATEMATICAS,21,nada que agregar.,Neutral,0.4990,Otro,0.6519,No detectado,0.0217,0.0132,0.0143
FACULTAD DE INGENIERIA Y ARQUITECTURA,ABQM,CI02,INGENIERÍA CIVIL INDUSTRIAL (PLAN 2015),58000,INTRODUCCION A LAS MATEMATICAS,71,nada que decir.,Neutral,0.5090,Otro,0.8319,No detectado,0.0262,0.0117,0.0171
FACULTAD DE INGENIERIA Y ARQUITECTURA,ABQM,OB07,INGENIERÍA CIVIL EN OBRAS CIVILES PLAN 2017,58000,INTRODUCCION A LAS MATEMATICAS,40,nada que decir.,Neutral,0.5090,Otro,0.8319,No detectado,0.0262,0.0117,0.0171
FACULTAD DE INGENIERIA Y ARQUITECTURA,ABQM,IC05,INGENIERÍA CIVIL EN COMPUTACIÓN E INFORMÁTICA PLAN 2017,58000,INTRODUCCION A LAS MATEMATICAS,21,nada que decir muy buen profesor.,Positivo,0.9327,Otro,0.9031,No detectado,0.0129,0.0122,0.0096
FACULTAD DE INGENIERIA Y ARQUITECTURA,ABQM,OB07,INGENIERÍA CIVIL EN OBRAS CIVILES PLAN 2017,58000,INTRODUCCION A LAS MATEMATICAS,40,nada que decir un buen profesor en todo sentido solo hubo un tema que no me gusto de el en una ocasión cuando fue la 1era prueba del semestre y l organización de esta fue malí­sima.,Negativo,0.9685,Otro,0.4555,No detectado,0.0191,0.0108,0.0106
FACULTAD DE INGENIERIA Y ARQUITECTURA,ABQM,IC05,INGENIERÍA CIVIL EN COMPUTACIÓN E INFORMÁTICA PLAN 2017,58000,INTRODUCCION A LAS MATEMATICAS,21,nada que incorporar.,Neutral,0.4863,Otro,0.9863,No detectado,0.0375,0.0086,0.0155
FACULTAD DE INGENIERIA Y ARQUITECTURA,ABQM,IC05,INGENIERÍA CIVIL EN COMPUTACIÓN E INFORMÁTICA PLAN 2017,58000,INTRODUCCION A LAS MATEMATICAS,21,"nada, ya que solo tengo clases con el una ves por semana.",Neutral,0.8501,Otro,0.9947,No detectado,0.0253,0.0085,0.0097
FACULTAD DE INGENIERIA Y ARQUITECTURA,ABQM,IC05,INGENIERÍA CIVIL EN COMPUTACIÓN E INFORMÁTICA PLAN 2017,58000,INTRODUCCION A LAS MATEMATICAS,101,"ninguno, es un buen profesor para los ejercicios.",Neutral,0.5644,Otro,0.9937,No detectado,0.0400,0.0079,0.0182
FACULTAD DE INGENIERIA Y ARQUITECTURA,ABQM,IM02,INGENIERÍA CIVIL EN MINAS PLAN 2017,3226,CALCULO I,21,no.,Neutral,0.4675,Otro,0.5628,No detectado,0.0628,0.0154,0.0316
FACULTAD DE INGENIERIA Y ARQUITECTURA,ABQM,GE02,GEOLOGÍA PLAN 2017,3226,CALCULO I,21,no.,Neutral,0.4675,Otro,0.5628,No detectado,0.0628,0.0154,0.0316
FACULTAD DE INGENIERIA Y ARQUITECTURA,ABQM,CI02,INGENIERÍA CIVIL INDUSTRIAL (PLAN 2015),58000,INTRODUCCION A LAS MATEMATICAS,71,no aplica.,Neutral,0.5012,Otro,0.9326,No detectado,0.0688,0.0244,0.0385
FACULTAD DE INGENIERIA Y ARQUITECTURA,ABQM,IC05,INGENIERÍA CIVIL EN COMPUTACIÓN E INFORMÁTICA PLAN 2017,58000,INTRODUCCION A LAS MATEMATICAS,21,no comentarios.,Neutral,0.5375,Otro,0.9185,No detectado,0.0896,0.0206,0.0378
FACULTAD DE INGENIERIA Y ARQUITECTURA,ABQM,IC05,INGENIERÍA CIVIL EN COMPUTACIÓN E INFORMÁTICA PLAN 2017,3226,CALCULO I,21,no hay comentarios.,Neutral,0.4579,Otro,0.8731,No detectado,0.0414,0.0064,0.0218
FACULTAD DE INGENIERIA Y ARQUITECTURA,ABQM,CI02,INGENIERÍA CIVIL INDUSTRIAL (PLAN 2015),58000,INTRODUCCION A LAS MATEMATICAS,71,no me tocó clases con este profesor pero tengo que responder la encuesta.,Neutral,0.8777,Otro,0.9955,No detectado,0.0286,0.0099,0.0130
FACULTAD DE INGENIERIA Y ARQUITECTURA,ABQM,CI02,INGENIERÍA CIVIL INDUSTRIAL (PLAN 2015),58000,INTRODUCCION A LAS MATEMATICAS,71,no puedo decir mucho.,Negativo,0.4818,Otro,0.7807,No detectado,0.0268,0.0095,0.0156
FACULTAD DE INGENIERIA Y ARQUITECTURA,ABQM,IC05,INGENIERÍA CIVIL EN COMPUTACIÓN E INFORMÁTICA PLAN 2017,58000,INTRODUCCION A LAS MATEMATICAS,101,no se enfocaba en que todos aprendan ya que hacia ejercicios y no daba tiempo aveces para poder entender bien y pasaba ejrcicios y ejercicios los hacia solo casi.,Negativo,0.6424,Otro,0.9914,No detectado,0.0406,0.0085,0.0230
FACULTAD DE INGENIERIA Y ARQUITECTURA,ABQM,IC05,INGENIERÍA CIVIL EN COMPUTACIÓN E INFORMÁTICA PLAN 2017,3226,CALCULO I,30,no sirve como profesor.,Negativo,0.8338,Otro,0.9138,No detectado,0.0231,0.0141,0.0138
FACULTAD DE INGENIERIA Y ARQUITECTURA,ABQM,IC05,INGENIERÍA CIVIL EN COMPUTACIÓN E INFORMÁTICA PLAN 2017,58000,INTRODUCCION A LAS MATEMATICAS,21,"no tengo mucho que decir de este profesor, enseña bien y es buen profesor.",Positivo,0.9746,Alegría,0.6402,No detectado,0.0115,0.0103,0.0083
FACULTAD DE INGENIERIA Y ARQUITECTURA,ABQM,IM02,INGENIERÍA CIVIL EN MINAS PLAN 2017,58000,INTRODUCCION A LAS MATEMATICAS,70,no tengo ningún comentario.,Neutral,0.5273,Otro,0.9924,No detectado,0.0228,0.0095,0.0162
FACULTAD DE INGENIERIA Y ARQUITECTURA,ABQM,IC05,INGENIERÍA CIVIL EN COMPUTACIÓN E INFORMÁTICA PLAN 2017,58000,INTRODUCCION A LAS MATEMATICAS,21,no tengo ningún comentario.,Neutral,0.5273,Otro,0.9924,No detectado,0.0228,0.0095,0.0162
FACULTAD DE INGENIERIA Y ARQUITECTURA,ABQM,GE02,GEOLOGÍA PLAN 2017,58000,INTRODUCCION A LAS MATEMATICAS,40,nos tiene paciencia el profesor.,Neutral,0.4142,Otro,0.9868,No detectado,0.0271,0.0128,0.0124
FACULTAD DE INGENIERIA Y ARQUITECTURA,ABQM,GE02,GEOLOGÍA PLAN 2017,58000,INTRODUCCION A LAS MATEMATICAS,40,nunca le entendí nada.,Negativo,0.7432,Otro,0.9424,No detectado,0.0225,0.0130,0.0161
FACULTAD DE INGENIERIA Y ARQUITECTURA,ABQM,IC05,INGENIERÍA CIVIL EN COMPUTACIÓN E INFORMÁTICA PLAN 2017,3226,CALCULO I,30,piola el profesor.,Positivo,0.8220,Otro,0.9531,No detectado,0.0251,0.0207,0.0140
FACULTAD DE INGENIERIA Y ARQUITECTURA,ABQM,GE02,GEOLOGÍA PLAN 2017,58000,INTRODUCCION A LAS MATEMATICAS,40,pregunta si los alumnos tienen dudas.,Neutral,0.8042,Otro,0.9939,No detectado,0.0257,0.0049,0.0134
FACULTAD DE INGENIERIA Y ARQUITECTURA,ABQM,GE02,GEOLOGÍA PLAN 2017,58000,INTRODUCCION A LAS MATEMATICAS,40,"profesor a demostrado todo mi primer semestre que es irresponsable con su trabajo como profesor el cual no sube material complementario para las clases, llega tarde a la sala,falta a clases sin previo aviso, la materia que pasamos no nos sirve para las evaluaciones que da, le pedimos material de trabajo para practicar en nuestras casas y su excusa para no hacer nada es que veamos el libro de matematicas. otros profesores tomando como ejemplo a felipe tejo de intro a la fisica que se preocupa por sus estudiantes que envia material completario y envia guias con respuesta hechas por el mismo se nota la diferencia siendo que son 2 materias dificiles y que con el estemos todos con buenas notas y que con el profesor quiroz estemos la mayoria con muy malas notas.",Negativo,0.9818,Ira,0.9499,No detectado,0.2225,0.0102,0.0814
FACULTAD DE INGENIERIA Y ARQUITECTURA,ABQM,CI02,INGENIERÍA CIVIL INDUSTRIAL (PLAN 2015),58000,INTRODUCCION A LAS MATEMATICAS,71,profesor bueno.,Positivo,0.4919,Otro,0.7072,No detectado,0.0517,0.0230,0.0366
FACULTAD DE INGENIERIA Y ARQUITECTURA,ABQM,GE02,GEOLOGÍA PLAN 2017,3226,CALCULO I,30,"profesor bueno en la materia pero a la hora de dar el temario para las pruebas, colocaba algo totalmente diferente.",Negativo,0.4995,Otro,0.9929,No detectado,0.0459,0.0145,0.0188
FACULTAD DE INGENIERIA Y ARQUITECTURA,ABQM,IC05,INGENIERÍA CIVIL EN COMPUTACIÓN E INFORMÁTICA PLAN 2017,58000,INTRODUCCION A LAS MATEMATICAS,21,"profesor bueno, siempre hace ejercicios de prueba para reforzar.",Positivo,0.5440,Otro,0.9959,No detectado,0.0428,0.0108,0.0162
FACULTAD DE INGENIERIA Y ARQUITECTURA,ABQM,CO05,INGENIERÍA EN CONSTRUCCIÓN PLAN 2017,3226,CALCULO I,21,profesor congruente.,Negativo,0.3675,Otro,0.9535,No detectado,0.0467,0.0248,0.0239
FACULTAD DE INGENIERIA Y ARQUITECTURA,ABQM,IM02,INGENIERÍA CIVIL EN MINAS PLAN 2017,58000,INTRODUCCION A LAS MATEMATICAS,70,"profesor debería por lo menos avisar cuando no asistirá una clase ya que ha sido mas de una clase que no ha llegado y no ha dado ningún tipo de aviso, pero por lo demás es un buen profesor y explica muy bien su materia.",Neutral,0.5037,Otro,0.9876,No detectado,0.0211,0.0105,0.0117
FACULTAD DE INGENIERIA Y ARQUITECTURA,ABQM,OB07,INGENIERÍA CIVIL EN OBRAS CIVILES PLAN 2017,58000,INTRODUCCION A LAS MATEMATICAS,40,"profesor explica bien, el único problema es que no resuelve didad en examenes ni evaluaciónes.",Negativo,0.7730,Otro,0.9818,No detectado,0.0274,0.0062,0.0127
FACULTAD DE INGENIERIA Y ARQUITECTURA,ABQM,IC05,INGENIERÍA CIVIL EN COMPUTACIÓN E INFORMÁTICA PLAN 2017,58000,INTRODUCCION A LAS MATEMATICAS,101,profesor muy bueno; con métodos de resolución un poco anticuados que personalmente no me gustan.,Negativo,0.8261,Otro,0.9898,No detectado,0.0298,0.0056,0.0183
FACULTAD DE INGENIERIA Y ARQUITECTURA,ABQM,GE02,GEOLOGÍA PLAN 2017,58000,INTRODUCCION A LAS MATEMATICAS,40,profesor no avisa con anticipación la información al momento de dar las pruebas y siempre nos enteramos a ultimo momento de todo.,Negativo,0.9608,Ira,0.7257,No detectado,0.0282,0.0054,0.0119
FACULTAD DE INGENIERIA Y ARQUITECTURA,ABQM,GE02,GEOLOGÍA PLAN 2017,58000,INTRODUCCION A LAS MATEMATICAS,40,"profesor no indica correo electrónico por el cual poder tener un método de comunicación con él, falta en repetidas ocasiones sin previo aviso a clases, no entrega ningún tipo de material de apoyo, llega a clases sin saber la materia que hemos visto con anterioridad, no informa fechas de evaluaciones, no entrega temario de evaluaciones, realiza evaluaciones sorpresa, entrega calificaciones de manera tardí­a y no responde por el aula virtual.",Negativo,0.9168,Otro,0.5776,No detectado,0.0431,0.0059,0.0186
FACULTAD DE INGENIERIA Y ARQUITECTURA,ABQM,GE02,GEOLOGÍA PLAN 2017,58000,INTRODUCCION A LAS MATEMATICAS,40,profesor no informa sobre actividades de repaso y evita el uso del aula virtual.,Negativo,0.6522,Otro,0.9971,No detectado,0.0103,0.0074,0.0086
FACULTAD DE INGENIERIA Y ARQUITECTURA,ABQM,CI02,INGENIERÍA CIVIL INDUSTRIAL (PLAN 2015),58000,INTRODUCCION A LAS MATEMATICAS,71,"profesor piola, hace su trabajo y listo.",Positivo,0.6223,Otro,0.9662,No detectado,0.0619,0.0410,0.0462
FACULTAD DE INGENIERIA Y ARQUITECTURA,ABQM,CI02,INGENIERÍA CIVIL INDUSTRIAL (PLAN 2015),58000,INTRODUCCION A LAS MATEMATICAS,71,"profesor se pierde en los temas desarrollados durante la clase, no prepara material con antelacion, deja los temas a medio explicar y encima los explica mal.",Negativo,0.9773,Ira,0.7095,No detectado,0.0333,0.0071,0.0182
FACULTAD DE INGENIERIA Y ARQUITECTURA,ABQM,IM02,INGENIERÍA CIVIL EN MINAS PLAN 2017,58000,INTRODUCCION A LAS MATEMATICAS,70,"profesor tiene varias faltas a las clases sin previo aviso, llegaba tarde, no informaba sobre contenido de evaluaciones ni subía contenido a el aula virtual, imposible comunicarse con el a través de correo u otra plataforma ya que no contesta, las notas de evaluaciones no las teníamos en ninguna plataforma, solo las pudimos tener al final de semestre.",Negativo,0.9506,Otro,0.6192,No detectado,0.0382,0.0059,0.0155
FACULTAD DE INGENIERIA Y ARQUITECTURA,ABQM,GE02,GEOLOGÍA PLAN 2017,58000,INTRODUCCION A LAS MATEMATICAS,40,"pues, enseña de buena manera, pero no abarca lo necesario, pero que la evaluación diferente a lo enseñado, si te dice 1+1=2 en la prueba 199-87, y faltó mucho y la verdad no es el mejor de los profesores.",Negativo,0.9013,Otro,0.9164,No detectado,0.0352,0.0100,0.0157
FACULTAD DE INGENIERIA Y ARQUITECTURA,ABQM,IC05,INGENIERÍA CIVIL EN COMPUTACIÓN E INFORMÁTICA PLAN 2017,58000,INTRODUCCION A LAS MATEMATICAS,101,que aprenda a controlar el volumen y el ruido de la sala.,Neutral,0.7705,Otro,0.9796,No detectado,0.0396,0.0137,0.0137
FACULTAD DE INGENIERIA Y ARQUITECTURA,ABQM,IM02,INGENIERÍA CIVIL EN MINAS PLAN 2017,58000,INTRODUCCION A LAS MATEMATICAS,70,que vaya a clases ya que siempre falto la mayorí­a de las clases este semestre.,Negativo,0.8799,Otro,0.9847,No detectado,0.1103,0.0320,0.0492
FACULTAD DE INGENIERIA Y ARQUITECTURA,ABQM,CI02,INGENIERÍA CIVIL INDUSTRIAL (PLAN 2015),58000,INTRODUCCION A LAS MATEMATICAS,71,quizás le falta entender un poco más a sus alumnos en todo sentido.,Neutral,0.4991,Otro,0.7078,No detectado,0.0172,0.0048,0.0097
FACULTAD DE INGENIERIA Y ARQUITECTURA,ABQM,IC05,INGENIERÍA CIVIL EN COMPUTACIÓN E INFORMÁTICA PLAN 2017,58000,INTRODUCCION A LAS MATEMATICAS,101,"recomendarí­a que tuviese más orden con lo que es el aula para, por ejemplo poder encontrar el contenido correspondiente a la unidad en la que se vio. que se suba más material para practicar. agregué más métodos de como llegar a un resultado.",Neutral,0.7731,Otro,0.9960,No detectado,0.0245,0.0063,0.0100
FACULTAD DE INGENIERIA Y ARQUITECTURA,ABQM,CI02,INGENIERÍA CIVIL INDUSTRIAL (PLAN 2015),58000,INTRODUCCION A LAS MATEMATICAS,71,s.,Neutral,0.4650,Otro,0.6471,No detectado,0.0762,0.0391,0.0615
FACULTAD DE INGENIERIA Y ARQUITECTURA,ABQM,IM02,INGENIERÍA CIVIL EN MINAS PLAN 2017,58000,INTRODUCCION A LAS MATEMATICAS,70,se da el tiempo de dar explicación sobre como resolver el ejercicio hasta que se entienda.,Neutral,0.9161,Otro,0.9973,No detectado,0.0138,0.0074,0.0068
FACULTAD DE INGENIERIA Y ARQUITECTURA,ABQM,IM02,INGENIERÍA CIVIL EN MINAS PLAN 2017,3226,CALCULO I,21,se desví­a mucho de la materia y se da mil vueltas en explicar algo.,Negativo,0.9359,Otro,0.8966,No detectado,0.0206,0.0113,0.0118
FACULTAD DE INGENIERIA Y ARQUITECTURA,ABQM,GE02,GEOLOGÍA PLAN 2017,58000,INTRODUCCION A LAS MATEMATICAS,40,"se le entiende lo que enseña, solo se demoro un poco en entregar los resultados de la primera prueba.",Neutral,0.4934,Otro,0.9949,No detectado,0.0228,0.0122,0.0098
FACULTAD DE INGENIERIA Y ARQUITECTURA,ABQM,GE02,GEOLOGÍA PLAN 2017,58000,INTRODUCCION A LAS MATEMATICAS,40,se queda dormido durante pruebas.,Negativo,0.5665,Otro,0.9885,No detectado,0.0256,0.0110,0.0134
FACULTAD DE INGENIERIA Y ARQUITECTURA,ABQM,CI02,INGENIERÍA CIVIL INDUSTRIAL (PLAN 2015),3226,CALCULO I,30,"según mi punto de vista fue terrible, entiendo que nosotros empezamos clases un poco tarde pero lo que el profesor nos pasaba en clases era muy inferior a lo que entraba en la prueba, aprende­ más en clase de ejercicios con otro profesor 1 dia a la semana que 2 con el, además que faltaba mucho.",Negativo,0.8684,Otro,0.8170,No detectado,0.0325,0.0059,0.0137
FACULTAD DE INGENIERIA Y ARQUITECTURA,ABQM,CI02,INGENIERÍA CIVIL INDUSTRIAL (PLAN 2015),58000,INTRODUCCION A LAS MATEMATICAS,71,sentí que perdí tiempo de estudio en la clase de este profesor.,Negativo,0.9799,Tristeza,0.6172,No detectado,0.0190,0.0136,0.0127
FACULTAD DE INGENIERIA Y ARQUITECTURA,ABQM,IM02,INGENIERÍA CIVIL EN MINAS PLAN 2017,3226,CALCULO I,21,sin comentarios.,Neutral,0.4468,Otro,0.6370,No detectado,0.0500,0.0090,0.0231
FACULTAD DE INGENIERIA Y ARQUITECTURA,ABQM,IC05,INGENIERÍA CIVIL EN COMPUTACIÓN E INFORMÁTICA PLAN 2017,3226,CALCULO I,30,sin comentarios.,Neutral,0.4468,Otro,0.6370,No detectado,0.0500,0.0090,0.0231
FACULTAD DE INGENIERIA Y ARQUITECTURA,ABQM,GE02,GEOLOGÍA PLAN 2017,3226,CALCULO I,21,sin comentarios.,Neutral,0.4468,Otro,0.6370,No detectado,0.0500,0.0090,0.0231
FACULTAD DE INGENIERIA Y ARQUITECTURA,ABQM,OB07,INGENIERÍA CIVIL EN OBRAS CIVILES PLAN 2017,58000,INTRODUCCION A LAS MATEMATICAS,40,sin comentarios.,Neutral,0.4468,Otro,0.6370,No detectado,0.0500,0.0090,0.0231
FACULTAD DE INGENIERIA Y ARQUITECTURA,ABQM,IC05,INGENIERÍA CIVIL EN COMPUTACIÓN E INFORMÁTICA PLAN 2017,58000,INTRODUCCION A LAS MATEMATICAS,101,su curso fue muy agradable y me ayudó mucho para entender varios apartados de la materia que no entendí­ en su momento.,Positivo,0.9560,Alegría,0.7687,No detectado,0.0106,0.0070,0.0081
FACULTAD DE INGENIERIA Y ARQUITECTURA,ABQM,IC05,INGENIERÍA CIVIL EN COMPUTACIÓN E INFORMÁTICA PLAN 2017,58000,INTRODUCCION A LAS MATEMATICAS,101,su forma de enseñar es negativa.,Negativo,0.9145,Otro,0.9724,No detectado,0.1547,0.0798,0.0743
FACULTAD DE INGENIERIA Y ARQUITECTURA,ABQM,IC05,INGENIERÍA CIVIL EN COMPUTACIÓN E INFORMÁTICA PLAN 2017,58000,INTRODUCCION A LAS MATEMATICAS,21,su forma de enseñar le deja al alumno el conocimiento necesario para la resolución de ejercicios de tal manera que apoya significativamente.,Positivo,0.9187,Otro,0.9861,No detectado,0.0097,0.0070,0.0063
FACULTAD DE INGENIERIA Y ARQUITECTURA,ABQM,IC05,INGENIERÍA CIVIL EN COMPUTACIÓN E INFORMÁTICA PLAN 2017,58000,INTRODUCCION A LAS MATEMATICAS,21,su método de enseñanza es bastante clara por lo tanto es notorio el desempeño de los estudiantes.,Positivo,0.7878,Otro,0.9957,No detectado,0.0221,0.0074,0.0093
FACULTAD DE INGENIERIA Y ARQUITECTURA,ABQM,IC05,INGENIERÍA CIVIL EN COMPUTACIÓN E INFORMÁTICA PLAN 2017,58000,INTRODUCCION A LAS MATEMATICAS,101,ta bien.,Neutral,0.4342,Otro,0.8298,No detectado,0.0830,0.0283,0.0477
FACULTAD DE INGENIERIA Y ARQUITECTURA,ABQM,CI02,INGENIERÍA CIVIL INDUSTRIAL (PLAN 2015),58000,INTRODUCCION A LAS MATEMATICAS,71,"tal como respondí­, me es indiferente.",Negativo,0.5637,Otro,0.9471,No detectado,0.0352,0.0122,0.0169
FACULTAD DE INGENIERIA Y ARQUITECTURA,ABQM,IC05,INGENIERÍA CIVIL EN COMPUTACIÓN E INFORMÁTICA PLAN 2017,58000,INTRODUCCION A LAS MATEMATICAS,21,"tiene conocimiento de matemáticas, pero sus explicaciones suelen ser desordenadas, lo que dificulta el seguimiento de los temas. una estructura más clara en sus clases ayudarí­a mucho al aprendizaje de los estudiantes.",Negativo,0.7811,Otro,0.9885,No detectado,0.0246,0.0038,0.0094
FACULTAD DE INGENIERIA Y ARQUITECTURA,ABQM,IC05,INGENIERÍA CIVIL EN COMPUTACIÓN E INFORMÁTICA PLAN 2017,58000,INTRODUCCION A LAS MATEMATICAS,101,tuve clases como tres con el y nos cambiaron de profesor.,Negativo,0.7667,Otro,0.9805,No detectado,0.0259,0.0153,0.0136
FACULTAD DE INGENIERIA Y ARQUITECTURA,ABQM,IC05,INGENIERÍA CIVIL EN COMPUTACIÓN E INFORMÁTICA PLAN 2017,58000,INTRODUCCION A LAS MATEMATICAS,21,"un 7 la profesora, explicaba desde la base de las matematicas y empleaba distintos procedimientos.",Positivo,0.8112,Otro,0.9849,No detectado,0.0303,0.0131,0.0144
FACULTAD DE INGENIERIA Y ARQUITECTURA,ABQM,CI02,INGENIERÍA CIVIL INDUSTRIAL (PLAN 2015),58000,INTRODUCCION A LAS MATEMATICAS,71,"un profesor mediocre, no tiene ninguna intención de que sus estudiantes aprendan. al realizar preguntas sobre su materia este se enoja, mirando de una manera despreciable a quien le realiza la duda, aparte de esto humilla a sus estudiantes, un falta de respeto total. ojalá que se tomen cartas en el asunto.",Negativo,0.9840,Ira,0.9072,No detectado,0.0139,0.0054,0.0094
FACULTAD DE INGENIERIA Y ARQUITECTURA,ABQM,CI02,INGENIERÍA CIVIL INDUSTRIAL (PLAN 2015),58000,INTRODUCCION A LAS MATEMATICAS,71,un profesor que enseña de manera diferente a los demás lo que te ayuda a comprender la materia de mejor manera.,Positivo,0.9424,Otro,0.9821,No detectado,0.0155,0.0072,0.0076
FACULTAD DE INGENIERIA Y ARQUITECTURA,ABQM,IC05,INGENIERÍA CIVIL EN COMPUTACIÓN E INFORMÁTICA PLAN 2017,58000,INTRODUCCION A LAS MATEMATICAS,101,una ayuda que aveces se necesita por si estas confundido con la materia puedes aprender bien con el.,Positivo,0.6163,Otro,0.9891,No detectado,0.0125,0.0065,0.0070
FACULTAD DE INGENIERIA Y ARQUITECTURA,ABQM,IC05,INGENIERÍA CIVIL EN COMPUTACIÓN E INFORMÁTICA PLAN 2017,3226,CALCULO I,30,una excelente forma de enseñar y un gran profesor.,Positivo,0.9763,Alegría,0.9424,No detectado,0.0107,0.0102,0.0083
FACULTAD DE INGENIERIA Y ARQUITECTURA,ABQM,CI02,INGENIERÍA CIVIL INDUSTRIAL (PLAN 2015),58000,INTRODUCCION A LAS MATEMATICAS,71,vocación innata para enseñar.,Positivo,0.5326,Otro,0.9507,No detectado,0.0347,0.0121,0.0164
FACULTAD DE INGENIERIA Y ARQUITECTURA,ABQM,OB07,INGENIERÍA CIVIL EN OBRAS CIVILES PLAN 2017,58000,INTRODUCCION A LAS MATEMATICAS,40,buen profesor.,Positivo,0.8798,Alegría,0.6186,No detectado,0.0201,0.0141,0.0145
FACULTAD DE INGENIERIA Y ARQUITECTURA,JCVE,CO05,INGENIERÍA EN CONSTRUCCIÓN PLAN 2017,3854,GESTION DE CALIDAD Y PREVENCION DE RIESGOS,10,"en mi opinión el profesor tiene un extenso conocimiento de su materia, aunque la forma en que califica sus evaluaciones no demuestra mucho la materia pasada en clases, además de constantemente exigir a sus alumnos, tomando como excusa que es un ramo de 5to año como si solo tuviéramos solamente ese ramo.",Negativo,0.7993,Otro,0.9179,No detectado,0.0233,0.0052,0.0093
FACULTAD DE INGENIERIA Y ARQUITECTURA,JCVE,OB07,INGENIERÍA CIVIL EN OBRAS CIVILES PLAN 2017,3854,GESTION DE CALIDAD Y PREVENCION DE RIESGOS,10,muy buen profesor.,Positivo,0.9677,Alegría,0.9051,No detectado,0.0123,0.0104,0.0094
FACULTAD DE INGENIERIA Y ARQUITECTURA,JCVE,CO05,INGENIERÍA EN CONSTRUCCIÓN PLAN 2017,3854,GESTION DE CALIDAD Y PREVENCION DE RIESGOS,10,nada.,Neutral,0.4837,Otro,0.8243,No detectado,0.0509,0.0136,0.0305
FACULTAD DE INGENIERIA Y ARQUITECTURA,JCVE,OB07,INGENIERÍA CIVIL EN OBRAS CIVILES PLAN 2017,3854,GESTION DE CALIDAD Y PREVENCION DE RIESGOS,10,profesor agresivo en su forma de responder y revisar los alumnos.,Negativo,0.8601,Otro,0.9934,No detectado,0.0328,0.0087,0.0187
FACULTAD DE INGENIERIA Y ARQUITECTURA,MGSP,AR03,ARQUITECTURA PLAN 2015,11297,OPT: REPRODUCCIÓN DE PLANTAS,10,agradezco el compromiso por ayudarnos a aprender. muy buen curso.,Positivo,0.9762,Alegría,0.9958,No detectado,0.0099,0.0078,0.0082
FACULTAD DE INGENIERIA Y ARQUITECTURA,MGSP,AR03,ARQUITECTURA PLAN 2015,11297,OPT: REPRODUCCIÓN DE PLANTAS,10,es una clase muy linda y la profesora es muy conocedora de lo que habla.,Positivo,0.9827,Alegría,0.6640,No detectado,0.0291,0.0190,0.0148
FACULTAD DE INGENIERIA Y ARQUITECTURA,MGSP,PJ01,ARQUITECTURA DEL PAISAJE (PLAN 2007),4928,REPRODUCCION Y MANTENCION DE PLANTAS,10,gran capacidad de enseñar con claridad y de manera practica.,Positivo,0.9160,Otro,0.8042,No detectado,0.0192,0.0081,0.0097
FACULTAD DE INGENIERIA Y ARQUITECTURA,MGSP,PJ01,ARQUITECTURA DEL PAISAJE (PLAN 2007),4928,REPRODUCCION Y MANTENCION DE PLANTAS,10,"la profesora grabiela es muy buena profesora, una de las mejores de la carrera, explica muy bien las cosas, es muy amable y sus formas de evaluar me parece que son muy buenas ya que son con actividades prácticas que me ayudan a aprender de mejor manera las cosas.",Positivo,0.9789,Alegría,0.8441,No detectado,0.0240,0.0111,0.0136
FACULTAD DE INGENIERIA Y ARQUITECTURA,MGSP,PJ01,ARQUITECTURA DEL PAISAJE (PLAN 2007),4929,MANEJO INTEGRADO DE AREAS VERDES,10,muy buena profesor.,Positivo,0.9623,Alegría,0.9791,No detectado,0.0153,0.0144,0.0145
FACULTAD DE INGENIERIA Y ARQUITECTURA,MGSP,AR03,ARQUITECTURA PLAN 2015,11297,OPT: REPRODUCCIÓN DE PLANTAS,10,muy buena profesora.,Positivo,0.9694,Alegría,0.9790,No detectado,0.0545,0.0317,0.0282
FACULTAD DE INGENIERIA Y ARQUITECTURA,MGSP,PJ01,ARQUITECTURA DEL PAISAJE (PLAN 2007),4928,REPRODUCCION Y MANTENCION DE PLANTAS,10,muy buena profesora.,Positivo,0.9694,Alegría,0.9790,No detectado,0.0545,0.0317,0.0282
FACULTAD DE INGENIERIA Y ARQUITECTURA,MGSP,PJ01,ARQUITECTURA DEL PAISAJE (PLAN 2007),4928,REPRODUCCION Y MANTENCION DE PLANTAS,10,"muy buena profesora, con total disposición para enseñar y ayudar.",Positivo,0.9747,Alegría,0.9862,No detectado,0.0398,0.0193,0.0204
FACULTAD DE INGENIERIA Y ARQUITECTURA,MGSP,AR03,ARQUITECTURA PLAN 2015,11297,OPT: REPRODUCCIÓN DE PLANTAS,10,"muy buenos métodos de aprendizaje, siempre de manera muy dinamica y participativa, el estudio práctico fue muy complementario.",Positivo,0.9751,Alegría,0.9467,No detectado,0.0164,0.0063,0.0106
FACULTAD DE INGENIERIA Y ARQUITECTURA,MGSP,PJ01,ARQUITECTURA DEL PAISAJE (PLAN 2007),4929,MANEJO INTEGRADO DE AREAS VERDES,10,no tengo.,Negativo,0.4830,Otro,0.8882,No detectado,0.0808,0.0294,0.0498
FACULTAD DE INGENIERIA Y ARQUITECTURA,MGSP,PJ01,ARQUITECTURA DEL PAISAJE (PLAN 2007),4929,MANEJO INTEGRADO DE AREAS VERDES,10,perfecto.,Positivo,0.5410,Otro,0.5192,No detectado,0.0384,0.0166,0.0255
FACULTAD DE INGENIERIA Y ARQUITECTURA,MGSP,AR03,ARQUITECTURA PLAN 2015,11297,OPT: REPRODUCCIÓN DE PLANTAS,10,todo bien.,Positivo,0.7033,Otro,0.7826,No detectado,0.0408,0.0222,0.0283
FACULTAD DE INGENIERIA Y ARQUITECTURA,MGSP,AR03,ARQUITECTURA PLAN 2015,11297,OPT: REPRODUCCIÓN DE PLANTAS,10,todo bien.,Positivo,0.7033,Otro,0.7826,No detectado,0.0408,0.0222,0.0283
FACULTAD DE INGENIERIA Y ARQUITECTURA,MGSP,AR03,ARQUITECTURA PLAN 2015,11297,OPT: REPRODUCCIÓN DE PLANTAS,10,una excelente profesora.,Positivo,0.9605,Alegría,0.9382,No detectado,0.1340,0.1048,0.0577
FACULTAD DE INGENIERIA Y ARQUITECTURA,FJMV,AR03,ARQUITECTURA PLAN 2015,11044,EFG: COLOR Y  ARQUITECTURA,10,buen profesor.,Positivo,0.8798,Alegría,0.6186,No detectado,0.0201,0.0141,0.0145
FACULTAD DE INGENIERIA Y ARQUITECTURA,FJMV,AR03,ARQUITECTURA PLAN 2015,11044,EFG: COLOR Y  ARQUITECTURA,10,"buen profesor, apasionado por lo que enseña.",Positivo,0.9477,Alegría,0.9428,No detectado,0.0128,0.0107,0.0087
FACULTAD DE INGENIERIA Y ARQUITECTURA,FJMV,AR03,ARQUITECTURA PLAN 2015,11044,EFG: COLOR Y  ARQUITECTURA,10,"color y arquitectura no se debería resumir solo en acuarela, existen técnicas diversas y texturas, formas, y más.",Neutral,0.6915,Otro,0.9921,No detectado,0.0296,0.0036,0.0103
FACULTAD DE INGENIERIA Y ARQUITECTURA,FJMV,AR03,ARQUITECTURA PLAN 2015,11044,EFG: COLOR Y  ARQUITECTURA,10,"el profesor enseña de manera agradable , y se le ve feliz con lo que hace.",Positivo,0.9804,Alegría,0.9697,No detectado,0.0125,0.0083,0.0071
FACULTAD DE INGENIERIA Y ARQUITECTURA,FJMV,AR03,ARQUITECTURA PLAN 2015,11044,EFG: COLOR Y  ARQUITECTURA,10,"el profesor es muy empatico y se nota que tiene vocacion y ademas talento en lo que hace, uno de los mejores profesores de arte.",Positivo,0.9780,Alegría,0.8731,No detectado,0.0136,0.0069,0.0087
FACULTAD DE INGENIERIA Y ARQUITECTURA,FJMV,AR03,ARQUITECTURA PLAN 2015,11044,EFG: COLOR Y  ARQUITECTURA,10,excelente profesor. mejoró su puntualidad.,Positivo,0.9677,Alegría,0.9706,No detectado,0.0142,0.0097,0.0077
FACULTAD DE INGENIERIA Y ARQUITECTURA,FJMV,AR03,ARQUITECTURA PLAN 2015,11044,EFG: COLOR Y  ARQUITECTURA,10,"muy buen profesor, es una asignatura de des estrés, y se aprende mucho.",Positivo,0.9647,Alegría,0.6181,No detectado,0.0119,0.0086,0.0100
FACULTAD DE INGENIERIA Y ARQUITECTURA,FJMV,AR03,ARQUITECTURA PLAN 2015,11044,EFG: COLOR Y  ARQUITECTURA,10,ok.,Neutral,0.4487,Otro,0.8962,No detectado,0.0586,0.0223,0.0284
FACULTAD DE INGENIERIA Y ARQUITECTURA,FJMV,AR03,ARQUITECTURA PLAN 2015,11044,EFG: COLOR Y  ARQUITECTURA,10,que siga con esa conexión de profesor con alumnos incluyendo igualmente al dibujo que me enseñó mucho a mejorar.,Positivo,0.9610,Alegría,0.9744,No detectado,0.0116,0.0106,0.0074
FACULTAD DE INGENIERIA Y ARQUITECTURA,FJMV,AR03,ARQUITECTURA PLAN 2015,11044,EFG: COLOR Y  ARQUITECTURA,10,si.,Neutral,0.5224,Otro,0.5875,No detectado,0.0894,0.0297,0.0463
FACULTAD DE INGENIERIA Y ARQUITECTURA,FJMV,AR03,ARQUITECTURA PLAN 2015,11044,EFG: COLOR Y  ARQUITECTURA,10,todo bien.,Positivo,0.7033,Otro,0.7826,No detectado,0.0408,0.0222,0.0283
FACULTAD DE INGENIERIA Y ARQUITECTURA,FJMV,AR03,ARQUITECTURA PLAN 2015,11044,EFG: COLOR Y  ARQUITECTURA,10,un crack.,Positivo,0.7577,Alegría,0.9609,No detectado,0.0158,0.0116,0.0128
FACULTAD DE INGENIERIA Y ARQUITECTURA,LGSZ,IM02,INGENIERÍA CIVIL EN MINAS PLAN 2017,56024,DISEÑO Y PLANIFICACION MINERIA SUBTERRANEA,10,"buen profesor , entregado y preocupado por la docencia.",Positivo,0.8878,Alegría,0.5000,No detectado,0.0202,0.0150,0.0100
FACULTAD DE INGENIERIA Y ARQUITECTURA,LGSZ,IM02,INGENIERÍA CIVIL EN MINAS PLAN 2017,19537,PROYECTO DE TITULO I,31,"buen profesor , entregado y preocupado por la docencia.",Positivo,0.8878,Alegría,0.5000,No detectado,0.0202,0.0150,0.0100
FACULTAD DE INGENIERIA Y ARQUITECTURA,LGSZ,IM02,INGENIERÍA CIVIL EN MINAS PLAN 2017,19537,PROYECTO DE TITULO I,30,"buen profesor , entregado y preocupado por la docencia.",Positivo,0.8878,Alegría,0.5000,No detectado,0.0202,0.0150,0.0100
FACULTAD DE INGENIERIA Y ARQUITECTURA,LGSZ,IM02,INGENIERÍA CIVIL EN MINAS PLAN 2017,56024,DISEÑO Y PLANIFICACION MINERIA SUBTERRANEA,10,"clases amenas, profesor con dominio del tema, lo negativo es que para ser un ramo tan avanzado deberia de haber aprendido más cosas especí­ficas que se puedan tener como herramienta para el futuro de la práctica o trabajo, pero fue más bien un repaso de lo que se vió en ramos anteriores de minerí­a, aun así entretenidas las clases, con trabajos en equipo y uso de software que no domino en lo personal, fuerza al estudiante a aprender y preguntar para salir del problema lo que encuentro positivo.",Neutral,0.5911,Otro,0.9791,No detectado,0.0294,0.0053,0.0128
FACULTAD DE INGENIERIA Y ARQUITECTURA,LGSZ,IM02,INGENIERÍA CIVIL EN MINAS PLAN 2017,56006,EVALUACION DE COMPETENCIAS 1° CICLO,10,"creo que sería bueno estipular criterios de evaluación (como una pauta en presentaciones o trabajos), para poder guiarse y no dejar nada fuera.
aparte de lo anterior, creo que dentro de la asignatura se suelen tratar temas de cursos superiores, lo que complica el proceso para alumnos que no han tenido esos ramos. supongo que esto se debe a que en los semestres anteriores, dentro de la carrera no hay muchos ramos de carrera (especificos de minerí­a). aun que esto no es dirigido al profesor, si no que al ramo en general.",Neutral,0.7057,Otro,0.9841,No detectado,0.0395,0.0033,0.0142
FACULTAD DE INGENIERIA Y ARQUITECTURA,LGSZ,IM02,INGENIERÍA CIVIL EN MINAS PLAN 2017,56006,EVALUACION DE COMPETENCIAS 1° CICLO,10,"en general es muy buen docente, sus clases son amenas y entretenidas, me faltó un poco más de exigencia o mayor densidad de materia quizas para el ramo, para sentir que realmente avanzo como estudiante minero, pero por lo demás conforme.",Positivo,0.9195,Otro,0.9263,No detectado,0.0240,0.0061,0.0129
FACULTAD DE INGENIERIA Y ARQUITECTURA,LGSZ,IM02,INGENIERÍA CIVIL EN MINAS PLAN 2017,56024,DISEÑO Y PLANIFICACION MINERIA SUBTERRANEA,10,excelente.,Positivo,0.8434,Alegría,0.9649,No detectado,0.0368,0.0149,0.0255
FACULTAD DE INGENIERIA Y ARQUITECTURA,LGSZ,IM02,INGENIERÍA CIVIL EN MINAS PLAN 2017,56024,DISEÑO Y PLANIFICACION MINERIA SUBTERRANEA,10,excelente profesor.,Positivo,0.9060,Alegría,0.9409,No detectado,0.0124,0.0121,0.0102
FACULTAD DE INGENIERIA Y ARQUITECTURA,LGSZ,IM02,INGENIERÍA CIVIL EN MINAS PLAN 2017,56024,DISEÑO Y PLANIFICACION MINERIA SUBTERRANEA,10,excelente profesor.,Positivo,0.9060,Alegría,0.9409,No detectado,0.0124,0.0121,0.0102
FACULTAD DE INGENIERIA Y ARQUITECTURA,LGSZ,IM02,INGENIERÍA CIVIL EN MINAS PLAN 2017,56042,PROYECTO DE TITULO II,30,excelente profesor. muy dedicado.,Positivo,0.9692,Alegría,0.9325,No detectado,0.0119,0.0107,0.0085
FACULTAD DE INGENIERIA Y ARQUITECTURA,LGSZ,IM02,INGENIERÍA CIVIL EN MINAS PLAN 2017,56024,DISEÑO Y PLANIFICACION MINERIA SUBTERRANEA,10,sin comentarios.,Neutral,0.4468,Otro,0.6370,No detectado,0.0500,0.0090,0.0231
FACULTAD DE INGENIERIA Y ARQUITECTURA,LGSZ,IM02,INGENIERÍA CIVIL EN MINAS PLAN 2017,19537,PROYECTO DE TITULO I,31,sin comentarios.,Neutral,0.4468,Otro,0.6370,No detectado,0.0500,0.0090,0.0231
FACULTAD DE INGENIERIA Y ARQUITECTURA,LGSZ,IM02,INGENIERÍA CIVIL EN MINAS PLAN 2017,19537,PROYECTO DE TITULO I,30,sin comentarios.,Neutral,0.4468,Otro,0.6370,No detectado,0.0500,0.0090,0.0231
FACULTAD DE INGENIERIA Y ARQUITECTURA,JGCM,CI03,INGENIERÍA CIVIL INDUSTRIAL (LA SERENA),58003,TECNOLOGIA DE LOS MATERIALES,210,10/10.,Positivo,0.8073,Alegría,0.8343,No detectado,0.0470,0.0394,0.0362
FACULTAD DE INGENIERIA Y ARQUITECTURA,JGCM,IMS1,INGENIERIA CIVIL EN MINAS LA SERENA,3267,QUIMICA GENERAL,212,bien.,Positivo,0.7325,Alegría,0.8209,No detectado,0.0506,0.0188,0.0390
FACULTAD DE INGENIERIA Y ARQUITECTURA,JGCM,IMS1,INGENIERIA CIVIL EN MINAS LA SERENA,3267,QUIMICA GENERAL,212,buen profesor.,Positivo,0.8798,Alegría,0.6186,No detectado,0.0201,0.0141,0.0145
FACULTAD DE INGENIERIA Y ARQUITECTURA,JGCM,IMS1,INGENIERIA CIVIL EN MINAS LA SERENA,3267,QUIMICA GENERAL,210,buen profesor.,Positivo,0.8798,Alegría,0.6186,No detectado,0.0201,0.0141,0.0145
FACULTAD DE INGENIERIA Y ARQUITECTURA,JGCM,CI03,INGENIERÍA CIVIL INDUSTRIAL (LA SERENA),58003,TECNOLOGIA DE LOS MATERIALES,210,buen profesor.,Positivo,0.8798,Alegría,0.6186,No detectado,0.0201,0.0141,0.0145
FACULTAD DE INGENIERIA Y ARQUITECTURA,JGCM,CI03,INGENIERÍA CIVIL INDUSTRIAL (LA SERENA),58003,TECNOLOGIA DE LOS MATERIALES,210,buen profesor.,Positivo,0.8798,Alegría,0.6186,No detectado,0.0201,0.0141,0.0145
FACULTAD DE INGENIERIA Y ARQUITECTURA,JGCM,CI03,INGENIERÍA CIVIL INDUSTRIAL (LA SERENA),58003,TECNOLOGIA DE LOS MATERIALES,210,buen profesor.,Positivo,0.8798,Alegría,0.6186,No detectado,0.0201,0.0141,0.0145
FACULTAD DE INGENIERIA Y ARQUITECTURA,JGCM,CI03,INGENIERÍA CIVIL INDUSTRIAL (LA SERENA),58003,TECNOLOGIA DE LOS MATERIALES,210,buen profesor.,Positivo,0.8798,Alegría,0.6186,No detectado,0.0201,0.0141,0.0145
FACULTAD DE INGENIERIA Y ARQUITECTURA,JGCM,IMS1,INGENIERIA CIVIL EN MINAS LA SERENA,3267,QUIMICA GENERAL,212,buen profesor.,Positivo,0.8798,Alegría,0.6186,No detectado,0.0201,0.0141,0.0145
FACULTAD DE INGENIERIA Y ARQUITECTURA,JGCM,IMS1,INGENIERIA CIVIL EN MINAS LA SERENA,3267,QUIMICA GENERAL,212,buen profesor.,Positivo,0.8798,Alegría,0.6186,No detectado,0.0201,0.0141,0.0145
FACULTAD DE INGENIERIA Y ARQUITECTURA,JGCM,IC06,INGENIERÍA CIVIL EN COMPUTACIÓN E INFORMÁTICA (LA SERENA),3267,QUIMICA GENERAL,211,buen profesor.,Positivo,0.8798,Alegría,0.6186,No detectado,0.0201,0.0141,0.0145
FACULTAD DE INGENIERIA Y ARQUITECTURA,JGCM,IC06,INGENIERÍA CIVIL EN COMPUTACIÓN E INFORMÁTICA (LA SERENA),3267,QUIMICA GENERAL,210,buen profesor.,Positivo,0.8798,Alegría,0.6186,No detectado,0.0201,0.0141,0.0145
FACULTAD DE INGENIERIA Y ARQUITECTURA,JGCM,CI03,INGENIERÍA CIVIL INDUSTRIAL (LA SERENA),58003,TECNOLOGIA DE LOS MATERIALES,210,buen profesor.,Positivo,0.8798,Alegría,0.6186,No detectado,0.0201,0.0141,0.0145
FACULTAD DE INGENIERIA Y ARQUITECTURA,JGCM,CI03,INGENIERÍA CIVIL INDUSTRIAL (LA SERENA),58003,TECNOLOGIA DE LOS MATERIALES,210,buen profesor.,Positivo,0.8798,Alegría,0.6186,No detectado,0.0201,0.0141,0.0145
FACULTAD DE INGENIERIA Y ARQUITECTURA,JGCM,CI03,INGENIERÍA CIVIL INDUSTRIAL (LA SERENA),58003,TECNOLOGIA DE LOS MATERIALES,210,buen profesor.,Positivo,0.8798,Alegría,0.6186,No detectado,0.0201,0.0141,0.0145
FACULTAD DE INGENIERIA Y ARQUITECTURA,JGCM,CI03,INGENIERÍA CIVIL INDUSTRIAL (LA SERENA),58003,TECNOLOGIA DE LOS MATERIALES,210,buen profesor.,Positivo,0.8798,Alegría,0.6186,No detectado,0.0201,0.0141,0.0145
FACULTAD DE INGENIERIA Y ARQUITECTURA,JGCM,CI03,INGENIERÍA CIVIL INDUSTRIAL (LA SERENA),58003,TECNOLOGIA DE LOS MATERIALES,210,buen profesor.,Positivo,0.8798,Alegría,0.6186,No detectado,0.0201,0.0141,0.0145
FACULTAD DE INGENIERIA Y ARQUITECTURA,JGCM,CI03,INGENIERÍA CIVIL INDUSTRIAL (LA SERENA),58003,TECNOLOGIA DE LOS MATERIALES,210,buen profesor.,Positivo,0.8798,Alegría,0.6186,No detectado,0.0201,0.0141,0.0145
FACULTAD DE INGENIERIA Y ARQUITECTURA,JGCM,CI03,INGENIERÍA CIVIL INDUSTRIAL (LA SERENA),58003,TECNOLOGIA DE LOS MATERIALES,210,"buen profesor a la hora de explicar, no es tan flexible con los plazos.",Neutral,0.5131,Otro,0.9938,No detectado,0.0192,0.0077,0.0109
FACULTAD DE INGENIERIA Y ARQUITECTURA,JGCM,CI03,INGENIERÍA CIVIL INDUSTRIAL (LA SERENA),58003,TECNOLOGIA DE LOS MATERIALES,210,"buen profesor, mucha experiencia.",Positivo,0.9164,Otro,0.7164,No detectado,0.0158,0.0120,0.0096
FACULTAD DE INGENIERIA Y ARQUITECTURA,JGCM,CI03,INGENIERÍA CIVIL INDUSTRIAL (LA SERENA),58003,TECNOLOGIA DE LOS MATERIALES,210,"buen profesor, pero solo lee los ppts en clases.",Negativo,0.6528,Otro,0.9933,No detectado,0.0306,0.0156,0.0148
FACULTAD DE INGENIERIA Y ARQUITECTURA,JGCM,CI03,INGENIERÍA CIVIL INDUSTRIAL (LA SERENA),58003,TECNOLOGIA DE LOS MATERIALES,210,"buen profesor, transparente siempre tanto en las materias como con los alumnos, excelente docente y conocedor en el area.",Positivo,0.9489,Otro,0.7596,No detectado,0.0139,0.0092,0.0085
FACULTAD DE INGENIERIA Y ARQUITECTURA,JGCM,CI03,INGENIERÍA CIVIL INDUSTRIAL (LA SERENA),58003,TECNOLOGIA DE LOS MATERIALES,210,"buen profesor, y está dispuesto a resolver todas las dudas.",Positivo,0.8829,Otro,0.7832,No detectado,0.0195,0.0090,0.0104
FACULTAD DE INGENIERIA Y ARQUITECTURA,JGCM,IMS1,INGENIERIA CIVIL EN MINAS LA SERENA,3267,QUIMICA GENERAL,211,buen profesor.,Positivo,0.8798,Alegría,0.6186,No detectado,0.0201,0.0141,0.0145
FACULTAD DE INGENIERIA Y ARQUITECTURA,JGCM,IMS1,INGENIERIA CIVIL EN MINAS LA SERENA,3267,QUIMICA GENERAL,210,"buena clase, se aprende bastante y no llega a ser pesado, gran compromiso del profesor, llega a ser gratificante la clase.",Positivo,0.9806,Alegría,0.9965,No detectado,0.0129,0.0091,0.0101
FACULTAD DE INGENIERIA Y ARQUITECTURA,JGCM,CI03,INGENIERÍA CIVIL INDUSTRIAL (LA SERENA),58003,TECNOLOGIA DE LOS MATERIALES,210,bueno.,Neutral,0.4849,Otro,0.8337,No detectado,0.0527,0.0147,0.0360
FACULTAD DE INGENIERIA Y ARQUITECTURA,JGCM,IMS1,INGENIERIA CIVIL EN MINAS LA SERENA,3267,QUIMICA GENERAL,211,"como mencione anteriormente, buen porfe y buena clase.",Positivo,0.9533,Alegría,0.6255,No detectado,0.0096,0.0072,0.0082
FACULTAD DE INGENIERIA Y ARQUITECTURA,JGCM,CI03,INGENIERÍA CIVIL INDUSTRIAL (LA SERENA),3267,QUIMICA GENERAL,211,comprometido con su clase.,Positivo,0.5646,Alegría,0.9143,No detectado,0.0241,0.0155,0.0109
FACULTAD DE INGENIERIA Y ARQUITECTURA,JGCM,IMS1,INGENIERIA CIVIL EN MINAS LA SERENA,3267,QUIMICA GENERAL,210,"creo que es un muy buen profesor pero le falta mas practica en el ámbito de enseñanza -método alternativo-,tratar de ver los temas y ejercicios de diferentes manera para lograr aprender mejor para ciertas personas que les cuesta mas.",Neutral,0.6273,Otro,0.9777,No detectado,0.0202,0.0052,0.0091
FACULTAD DE INGENIERIA Y ARQUITECTURA,JGCM,CI03,INGENIERÍA CIVIL INDUSTRIAL (LA SERENA),58003,TECNOLOGIA DE LOS MATERIALES,210,de los mejores muy buena su manera de enseñar.,Positivo,0.9801,Alegría,0.9902,No detectado,0.0082,0.0103,0.0091
FACULTAD DE INGENIERIA Y ARQUITECTURA,JGCM,IMS1,INGENIERIA CIVIL EN MINAS LA SERENA,3267,QUIMICA GENERAL,211,deveria mejorar su forma de explicar cada paso de diferentes maneras para lograr comprenderlo mejor.,Neutral,0.5418,Otro,0.9936,No detectado,0.0146,0.0072,0.0075
FACULTAD DE INGENIERIA Y ARQUITECTURA,JGCM,IMS1,INGENIERIA CIVIL EN MINAS LA SERENA,3267,QUIMICA GENERAL,211,el best.,Positivo,0.8386,Alegría,0.9514,No detectado,0.0263,0.0152,0.0219
FACULTAD DE INGENIERIA Y ARQUITECTURA,JGCM,IMS1,INGENIERIA CIVIL EN MINAS LA SERENA,3267,QUIMICA GENERAL,210,el mejor.,Positivo,0.7522,Alegría,0.9630,No detectado,0.0219,0.0157,0.0184
FACULTAD DE INGENIERIA Y ARQUITECTURA,JGCM,CI03,INGENIERÍA CIVIL INDUSTRIAL (LA SERENA),58003,TECNOLOGIA DE LOS MATERIALES,210,el mejor profesor de la universidad lejos.,Positivo,0.9391,Alegría,0.8141,No detectado,0.0107,0.0081,0.0073
FACULTAD DE INGENIERIA Y ARQUITECTURA,JGCM,CI03,INGENIERÍA CIVIL INDUSTRIAL (LA SERENA),58003,TECNOLOGIA DE LOS MATERIALES,210,"el profesor conoce su ramo, pero todas las clases se la pasa leyendo ppt y a la hora de que un estudiante le hace una pregunta especifica responde algo nada que ver. ademas de que no escucha bien. a la hora de realizar pruebas con muchas formulas donde no se nos permití­a llevar formulario (cuando lo que iba a evaluar era la aplicación de estos) no nos especificaba cuales iba a usar y se le olvidaba la materia que pasaba y metí­a cosas que nunca vimos en clases.",Negativo,0.9643,Otro,0.6827,No detectado,0.0798,0.0062,0.0314
FACULTAD DE INGENIERIA Y ARQUITECTURA,JGCM,CI03,INGENIERÍA CIVIL INDUSTRIAL (LA SERENA),58003,TECNOLOGIA DE LOS MATERIALES,210,el profesor es un señor ya de edad no dudo que anteriormente pueda haber sido un buen profesor pero ahora no escucha ni ve bien y está un poco desorientado por lo cual se dificulta el aprendizaje y comunicación con él espero hagan algo al respecto ya que no está en condiciones de seguir dando clases por lo dicho anteriormente.,Negativo,0.9731,Otro,0.7313,No detectado,0.0100,0.0060,0.0065
FACULTAD DE INGENIERIA Y ARQUITECTURA,JGCM,IMS1,INGENIERIA CIVIL EN MINAS LA SERENA,3267,QUIMICA GENERAL,210,el profesor explica súper bien y cuando tení­a dudas me las contestaba sin ningún problema.,Positivo,0.8415,Otro,0.9662,No detectado,0.0276,0.0127,0.0186
FACULTAD DE INGENIERIA Y ARQUITECTURA,JGCM,IMS1,INGENIERIA CIVIL EN MINAS LA SERENA,3267,QUIMICA GENERAL,212,el profesor explicaba los experimentos con paciencia.,Neutral,0.6761,Otro,0.9961,No detectado,0.0244,0.0093,0.0114
FACULTAD DE INGENIERIA Y ARQUITECTURA,JGCM,CI03,INGENIERÍA CIVIL INDUSTRIAL (LA SERENA),58003,TECNOLOGIA DE LOS MATERIALES,210,"el profesor jorge concha milla, es un profesor que se explica muy bien a la hora de enseñar algo, pero cuando lso estudiantes tienen dudas no las responde por que no escucha bien practicamente hay que gritarle y no deja que resolver dudas en plena prueba que yo considero que una persona comun y corriente siempre tendra dudas sobre algo que no se ente dio bien.",Negativo,0.7487,Otro,0.9678,No detectado,0.0283,0.0066,0.0149
FACULTAD DE INGENIERIA Y ARQUITECTURA,JGCM,CI03,INGENIERÍA CIVIL INDUSTRIAL (LA SERENA),58003,TECNOLOGIA DE LOS MATERIALES,210,"el profesor no está en aptas condiciones para seguir enseñando, presenta falta fuerte de audición y coherencia al responder lo que uno le pregunta.",Negativo,0.9649,Otro,0.5276,No detectado,0.0139,0.0054,0.0069
FACULTAD DE INGENIERIA Y ARQUITECTURA,JGCM,CI03,INGENIERÍA CIVIL INDUSTRIAL (LA SERENA),58003,TECNOLOGIA DE LOS MATERIALES,210,"el profesor no explica muy bien, aparte no escucha y se enreda al explicar, y su metodo de enseñanza no es el adecuado, ya que solo lee los ppt.",Negativo,0.9814,Otro,0.7002,No detectado,0.0181,0.0076,0.0132
FACULTAD DE INGENIERIA Y ARQUITECTURA,JGCM,CI03,INGENIERÍA CIVIL INDUSTRIAL (LA SERENA),58003,TECNOLOGIA DE LOS MATERIALES,210,el profesor no se encuentra en condiciones para seguir enseñando dado que no escucha bien y no logra entender ni responder a las preguntas efectuada.,Negativo,0.9685,Otro,0.9892,No detectado,0.0141,0.0056,0.0085
FACULTAD DE INGENIERIA Y ARQUITECTURA,JGCM,IMS1,INGENIERIA CIVIL EN MINAS LA SERENA,3267,QUIMICA GENERAL,212,"el profesor, es dedicado y su metodología es bastante buena.",Positivo,0.9693,Otro,0.8891,No detectado,0.0161,0.0142,0.0115
FACULTAD DE INGENIERIA Y ARQUITECTURA,JGCM,IMS1,INGENIERIA CIVIL EN MINAS LA SERENA,3267,QUIMICA GENERAL,210,"en si es un profesor muy bueno, trata de explicarte todo dos veces si se lo pides.",Positivo,0.9291,Otro,0.9934,No detectado,0.0113,0.0078,0.0071
FACULTAD DE INGENIERIA Y ARQUITECTURA,JGCM,IMS1,INGENIERIA CIVIL EN MINAS LA SERENA,3267,QUIMICA GENERAL,210,enseña de manera facil para entender.,Neutral,0.5165,Otro,0.9268,No detectado,0.0328,0.0088,0.0167
FACULTAD DE INGENIERIA Y ARQUITECTURA,JGCM,IMS1,INGENIERIA CIVIL EN MINAS LA SERENA,3267,QUIMICA GENERAL,212,entretenidas sus clases.,Positivo,0.8793,Otro,0.8235,No detectado,0.0799,0.0072,0.0316
FACULTAD DE INGENIERIA Y ARQUITECTURA,JGCM,IMS1,INGENIERIA CIVIL EN MINAS LA SERENA,3267,QUIMICA GENERAL,210,es buen profesor y explica bien los temas de la asignatura.,Positivo,0.9463,Otro,0.9797,No detectado,0.0124,0.0084,0.0073
FACULTAD DE INGENIERIA Y ARQUITECTURA,JGCM,IMS1,INGENIERIA CIVIL EN MINAS LA SERENA,3267,QUIMICA GENERAL,212,es facil de entender.,Neutral,0.5715,Otro,0.9318,No detectado,0.0512,0.0115,0.0165
FACULTAD DE INGENIERIA Y ARQUITECTURA,JGCM,IMS1,INGENIERIA CIVIL EN MINAS LA SERENA,3267,QUIMICA GENERAL,210,es muy buen profesor se entiende su materia como recomendación debería hacer más ejercicio o practicas de la materia.,Positivo,0.9583,Otro,0.9960,No detectado,0.0117,0.0090,0.0078
FACULTAD DE INGENIERIA Y ARQUITECTURA,JGCM,IMS1,INGENIERIA CIVIL EN MINAS LA SERENA,3267,QUIMICA GENERAL,210,"es muy buen profesor, lo recomiendo a otras personas que quieran tomar su ramo, en lo personal no me fue bien, ya que tuve muchos problemas personales, pero es muy buen docente, dedicado y apegado a su área.",Positivo,0.9177,Otro,0.9435,No detectado,0.0109,0.0062,0.0077
FACULTAD DE INGENIERIA Y ARQUITECTURA,JGCM,IMS1,INGENIERIA CIVIL EN MINAS LA SERENA,3267,QUIMICA GENERAL,211,es un buen profesor.,Positivo,0.9536,Otro,0.9379,No detectado,0.0156,0.0106,0.0089
FACULTAD DE INGENIERIA Y ARQUITECTURA,JGCM,CI03,INGENIERÍA CIVIL INDUSTRIAL (LA SERENA),58003,TECNOLOGIA DE LOS MATERIALES,210,es un buen profesor sin duda lo recomiendo a los demás estudiantes.,Positivo,0.9784,Otro,0.8650,No detectado,0.0118,0.0071,0.0083
FACULTAD DE INGENIERIA Y ARQUITECTURA,JGCM,IMS1,INGENIERIA CIVIL EN MINAS LA SERENA,3267,QUIMICA GENERAL,210,es un buen profesor su materia se entiende fácilmente gracias a como explica.,Positivo,0.9758,Otro,0.8878,No detectado,0.0148,0.0103,0.0085
FACULTAD DE INGENIERIA Y ARQUITECTURA,JGCM,CI03,INGENIERÍA CIVIL INDUSTRIAL (LA SERENA),58003,TECNOLOGIA DE LOS MATERIALES,210,es un docente responsable y amable.,Positivo,0.9402,Otro,0.8380,No detectado,0.0124,0.0114,0.0082
FACULTAD DE INGENIERIA Y ARQUITECTURA,JGCM,IMS1,INGENIERIA CIVIL EN MINAS LA SERENA,3267,QUIMICA GENERAL,210,"es un muy buen profesor, explicar y logra que se entienda lo que quiere decir y siempre tiene las notas listas de 1 a dos días.",Positivo,0.9442,Otro,0.7886,No detectado,0.0115,0.0094,0.0078
FACULTAD DE INGENIERIA Y ARQUITECTURA,JGCM,IMS1,INGENIERIA CIVIL EN MINAS LA SERENA,3267,QUIMICA GENERAL,211,este maestro explica de manera excelente los contendidos y muestra paso a paso en los laboratorios como se debe realizar.,Positivo,0.9131,Otro,0.9838,No detectado,0.0131,0.0059,0.0079
FACULTAD DE INGENIERIA Y ARQUITECTURA,JGCM,IMS1,INGENIERIA CIVIL EN MINAS LA SERENA,3267,QUIMICA GENERAL,210,este maestro realiza las clases de manera explicativa y precisa lo cual permite ordenarse con los estudios y horas que se disponen.,Neutral,0.5447,Otro,0.9960,No detectado,0.0157,0.0052,0.0072
FACULTAD DE INGENIERIA Y ARQUITECTURA,JGCM,IMS1,INGENIERIA CIVIL EN MINAS LA SERENA,3267,QUIMICA GENERAL,212,excelente profesor.,Positivo,0.9060,Alegría,0.9409,No detectado,0.0124,0.0121,0.0102
FACULTAD DE INGENIERIA Y ARQUITECTURA,JGCM,IMS1,INGENIERIA CIVIL EN MINAS LA SERENA,3267,QUIMICA GENERAL,210,excelente profesor.,Positivo,0.9060,Alegría,0.9409,No detectado,0.0124,0.0121,0.0102
FACULTAD DE INGENIERIA Y ARQUITECTURA,JGCM,IMS1,INGENIERIA CIVIL EN MINAS LA SERENA,3267,QUIMICA GENERAL,210,excelente profesor.,Positivo,0.9060,Alegría,0.9409,No detectado,0.0124,0.0121,0.0102
FACULTAD DE INGENIERIA Y ARQUITECTURA,JGCM,CI03,INGENIERÍA CIVIL INDUSTRIAL (LA SERENA),58003,TECNOLOGIA DE LOS MATERIALES,210,excelente profesor.,Positivo,0.9060,Alegría,0.9409,No detectado,0.0124,0.0121,0.0102
FACULTAD DE INGENIERIA Y ARQUITECTURA,JGCM,CI03,INGENIERÍA CIVIL INDUSTRIAL (LA SERENA),58003,TECNOLOGIA DE LOS MATERIALES,210,excelente profesor.,Positivo,0.9060,Alegría,0.9409,No detectado,0.0124,0.0121,0.0102
FACULTAD DE INGENIERIA Y ARQUITECTURA,JGCM,CI03,INGENIERÍA CIVIL INDUSTRIAL (LA SERENA),58003,TECNOLOGIA DE LOS MATERIALES,210,excelente profesor.,Positivo,0.9060,Alegría,0.9409,No detectado,0.0124,0.0121,0.0102
FACULTAD DE INGENIERIA Y ARQUITECTURA,JGCM,IMS1,INGENIERIA CIVIL EN MINAS LA SERENA,3267,QUIMICA GENERAL,210,"excelente profesor, demuestra amplio dominio del tema y explica todo con gran precisión.",Positivo,0.9708,Otro,0.5034,No detectado,0.0085,0.0069,0.0063
FACULTAD DE INGENIERIA Y ARQUITECTURA,JGCM,IMS1,INGENIERIA CIVIL EN MINAS LA SERENA,3267,QUIMICA GENERAL,212,excelente profesor.,Positivo,0.9060,Alegría,0.9409,No detectado,0.0124,0.0121,0.0102
FACULTAD DE INGENIERIA Y ARQUITECTURA,JGCM,CI03,INGENIERÍA CIVIL INDUSTRIAL (LA SERENA),58003,TECNOLOGIA DE LOS MATERIALES,210,exelente docente.,Positivo,0.9649,Alegría,0.9629,No detectado,0.0201,0.0146,0.0121
FACULTAD DE INGENIERIA Y ARQUITECTURA,JGCM,IMS1,INGENIERIA CIVIL EN MINAS LA SERENA,3267,QUIMICA GENERAL,210,explica demaciado bien.,Positivo,0.9082,Otro,0.9588,No detectado,0.0205,0.0109,0.0109
FACULTAD DE INGENIERIA Y ARQUITECTURA,JGCM,IMS1,INGENIERIA CIVIL EN MINAS LA SERENA,3267,QUIMICA GENERAL,211,explica rapido y sencillo.,Neutral,0.5480,Otro,0.9538,No detectado,0.0349,0.0091,0.0140
FACULTAD DE INGENIERIA Y ARQUITECTURA,JGCM,IMS1,INGENIERIA CIVIL EN MINAS LA SERENA,3267,QUIMICA GENERAL,210,explica rapido y sencillo.,Neutral,0.5480,Otro,0.9538,No detectado,0.0349,0.0091,0.0140
FACULTAD DE INGENIERIA Y ARQUITECTURA,JGCM,IMS1,INGENIERIA CIVIL EN MINAS LA SERENA,3267,QUIMICA GENERAL,211,explica sus temas muy sencillo para poder entender.,Positivo,0.5377,Otro,0.9931,No detectado,0.0171,0.0065,0.0090
FACULTAD DE INGENIERIA Y ARQUITECTURA,JGCM,IMS1,INGENIERIA CIVIL EN MINAS LA SERENA,3267,QUIMICA GENERAL,210,fue un buen profesor y que ayudaba a entender bien la materia.,Positivo,0.9711,Otro,0.6303,No detectado,0.0118,0.0104,0.0089
FACULTAD DE INGENIERIA Y ARQUITECTURA,JGCM,IMS1,INGENIERIA CIVIL EN MINAS LA SERENA,3267,QUIMICA GENERAL,212,genial el profesor.,Positivo,0.9013,Alegría,0.9131,No detectado,0.0133,0.0109,0.0092
FACULTAD DE INGENIERIA Y ARQUITECTURA,JGCM,CI03,INGENIERÍA CIVIL INDUSTRIAL (LA SERENA),58003,TECNOLOGIA DE LOS MATERIALES,210,god.,Neutral,0.3919,Otro,0.5175,No detectado,0.0434,0.0230,0.0336
FACULTAD DE INGENIERIA Y ARQUITECTURA,JGCM,CI03,INGENIERÍA CIVIL INDUSTRIAL (LA SERENA),58003,TECNOLOGIA DE LOS MATERIALES,210,me gusta como hace sus clases.,Positivo,0.9601,Alegría,0.5976,No detectado,0.0427,0.0207,0.0203
FACULTAD DE INGENIERIA Y ARQUITECTURA,JGCM,IMS1,INGENIERIA CIVIL EN MINAS LA SERENA,3267,QUIMICA GENERAL,210,"me parece muy justo su método de enseñanza, muy buena relación con los estudiantes.",Positivo,0.9779,Otro,0.5806,No detectado,0.0124,0.0085,0.0081
FACULTAD DE INGENIERIA Y ARQUITECTURA,JGCM,IMS1,INGENIERIA CIVIL EN MINAS LA SERENA,3267,QUIMICA GENERAL,211,mucho compromiso.,Neutral,0.4702,Otro,0.8879,No detectado,0.0303,0.0134,0.0167
FACULTAD DE INGENIERIA Y ARQUITECTURA,JGCM,IMS1,INGENIERIA CIVIL EN MINAS LA SERENA,3267,QUIMICA GENERAL,212,"muy buen método en laboratorio, buenísima supervisión de los alumnos.",Positivo,0.9703,Alegría,0.9798,No detectado,0.0156,0.0084,0.0099
FACULTAD DE INGENIERIA Y ARQUITECTURA,JGCM,IMS1,INGENIERIA CIVIL EN MINAS LA SERENA,3267,QUIMICA GENERAL,211,muy buen profesor.,Positivo,0.9677,Alegría,0.9051,No detectado,0.0123,0.0104,0.0094
FACULTAD DE INGENIERIA Y ARQUITECTURA,JGCM,IMS1,INGENIERIA CIVIL EN MINAS LA SERENA,3267,QUIMICA GENERAL,210,muy buen profesor.,Positivo,0.9677,Alegría,0.9051,No detectado,0.0123,0.0104,0.0094
FACULTAD DE INGENIERIA Y ARQUITECTURA,JGCM,CI03,INGENIERÍA CIVIL INDUSTRIAL (LA SERENA),58003,TECNOLOGIA DE LOS MATERIALES,210,muy buen profesor se apoyo de contenido de ppt y da ayudas para poder comprender de mejor manera todo.,Positivo,0.9451,Otro,0.9353,No detectado,0.0091,0.0090,0.0076
FACULTAD DE INGENIERIA Y ARQUITECTURA,JGCM,IMS1,INGENIERIA CIVIL EN MINAS LA SERENA,3267,QUIMICA GENERAL,210,muy buen profesor.,Positivo,0.9677,Alegría,0.9051,No detectado,0.0123,0.0104,0.0094
FACULTAD DE INGENIERIA Y ARQUITECTURA,JGCM,IMS1,INGENIERIA CIVIL EN MINAS LA SERENA,3267,QUIMICA GENERAL,211,muy buen profesor.,Positivo,0.9677,Alegría,0.9051,No detectado,0.0123,0.0104,0.0094
FACULTAD DE INGENIERIA Y ARQUITECTURA,JGCM,IMS1,INGENIERIA CIVIL EN MINAS LA SERENA,3267,QUIMICA GENERAL,212,muy buen profesor.,Positivo,0.9677,Alegría,0.9051,No detectado,0.0123,0.0104,0.0094
FACULTAD DE INGENIERIA Y ARQUITECTURA,JGCM,IMS1,INGENIERIA CIVIL EN MINAS LA SERENA,3267,QUIMICA GENERAL,210,muy buen profesor.,Positivo,0.9677,Alegría,0.9051,No detectado,0.0123,0.0104,0.0094
FACULTAD DE INGENIERIA Y ARQUITECTURA,JGCM,CI03,INGENIERÍA CIVIL INDUSTRIAL (LA SERENA),58003,TECNOLOGIA DE LOS MATERIALES,210,muy buen profesor.,Positivo,0.9677,Alegría,0.9051,No detectado,0.0123,0.0104,0.0094
FACULTAD DE INGENIERIA Y ARQUITECTURA,JGCM,CI03,INGENIERÍA CIVIL INDUSTRIAL (LA SERENA),58003,TECNOLOGIA DE LOS MATERIALES,210,muy buen profesor.,Positivo,0.9677,Alegría,0.9051,No detectado,0.0123,0.0104,0.0094
FACULTAD DE INGENIERIA Y ARQUITECTURA,JGCM,IMS1,INGENIERIA CIVIL EN MINAS LA SERENA,3267,QUIMICA GENERAL,212,muy buen profesor se dispone a que todos aprendan y que puedan entender.,Positivo,0.9211,Otro,0.9936,No detectado,0.0117,0.0062,0.0077
FACULTAD DE INGENIERIA Y ARQUITECTURA,JGCM,IMS1,INGENIERIA CIVIL EN MINAS LA SERENA,3267,QUIMICA GENERAL,210,muy buen profesor se dispone a que todos aprendan y que puedan entender.,Positivo,0.9211,Otro,0.9936,No detectado,0.0117,0.0062,0.0077
FACULTAD DE INGENIERIA Y ARQUITECTURA,JGCM,IMS1,INGENIERIA CIVIL EN MINAS LA SERENA,3267,QUIMICA GENERAL,211,muy buen profesor su material de estudio y clases era muy completo y facilito el curso.,Positivo,0.9770,Otro,0.7053,No detectado,0.0147,0.0107,0.0100
FACULTAD DE INGENIERIA Y ARQUITECTURA,JGCM,IMS1,INGENIERIA CIVIL EN MINAS LA SERENA,3267,QUIMICA GENERAL,210,muy buen profesor sus clases y material de estudio era muy completo.,Positivo,0.9707,Otro,0.8751,No detectado,0.0185,0.0093,0.0129
FACULTAD DE INGENIERIA Y ARQUITECTURA,JGCM,IMS1,INGENIERIA CIVIL EN MINAS LA SERENA,3267,QUIMICA GENERAL,211,muy buen profesor y comprometido a impartir el conocimiento.,Positivo,0.9554,Alegría,0.9210,No detectado,0.0114,0.0088,0.0077
FACULTAD DE INGENIERIA Y ARQUITECTURA,JGCM,CI03,INGENIERÍA CIVIL INDUSTRIAL (LA SERENA),58003,TECNOLOGIA DE LOS MATERIALES,210,muy buen profesor y muy buenas sus clases.,Positivo,0.9759,Alegría,0.9463,No detectado,0.0179,0.0102,0.0126
FACULTAD DE INGENIERIA Y ARQUITECTURA,JGCM,IMS1,INGENIERIA CIVIL EN MINAS LA SERENA,3267,QUIMICA GENERAL,210,"muy buen profesor, agradable y explica muy bien.",Positivo,0.9738,Alegría,0.9337,No detectado,0.0107,0.0113,0.0097
FACULTAD DE INGENIERIA Y ARQUITECTURA,JGCM,IMS1,INGENIERIA CIVIL EN MINAS LA SERENA,3267,QUIMICA GENERAL,210,"muy buen profesor, aplicando enseñanzas tanto académicas como de su experiencia en su vida laboral, dedicado a explicar cualquier duda y relacionando siempre la materia a nuestro futuro trabajo.",Positivo,0.9101,Otro,0.8270,No detectado,0.0144,0.0064,0.0078
FACULTAD DE INGENIERIA Y ARQUITECTURA,JGCM,CI03,INGENIERÍA CIVIL INDUSTRIAL (LA SERENA),3267,QUIMICA GENERAL,210,"muy buen profesor, comprometido con su clase.",Positivo,0.9661,Alegría,0.9837,No detectado,0.0165,0.0113,0.0090
FACULTAD DE INGENIERIA Y ARQUITECTURA,JGCM,CI03,INGENIERÍA CIVIL INDUSTRIAL (LA SERENA),58003,TECNOLOGIA DE LOS MATERIALES,210,"muy buen profesor, muy detallista y muy didacta.",Positivo,0.9593,Alegría,0.6983,No detectado,0.1177,0.0741,0.0476
FACULTAD DE INGENIERIA Y ARQUITECTURA,JGCM,IMS1,INGENIERIA CIVIL EN MINAS LA SERENA,3267,QUIMICA GENERAL,211,muy buen programa de clase.,Positivo,0.9638,Alegría,0.9146,No detectado,0.0130,0.0110,0.0101
FACULTAD DE INGENIERIA Y ARQUITECTURA,JGCM,IMS1,INGENIERIA CIVIL EN MINAS LA SERENA,3267,QUIMICA GENERAL,210,muy buena enseñanza.,Positivo,0.9689,Alegría,0.9169,No detectado,0.0210,0.0104,0.0151
FACULTAD DE INGENIERIA Y ARQUITECTURA,JGCM,CI03,INGENIERÍA CIVIL INDUSTRIAL (LA SERENA),58003,TECNOLOGIA DE LOS MATERIALES,210,muy buena enseñanza.,Positivo,0.9689,Alegría,0.9169,No detectado,0.0210,0.0104,0.0151
FACULTAD DE INGENIERIA Y ARQUITECTURA,JGCM,IMS1,INGENIERIA CIVIL EN MINAS LA SERENA,3267,QUIMICA GENERAL,210,muy buena sus clases y evalauciones.,Positivo,0.9661,Otro,0.5140,No detectado,0.0337,0.0103,0.0213
FACULTAD DE INGENIERIA Y ARQUITECTURA,JGCM,IMS1,INGENIERIA CIVIL EN MINAS LA SERENA,3267,QUIMICA GENERAL,212,muy bueno.,Positivo,0.8803,Alegría,0.9013,No detectado,0.0337,0.0171,0.0277
FACULTAD DE INGENIERIA Y ARQUITECTURA,JGCM,IMS1,INGENIERIA CIVIL EN MINAS LA SERENA,3267,QUIMICA GENERAL,212,muy bueno.,Positivo,0.8803,Alegría,0.9013,No detectado,0.0337,0.0171,0.0277
FACULTAD DE INGENIERIA Y ARQUITECTURA,JGCM,IMS1,INGENIERIA CIVIL EN MINAS LA SERENA,3267,QUIMICA GENERAL,210,muy bueno.,Positivo,0.8803,Alegría,0.9013,No detectado,0.0337,0.0171,0.0277
FACULTAD DE INGENIERIA Y ARQUITECTURA,JGCM,IMS1,INGENIERIA CIVIL EN MINAS LA SERENA,3267,QUIMICA GENERAL,210,muy completo las enseñas del profesor.,Positivo,0.7237,Otro,0.9497,No detectado,0.0201,0.0147,0.0142
FACULTAD DE INGENIERIA Y ARQUITECTURA,JGCM,CI03,INGENIERÍA CIVIL INDUSTRIAL (LA SERENA),58003,TECNOLOGIA DE LOS MATERIALES,210,muy recomendable.,Positivo,0.9135,Alegría,0.8529,No detectado,0.0219,0.0113,0.0181
FACULTAD DE INGENIERIA Y ARQUITECTURA,JGCM,IMS1,INGENIERIA CIVIL EN MINAS LA SERENA,3267,QUIMICA GENERAL,211,nada que agregar.,Neutral,0.4990,Otro,0.6519,No detectado,0.0217,0.0132,0.0143
FACULTAD DE INGENIERIA Y ARQUITECTURA,JGCM,IMS1,INGENIERIA CIVIL EN MINAS LA SERENA,3267,QUIMICA GENERAL,210,"nada que decir acerca de este profesor, un 7 en todos los aspectos.",Positivo,0.8492,Otro,0.9455,No detectado,0.0149,0.0085,0.0075
FACULTAD DE INGENIERIA Y ARQUITECTURA,JGCM,IMS1,INGENIERIA CIVIL EN MINAS LA SERENA,3267,QUIMICA GENERAL,210,nada que decir buen profesor.,Neutral,0.5523,Otro,0.9940,No detectado,0.0176,0.0158,0.0123
FACULTAD DE INGENIERIA Y ARQUITECTURA,JGCM,IMS1,INGENIERIA CIVIL EN MINAS LA SERENA,3267,QUIMICA GENERAL,210,"nada que decir de el, exelente profesor.",Positivo,0.9605,Alegría,0.6836,No detectado,0.0109,0.0087,0.0079
FACULTAD DE INGENIERIA Y ARQUITECTURA,JGCM,IMS1,INGENIERIA CIVIL EN MINAS LA SERENA,3267,QUIMICA GENERAL,211,"ningún comentario, buen profesor.",Neutral,0.6121,Otro,0.9943,No detectado,0.0224,0.0153,0.0160
FACULTAD DE INGENIERIA Y ARQUITECTURA,JGCM,CI03,INGENIERÍA CIVIL INDUSTRIAL (LA SERENA),58003,TECNOLOGIA DE LOS MATERIALES,210,ningun otro comentario.,Neutral,0.7326,Otro,0.9782,No detectado,0.0399,0.0147,0.0233
FACULTAD DE INGENIERIA Y ARQUITECTURA,JGCM,CI03,INGENIERÍA CIVIL INDUSTRIAL (LA SERENA),58003,TECNOLOGIA DE LOS MATERIALES,210,ninguno.,Neutral,0.5276,Otro,0.8177,No detectado,0.0802,0.0215,0.0500
FACULTAD DE INGENIERIA Y ARQUITECTURA,JGCM,CI03,INGENIERÍA CIVIL INDUSTRIAL (LA SERENA),58003,TECNOLOGIA DE LOS MATERIALES,210,ninguno.,Neutral,0.5276,Otro,0.8177,No detectado,0.0802,0.0215,0.0500
FACULTAD DE INGENIERIA Y ARQUITECTURA,JGCM,CI03,INGENIERÍA CIVIL INDUSTRIAL (LA SERENA),58003,TECNOLOGIA DE LOS MATERIALES,210,profesor explica de forma correcta y apoya el aprendizaje subiendo contenido constante a la plataforma.,Positivo,0.8853,Otro,0.9930,No detectado,0.0122,0.0078,0.0072
FACULTAD DE INGENIERIA Y ARQUITECTURA,JGCM,IMS1,INGENIERIA CIVIL EN MINAS LA SERENA,3267,QUIMICA GENERAL,210,profesor muy comprometido y dispuesto a impartir conocimiento.,Positivo,0.8910,Otro,0.7081,No detectado,0.0132,0.0079,0.0079
FACULTAD DE INGENIERIA Y ARQUITECTURA,JGCM,IMS1,INGENIERIA CIVIL EN MINAS LA SERENA,3267,QUIMICA GENERAL,210,"que es un buen profesor, tiene una manera de explicar que se logra entender.",Positivo,0.9557,Otro,0.9895,No detectado,0.0129,0.0091,0.0078
FACULTAD DE INGENIERIA Y ARQUITECTURA,JGCM,IMS1,INGENIERIA CIVIL EN MINAS LA SERENA,3267,QUIMICA GENERAL,210,"que es un buen profesor,trata de ayudar a todos.",Positivo,0.9270,Otro,0.9349,No detectado,0.0164,0.0105,0.0087
FACULTAD DE INGENIERIA Y ARQUITECTURA,JGCM,IMS1,INGENIERIA CIVIL EN MINAS LA SERENA,3267,QUIMICA GENERAL,211,responde todas las dudas y explica varias veces si no entiendes el tema de la clase.,Neutral,0.7561,Otro,0.9970,No detectado,0.0167,0.0107,0.0116
FACULTAD DE INGENIERIA Y ARQUITECTURA,JGCM,IMS1,INGENIERIA CIVIL EN MINAS LA SERENA,3267,QUIMICA GENERAL,211,sabe como explicar la materia de que se vea fácil de entender.,Neutral,0.6643,Otro,0.9925,No detectado,0.0244,0.0137,0.0096
FACULTAD DE INGENIERIA Y ARQUITECTURA,JGCM,IMS1,INGENIERIA CIVIL EN MINAS LA SERENA,3267,QUIMICA GENERAL,211,sabe expresarse con capacidad en la asignatura.,Positivo,0.6919,Otro,0.9920,No detectado,0.0151,0.0080,0.0065
FACULTAD DE INGENIERIA Y ARQUITECTURA,JGCM,CI03,INGENIERÍA CIVIL INDUSTRIAL (LA SERENA),3267,QUIMICA GENERAL,211,sin comentarios.,Neutral,0.4468,Otro,0.6370,No detectado,0.0500,0.0090,0.0231
FACULTAD DE INGENIERIA Y ARQUITECTURA,JGCM,CI03,INGENIERÍA CIVIL INDUSTRIAL (LA SERENA),3267,QUIMICA GENERAL,210,sin comentarios.,Neutral,0.4468,Otro,0.6370,No detectado,0.0500,0.0090,0.0231
FACULTAD DE INGENIERIA Y ARQUITECTURA,JGCM,IMS1,INGENIERIA CIVIL EN MINAS LA SERENA,3267,QUIMICA GENERAL,212,sin comentarios.,Neutral,0.4468,Otro,0.6370,No detectado,0.0500,0.0090,0.0231
FACULTAD DE INGENIERIA Y ARQUITECTURA,JGCM,IMS1,INGENIERIA CIVIL EN MINAS LA SERENA,3267,QUIMICA GENERAL,210,todo bien.,Positivo,0.7033,Otro,0.7826,No detectado,0.0408,0.0222,0.0283
FACULTAD DE INGENIERIA Y ARQUITECTURA,JGCM,IMS1,INGENIERIA CIVIL EN MINAS LA SERENA,3267,QUIMICA GENERAL,212,un 7 en todos sus aspectos.,Positivo,0.8448,Otro,0.7056,No detectado,0.0214,0.0068,0.0099
FACULTAD DE INGENIERIA Y ARQUITECTURA,JGCM,IMS1,INGENIERIA CIVIL EN MINAS LA SERENA,3267,QUIMICA GENERAL,210,un profesor muy preparado.,Positivo,0.9451,Otro,0.7857,No detectado,0.0206,0.0111,0.0094
FACULTAD DE INGENIERIA Y ARQUITECTURA,JEMB,GE02,GEOLOGÍA PLAN 2017,59026,GEOLOGIA DE HIDROCARBUROS,10,buen profesor.,Positivo,0.8798,Alegría,0.6186,No detectado,0.0201,0.0141,0.0145
FACULTAD DE INGENIERIA Y ARQUITECTURA,JEMB,GE02,GEOLOGÍA PLAN 2017,59008,GEOMORFOLOGIA,10,buen profesor pero falta mas dimanica en sus clases.,Neutral,0.5661,Otro,0.9917,No detectado,0.0498,0.0140,0.0177
FACULTAD DE INGENIERIA Y ARQUITECTURA,JEMB,GE02,GEOLOGÍA PLAN 2017,59008,GEOMORFOLOGIA,10,"el mejor profesor de la universidad, es responsable, insta a los alumnos a aprender mediante el respeto y un punto de vista pedagógico además logrando hacer notar sus conocimientos.",Positivo,0.9192,Otro,0.7586,No detectado,0.0119,0.0060,0.0074
FACULTAD DE INGENIERIA Y ARQUITECTURA,JEMB,GE02,GEOLOGÍA PLAN 2017,59008,GEOMORFOLOGIA,10,"es muy buen profesor, enseña muy bien, entrega todo a tiempo, es puntual y si se tiene dudas se queda explicando.",Positivo,0.9537,Otro,0.5463,No detectado,0.0141,0.0090,0.0096
FACULTAD DE INGENIERIA Y ARQUITECTURA,JEMB,GE02,GEOLOGÍA PLAN 2017,59026,GEOLOGIA DE HIDROCARBUROS,10,excelente profesor.,Positivo,0.9060,Alegría,0.9409,No detectado,0.0124,0.0121,0.0102
FACULTAD DE INGENIERIA Y ARQUITECTURA,JEMB,GE02,GEOLOGÍA PLAN 2017,59026,GEOLOGIA DE HIDROCARBUROS,10,excelente profesor y profesorsional.,Positivo,0.9647,Alegría,0.8785,No detectado,0.0115,0.0115,0.0107
FACULTAD DE INGENIERIA Y ARQUITECTURA,JEMB,GE02,GEOLOGÍA PLAN 2017,59026,GEOLOGIA DE HIDROCARBUROS,10,"excelente profesor, explica muy bien.",Positivo,0.9776,Alegría,0.8604,No detectado,0.0106,0.0085,0.0078
FACULTAD DE INGENIERIA Y ARQUITECTURA,JEMB,GE02,GEOLOGÍA PLAN 2017,59026,GEOLOGIA DE HIDROCARBUROS,10,"excelente profesor, una dedicación notable a su ramo. muy responsable con los estudiantes y una muy buena disposición a resolver dudas.",Positivo,0.9699,Alegría,0.9838,No detectado,0.0091,0.0075,0.0069
FACULTAD DE INGENIERIA Y ARQUITECTURA,JEMB,GE02,GEOLOGÍA PLAN 2017,59008,GEOMORFOLOGIA,10,muy buen profesor.,Positivo,0.9677,Alegría,0.9051,No detectado,0.0123,0.0104,0.0094
FACULTAD DE INGENIERIA Y ARQUITECTURA,JEMB,GE02,GEOLOGÍA PLAN 2017,59026,GEOLOGIA DE HIDROCARBUROS,10,"muy buenas clases, gracias.",Positivo,0.9704,Alegría,0.9796,No detectado,0.0222,0.0066,0.0152
FACULTAD DE INGENIERIA Y ARQUITECTURA,JEMB,GE02,GEOLOGÍA PLAN 2017,59026,GEOLOGIA DE HIDROCARBUROS,10,no tengo comentarios.,Negativo,0.5232,Otro,0.7242,No detectado,0.0321,0.0071,0.0184
FACULTAD DE INGENIERIA Y ARQUITECTURA,JEMB,GE02,GEOLOGÍA PLAN 2017,59026,GEOLOGIA DE HIDROCARBUROS,10,"un excelente profesor, con un gran método de enseñanza, a través de sus trabajos genera en el alumno un gran esfuerzo por querer aprender y resolver lo que se pide.",Positivo,0.9423,Otro,0.9299,No detectado,0.0099,0.0076,0.0067
FACULTAD DE INGENIERIA Y ARQUITECTURA,JEMB,GE02,GEOLOGÍA PLAN 2017,59008,GEOMORFOLOGIA,10,uno de los mejores profesores que he tenido en mis años de estudiante.,Positivo,0.9546,Alegría,0.9899,No detectado,0.0100,0.0064,0.0074
FACULTAD DE INGENIERIA Y ARQUITECTURA,EAFY,IMS1,INGENIERIA CIVIL EN MINAS LA SERENA,58000,INTRODUCCION A LAS MATEMATICAS,230,"a mi punto de vista ami no me gusto su forma de enseñar ni de evaluar y su criterio con los alumnos tampoco ya que alardeaba mucho sobre sus profesorsiones ,y que también idealizara mucho a los alumnos solo por estar estudiando ingieneria cuando estamos recién empezando para poder aprender en las clases por algo y ser recien futuros ing .",Negativo,0.9480,Ira,0.8773,No detectado,0.0649,0.0057,0.0261
FACULTAD DE INGENIERIA Y ARQUITECTURA,EAFY,IMS1,INGENIERIA CIVIL EN MINAS LA SERENA,58000,INTRODUCCION A LAS MATEMATICAS,230,bajo.,Neutral,0.4729,Otro,0.4467,No detectado,0.0854,0.0424,0.0567
FACULTAD DE INGENIERIA Y ARQUITECTURA,EAFY,IC06,INGENIERÍA CIVIL EN COMPUTACIÓN E INFORMÁTICA (LA SERENA),58000,INTRODUCCION A LAS MATEMATICAS,230,bastante bien en general pero para aquellos que son mas lentos en su aprendizaje les costaría mucho mas este profesor.,Neutral,0.5617,Otro,0.9593,No detectado,0.0195,0.0058,0.0103
FACULTAD DE INGENIERIA Y ARQUITECTURA,EAFY,IMS1,INGENIERIA CIVIL EN MINAS LA SERENA,58000,INTRODUCCION A LAS MATEMATICAS,230,bien.,Positivo,0.7325,Alegría,0.8209,No detectado,0.0506,0.0188,0.0390
FACULTAD DE INGENIERIA Y ARQUITECTURA,EAFY,CI03,INGENIERÍA CIVIL INDUSTRIAL (LA SERENA),58013,FINANZAS CORPORATIVAS,210,buen profesor.,Positivo,0.8798,Alegría,0.6186,No detectado,0.0201,0.0141,0.0145
FACULTAD DE INGENIERIA Y ARQUITECTURA,EAFY,CI03,INGENIERÍA CIVIL INDUSTRIAL (LA SERENA),58000,INTRODUCCION A LAS MATEMATICAS,230,buen profesor.,Positivo,0.8798,Alegría,0.6186,No detectado,0.0201,0.0141,0.0145
FACULTAD DE INGENIERIA Y ARQUITECTURA,EAFY,IMS1,INGENIERIA CIVIL EN MINAS LA SERENA,58000,INTRODUCCION A LAS MATEMATICAS,230,buen profesor.,Positivo,0.8798,Alegría,0.6186,No detectado,0.0201,0.0141,0.0145
FACULTAD DE INGENIERIA Y ARQUITECTURA,EAFY,IC06,INGENIERÍA CIVIL EN COMPUTACIÓN E INFORMÁTICA (LA SERENA),58000,INTRODUCCION A LAS MATEMATICAS,230,"buen profesor con un alto nivel de exigencia, pero una vez se comprende la materia y se realizan los ejercicios en clase se logra estar a la expectativa.",Positivo,0.8285,Otro,0.9834,No detectado,0.0181,0.0063,0.0092
FACULTAD DE INGENIERIA Y ARQUITECTURA,EAFY,IMS1,INGENIERIA CIVIL EN MINAS LA SERENA,58000,INTRODUCCION A LAS MATEMATICAS,230,buen profesor pero debería explicar mejor.,Neutral,0.5139,Otro,0.9898,No detectado,0.0178,0.0129,0.0115
FACULTAD DE INGENIERIA Y ARQUITECTURA,EAFY,CI03,INGENIERÍA CIVIL INDUSTRIAL (LA SERENA),58013,FINANZAS CORPORATIVAS,210,"buen profesor, aprovecha el tiempo para enseñar y cumple con los plazos.",Positivo,0.8681,Otro,0.8621,No detectado,0.0172,0.0110,0.0125
FACULTAD DE INGENIERIA Y ARQUITECTURA,EAFY,CI03,INGENIERÍA CIVIL INDUSTRIAL (LA SERENA),58000,INTRODUCCION A LAS MATEMATICAS,230,"buen profesor, muy rapido y eficaz.",Positivo,0.9504,Alegría,0.7423,No detectado,0.0246,0.0161,0.0159
FACULTAD DE INGENIERIA Y ARQUITECTURA,EAFY,CI03,INGENIERÍA CIVIL INDUSTRIAL (LA SERENA),58000,INTRODUCCION A LAS MATEMATICAS,230,"buen profesor, siento que me motivo a seguir ejerciendo mi carrera como ingeniero pero a la hora de hacer ejercicios en algunos no se explicaba muy bien.",Positivo,0.7602,Otro,0.9367,No detectado,0.0099,0.0064,0.0068
FACULTAD DE INGENIERIA Y ARQUITECTURA,EAFY,CI03,INGENIERÍA CIVIL INDUSTRIAL (LA SERENA),58013,FINANZAS CORPORATIVAS,210,buena metodología para enseñar.,Positivo,0.9425,Otro,0.8986,No detectado,0.0168,0.0092,0.0108
FACULTAD DE INGENIERIA Y ARQUITECTURA,EAFY,IMS1,INGENIERIA CIVIL EN MINAS LA SERENA,58000,INTRODUCCION A LAS MATEMATICAS,230,duro pero capo.,Positivo,0.4621,Alegría,0.7096,No detectado,0.0193,0.0118,0.0154
FACULTAD DE INGENIERIA Y ARQUITECTURA,EAFY,CI03,INGENIERÍA CIVIL INDUSTRIAL (LA SERENA),58013,FINANZAS CORPORATIVAS,210,"el docente logró enseñar de forma correcta los contenidos planteados desde el comienzo de la asignatura, explicando también la utilización de la teorí­a en su aplicación con la realidad.",Positivo,0.4894,Otro,0.9955,No detectado,0.0117,0.0064,0.0070
FACULTAD DE INGENIERIA Y ARQUITECTURA,EAFY,IC06,INGENIERÍA CIVIL EN COMPUTACIÓN E INFORMÁTICA (LA SERENA),58000,INTRODUCCION A LAS MATEMATICAS,230,"el profesor es de los pocos que te lleva a esforzarte un poco más de lo que debes por su materia, si bien sus conocimientos y enseñanzas son bastante necesarios la motivación que da a los estudiantes es muy poca, eso y sus varias discrepancias con el profesor de ejercitación dificultaron mucho el aprendizaje durante el primer semestre.",Negativo,0.7959,Otro,0.3978,No detectado,0.0190,0.0045,0.0103
FACULTAD DE INGENIERIA Y ARQUITECTURA,EAFY,IC06,INGENIERÍA CIVIL EN COMPUTACIÓN E INFORMÁTICA (LA SERENA),58000,INTRODUCCION A LAS MATEMATICAS,230,"el profesor es muy bueno explicando y siempre está dispuesto a ayudar cuando tenemos dudas. me gustaron sus clases porque suelen ser interactivas. quizás me quejaría de la velocidad con la que explica, ya que a veces va un poco rápido . en general, estoy contenta con su forma de enseñar y he aprendido mucho en esta clase.",Positivo,0.9633,Alegría,0.9736,No detectado,0.0135,0.0063,0.0086
FACULTAD DE INGENIERIA Y ARQUITECTURA,EAFY,CI03,INGENIERÍA CIVIL INDUSTRIAL (LA SERENA),58013,FINANZAS CORPORATIVAS,210,el profesor tiene mucha vocación y conocimiento de la asignatura.,Positivo,0.9358,Otro,0.9966,No detectado,0.0130,0.0078,0.0064
FACULTAD DE INGENIERIA Y ARQUITECTURA,EAFY,IMS1,INGENIERIA CIVIL EN MINAS LA SERENA,58000,INTRODUCCION A LAS MATEMATICAS,230,"en mi evaluación, observo que el ritmo de la clase es lento e ineficiente.se desarrollan entre 4 y 7 ejercicios por sesión, con explicaciones que suelen ser insuficientes. hay una baja disposición
para explicar conceptos y aclarar dudas, lo que refleja un limitado compromiso en la asistencia a los estudiantes. como resultado, me suelo ver obligado a recurrir a métodos alternativos de aprendizaje mas que en la propia clade, ya que en clase no se logran resolver las
inquietudes ni responder las preguntas adecuadamente.",Negativo,0.9634,Otro,0.8428,No detectado,0.0334,0.0041,0.0172
FACULTAD DE INGENIERIA Y ARQUITECTURA,EAFY,IMS1,INGENIERIA CIVIL EN MINAS LA SERENA,58000,INTRODUCCION A LAS MATEMATICAS,230,"es bastante buen profesor, no pase su ramo, tampoco yo personalmente tení­a una buena base matemática,pero es bueno en lo que enseña, es dedicado y comunica los criterios de evaluación con anterioridad,aunque le cuesta llegar con algunos alumnos.",Positivo,0.8457,Otro,0.9554,No detectado,0.0160,0.0073,0.0097
FACULTAD DE INGENIERIA Y ARQUITECTURA,EAFY,IC06,INGENIERÍA CIVIL EN COMPUTACIÓN E INFORMÁTICA (LA SERENA),58000,INTRODUCCION A LAS MATEMATICAS,230,"es muy buen profesor, conoce muy bien los temas. es claro y preciso con la enseñanza.",Positivo,0.9597,Otro,0.9356,No detectado,0.0107,0.0074,0.0071
FACULTAD DE INGENIERIA Y ARQUITECTURA,EAFY,IC06,INGENIERÍA CIVIL EN COMPUTACIÓN E INFORMÁTICA (LA SERENA),58000,INTRODUCCION A LAS MATEMATICAS,230,estuvo bien.,Positivo,0.8318,Otro,0.7163,No detectado,0.0630,0.0275,0.0503
FACULTAD DE INGENIERIA Y ARQUITECTURA,EAFY,CI03,INGENIERÍA CIVIL INDUSTRIAL (LA SERENA),58013,FINANZAS CORPORATIVAS,210,excelente profesor.,Positivo,0.9060,Alegría,0.9409,No detectado,0.0124,0.0121,0.0102
FACULTAD DE INGENIERIA Y ARQUITECTURA,EAFY,IMS1,INGENIERIA CIVIL EN MINAS LA SERENA,58000,INTRODUCCION A LAS MATEMATICAS,230,explica bien no entrega material de estudio.,Neutral,0.6435,Otro,0.9932,No detectado,0.0399,0.0146,0.0190
FACULTAD DE INGENIERIA Y ARQUITECTURA,EAFY,CI03,INGENIERÍA CIVIL INDUSTRIAL (LA SERENA),58000,INTRODUCCION A LAS MATEMATICAS,230,faltaba a clases después de evaluaciones sin avisar.,Negativo,0.6411,Otro,0.9089,No detectado,0.0310,0.0081,0.0170
FACULTAD DE INGENIERIA Y ARQUITECTURA,EAFY,CI03,INGENIERÍA CIVIL INDUSTRIAL (LA SERENA),58013,FINANZAS CORPORATIVAS,210,informacion y asignatura muy interesante tanto en lo profesorsional como en lo personal.,Positivo,0.9424,Otro,0.9932,No detectado,0.0141,0.0059,0.0099
FACULTAD DE INGENIERIA Y ARQUITECTURA,EAFY,CI03,INGENIERÍA CIVIL INDUSTRIAL (LA SERENA),58000,INTRODUCCION A LAS MATEMATICAS,230,me encanta el como enseña se me hace una manera facil de aprender ademas de ser bastante comprensivo a la hora de las dudas.,Positivo,0.9709,Alegría,0.7696,No detectado,0.0109,0.0072,0.0075
FACULTAD DE INGENIERIA Y ARQUITECTURA,EAFY,CI03,INGENIERÍA CIVIL INDUSTRIAL (LA SERENA),58013,FINANZAS CORPORATIVAS,210,ninguno.,Neutral,0.5276,Otro,0.8177,No detectado,0.0802,0.0215,0.0500
FACULTAD DE INGENIERIA Y ARQUITECTURA,EAFY,CI03,INGENIERÍA CIVIL INDUSTRIAL (LA SERENA),58000,INTRODUCCION A LAS MATEMATICAS,230,no explica de forma clara.,Negativo,0.9236,Otro,0.9768,No detectado,0.0271,0.0140,0.0135
FACULTAD DE INGENIERIA Y ARQUITECTURA,EAFY,CI03,INGENIERÍA CIVIL INDUSTRIAL (LA SERENA),58000,INTRODUCCION A LAS MATEMATICAS,230,"no me gusto su forma de enseñar ni de evaluar, también no me gusto que idealizara mucho a los alumnos solo por estar en una carrera de ingeniería cuando no debería de ser así sobretodo con alumnos de primer año. también deberia mejorar la comunicacion con los alumnos.",Negativo,0.9687,Ira,0.8649,No detectado,0.0217,0.0071,0.0109
FACULTAD DE INGENIERIA Y ARQUITECTURA,EAFY,IMS1,INGENIERIA CIVIL EN MINAS LA SERENA,58000,INTRODUCCION A LAS MATEMATICAS,230,no nos mostro syllabus.,Negativo,0.7737,Otro,0.9845,No detectado,0.0539,0.0113,0.0178
FACULTAD DE INGENIERIA Y ARQUITECTURA,EAFY,IC06,INGENIERÍA CIVIL EN COMPUTACIÓN E INFORMÁTICA (LA SERENA),58000,INTRODUCCION A LAS MATEMATICAS,230,"profesor carismático, pero le falta empatía.",Positivo,0.4525,Otro,0.8361,No detectado,0.0534,0.0304,0.0176
FACULTAD DE INGENIERIA Y ARQUITECTURA,EAFY,CI03,INGENIERÍA CIVIL INDUSTRIAL (LA SERENA),58013,FINANZAS CORPORATIVAS,210,"profesor con amplios conocimientos, ejemplifica con detalles aplicados a la carrera.",Positivo,0.7733,Otro,0.9953,No detectado,0.0191,0.0062,0.0074
FACULTAD DE INGENIERIA Y ARQUITECTURA,EAFY,IC06,INGENIERÍA CIVIL EN COMPUTACIÓN E INFORMÁTICA (LA SERENA),58000,INTRODUCCION A LAS MATEMATICAS,230,profesor no ayuda del todo a los alumnos a la hora de clases.,Negativo,0.9554,Otro,0.9944,No detectado,0.0224,0.0055,0.0109
FACULTAD DE INGENIERIA Y ARQUITECTURA,EAFY,CI03,INGENIERÍA CIVIL INDUSTRIAL (LA SERENA),58013,FINANZAS CORPORATIVAS,210,recomiendo mas dinamicas.,Positivo,0.5490,Otro,0.9786,No detectado,0.0710,0.0072,0.0219
FACULTAD DE INGENIERIA Y ARQUITECTURA,EAFY,IC06,INGENIERÍA CIVIL EN COMPUTACIÓN E INFORMÁTICA (LA SERENA),58000,INTRODUCCION A LAS MATEMATICAS,230,responsable.,Neutral,0.5166,Alegría,0.4232,No detectado,0.0724,0.0571,0.0626
FACULTAD DE INGENIERIA Y ARQUITECTURA,EAFY,IMS1,INGENIERIA CIVIL EN MINAS LA SERENA,58000,INTRODUCCION A LAS MATEMATICAS,230,sin comentarios.,Neutral,0.4468,Otro,0.6370,No detectado,0.0500,0.0090,0.0231
FACULTAD DE INGENIERIA Y ARQUITECTURA,EAFY,IC06,INGENIERÍA CIVIL EN COMPUTACIÓN E INFORMÁTICA (LA SERENA),58000,INTRODUCCION A LAS MATEMATICAS,230,"su método de enseñanza no me serví­a, todo era a su gusto e incluso no utilizaba bien los días de clases de la asignatura.",Negativo,0.9536,Otro,0.9711,No detectado,0.0258,0.0103,0.0164
FACULTAD DE INGENIERIA Y ARQUITECTURA,EAFY,CI03,INGENIERÍA CIVIL INDUSTRIAL (LA SERENA),58013,FINANZAS CORPORATIVAS,210,un 7.,Neutral,0.6224,Alegría,0.5508,No detectado,0.0629,0.0254,0.0340
FACULTAD DE INGENIERIA Y ARQUITECTURA,EAFY,CI03,INGENIERÍA CIVIL INDUSTRIAL (LA SERENA),58000,INTRODUCCION A LAS MATEMATICAS,230,"un profesor preciso en lo que enseña, si sabes entenderle aprenderas demasiado.",Positivo,0.8593,Otro,0.9337,No detectado,0.0156,0.0096,0.0082
FACULTAD DE INGENIERIA Y ARQUITECTURA,EAFY,CI03,INGENIERÍA CIVIL INDUSTRIAL (LA SERENA),58013,FINANZAS CORPORATIVAS,210,uno de los mejores docentes que he tenido en toda mi carrera.,Positivo,0.9652,Alegría,0.9919,No detectado,0.0101,0.0068,0.0069
FACULTAD DE INGENIERIA Y ARQUITECTURA,EAFY,CI03,INGENIERÍA CIVIL INDUSTRIAL (LA SERENA),58013,FINANZAS CORPORATIVAS,210,xd.,Neutral,0.5047,Otro,0.5340,No detectado,0.0857,0.0337,0.0475
FACULTAD DE INGENIERIA Y ARQUITECTURA,DCRH,GE02,GEOLOGÍA PLAN 2017,3267,QUIMICA GENERAL,40,"al explicar la materia en clases, le entendía todo, muy metódica para llevar el ramo.",Negativo,0.8033,Otro,0.9920,No detectado,0.2894,0.1688,0.0999
FACULTAD DE INGENIERIA Y ARQUITECTURA,DCRH,IM02,INGENIERÍA CIVIL EN MINAS PLAN 2017,3267,QUIMICA GENERAL,10,al momento de pedir nuevamente una explicación no se logra entender y no busca otra manera de dar solución.,Negativo,0.9245,Otro,0.9585,No detectado,0.0146,0.0067,0.0093
FACULTAD DE INGENIERIA Y ARQUITECTURA,DCRH,OB07,INGENIERÍA CIVIL EN OBRAS CIVILES PLAN 2017,3267,QUIMICA GENERAL,40,buen profesor.,Positivo,0.8798,Alegría,0.6186,No detectado,0.0201,0.0141,0.0145
FACULTAD DE INGENIERIA Y ARQUITECTURA,DCRH,OB07,INGENIERÍA CIVIL EN OBRAS CIVILES PLAN 2017,3267,QUIMICA GENERAL,40,buena.,Positivo,0.4375,Alegría,0.8671,No detectado,0.0866,0.0550,0.0752
FACULTAD DE INGENIERIA Y ARQUITECTURA,DCRH,IM02,INGENIERÍA CIVIL EN MINAS PLAN 2017,3267,QUIMICA GENERAL,10,buena profesor.,Positivo,0.7609,Alegría,0.9414,No detectado,0.0224,0.0198,0.0237
FACULTAD DE INGENIERIA Y ARQUITECTURA,DCRH,IM02,INGENIERÍA CIVIL EN MINAS PLAN 2017,3267,QUIMICA GENERAL,10,buena profesora.,Positivo,0.8748,Alegría,0.9415,No detectado,0.0699,0.0374,0.0376
FACULTAD DE INGENIERIA Y ARQUITECTURA,DCRH,IM02,INGENIERÍA CIVIL EN MINAS PLAN 2017,3267,QUIMICA GENERAL,10,buena profesora.,Positivo,0.8748,Alegría,0.9415,No detectado,0.0699,0.0374,0.0376
FACULTAD DE INGENIERIA Y ARQUITECTURA,DCRH,GE02,GEOLOGÍA PLAN 2017,3267,QUIMICA GENERAL,40,buena profesora.,Positivo,0.8748,Alegría,0.9415,No detectado,0.0699,0.0374,0.0376
FACULTAD DE INGENIERIA Y ARQUITECTURA,DCRH,OB07,INGENIERÍA CIVIL EN OBRAS CIVILES PLAN 2017,3267,QUIMICA GENERAL,40,buena profesora y comprensible no se molesta al repetir las cosas y se preocupa que todos entiendan la materia.,Positivo,0.8684,Otro,0.7163,No detectado,0.1565,0.0967,0.0715
FACULTAD DE INGENIERIA Y ARQUITECTURA,DCRH,OB07,INGENIERÍA CIVIL EN OBRAS CIVILES PLAN 2017,3267,QUIMICA GENERAL,40,buena profesora ya que se preocupa que los alumnos entiendan haciendo los procedimientos de manera muy ordenada para un mejor aprendizaje.,Positivo,0.9213,Otro,0.8146,No detectado,0.0301,0.0094,0.0125
FACULTAD DE INGENIERIA Y ARQUITECTURA,DCRH,OB07,INGENIERÍA CIVIL EN OBRAS CIVILES PLAN 2017,3267,QUIMICA GENERAL,40,"buena profesora, al explicar la materia uno entiende, pero el horario no era el bueno porque era a las 8 am.",Neutral,0.6857,Otro,0.9935,No detectado,0.0445,0.0161,0.0194
FACULTAD DE INGENIERIA Y ARQUITECTURA,DCRH,IM02,INGENIERÍA CIVIL EN MINAS PLAN 2017,3267,QUIMICA GENERAL,10,"buena profesora, intenta que todos sus estudiantes entiendan la materia antes de avanzar.",Positivo,0.8479,Alegría,0.5781,No detectado,0.0440,0.0203,0.0167
FACULTAD DE INGENIERIA Y ARQUITECTURA,DCRH,OB07,INGENIERÍA CIVIL EN OBRAS CIVILES PLAN 2017,3267,QUIMICA GENERAL,40,"buena profesora, metodologia recomendable.",Positivo,0.9664,Alegría,0.7657,No detectado,0.0595,0.0311,0.0309
FACULTAD DE INGENIERIA Y ARQUITECTURA,DCRH,GE02,GEOLOGÍA PLAN 2017,3267,QUIMICA GENERAL,40,"buena profesora, no sabrí­a que decir de ella, sus métodos no me sirvieron y aprende­ más con otros profesors, pero es culpa mía, ella es buena profesora.",Neutral,0.4779,Otro,0.8667,No detectado,0.2744,0.1424,0.1105
FACULTAD DE INGENIERIA Y ARQUITECTURA,DCRH,GE02,GEOLOGÍA PLAN 2017,3267,QUIMICA GENERAL,40,"buena profesora, solo que algunas veces se enreda resolviendo dudas.",Neutral,0.7478,Otro,0.9886,No detectado,0.2853,0.0914,0.0852
FACULTAD DE INGENIERIA Y ARQUITECTURA,DCRH,IM02,INGENIERÍA CIVIL EN MINAS PLAN 2017,3267,QUIMICA GENERAL,10,buena profesora.,Positivo,0.8748,Alegría,0.9415,No detectado,0.0699,0.0374,0.0376
FACULTAD DE INGENIERIA Y ARQUITECTURA,DCRH,OB07,INGENIERÍA CIVIL EN OBRAS CIVILES PLAN 2017,3267,QUIMICA GENERAL,40,buenas clases.,Positivo,0.4770,Otro,0.6154,No detectado,0.0490,0.0126,0.0305
FACULTAD DE INGENIERIA Y ARQUITECTURA,DCRH,OB07,INGENIERÍA CIVIL EN OBRAS CIVILES PLAN 2017,3267,QUIMICA GENERAL,40,bueno.,Neutral,0.4849,Otro,0.8337,No detectado,0.0527,0.0147,0.0360
FACULTAD DE INGENIERIA Y ARQUITECTURA,DCRH,CI02,INGENIERÍA CIVIL INDUSTRIAL (PLAN 2015),3267,QUIMICA GENERAL,10,"en resumidas palabras, es una profesora que ama su trabajo y lo demuestra en el día a día.",Positivo,0.9423,Otro,0.7274,No detectado,0.0852,0.0474,0.0287
FACULTAD DE INGENIERIA Y ARQUITECTURA,DCRH,IM02,INGENIERÍA CIVIL EN MINAS PLAN 2017,3267,QUIMICA GENERAL,10,enseña bien.,Positivo,0.6398,Otro,0.5826,No detectado,0.0443,0.0204,0.0361
FACULTAD DE INGENIERIA Y ARQUITECTURA,DCRH,IM02,INGENIERÍA CIVIL EN MINAS PLAN 2017,3267,QUIMICA GENERAL,10,"enseña muy bien ,se le entiende todo , y muy responsable con todo , da mucho material para estudio.",Positivo,0.9676,Alegría,0.7302,No detectado,0.0180,0.0145,0.0105
FACULTAD DE INGENIERIA Y ARQUITECTURA,DCRH,OB07,INGENIERÍA CIVIL EN OBRAS CIVILES PLAN 2017,3267,QUIMICA GENERAL,40,"es muy buena profesora, se le entiende perfectamente.",Positivo,0.9771,Otro,0.6151,No detectado,0.1103,0.0971,0.0473
FACULTAD DE INGENIERIA Y ARQUITECTURA,DCRH,IM02,INGENIERÍA CIVIL EN MINAS PLAN 2017,3267,QUIMICA GENERAL,10,es uns profesora que tiene vocacion y eso se agradece sabe exolicsr bien ls meteria y tiene mucha paciencia.,Positivo,0.9572,Otro,0.9553,No detectado,0.1022,0.0701,0.0481
FACULTAD DE INGENIERIA Y ARQUITECTURA,DCRH,GE02,GEOLOGÍA PLAN 2017,3267,QUIMICA GENERAL,40,"estuvo pendiente del aprendizaje del curso, cambiaba su manera de explicar la materia en caso de que no se entendiera y estaba dispuesta a resolver cualquier duda.",Neutral,0.6774,Otro,0.9961,No detectado,0.0256,0.0147,0.0132
FACULTAD DE INGENIERIA Y ARQUITECTURA,DCRH,IM02,INGENIERÍA CIVIL EN MINAS PLAN 2017,3267,QUIMICA GENERAL,10,excelente profesor solo que falta enfatizar en ámbitos de la explicación ya que al momento que esta realizando la clase se enreda un poco debería ser un poco mas clara.,Negativo,0.5246,Otro,0.9935,No detectado,0.0186,0.0103,0.0096
FACULTAD DE INGENIERIA Y ARQUITECTURA,DCRH,IM02,INGENIERÍA CIVIL EN MINAS PLAN 2017,3267,QUIMICA GENERAL,10,"excelente profesor, siempre dispuesta a ayudar.",Positivo,0.9611,Alegría,0.9923,No detectado,0.0224,0.0167,0.0135
FACULTAD DE INGENIERIA Y ARQUITECTURA,DCRH,IM02,INGENIERÍA CIVIL EN MINAS PLAN 2017,3267,QUIMICA GENERAL,10,excelente profesora.,Positivo,0.9144,Alegría,0.9657,No detectado,0.0915,0.0614,0.0453
FACULTAD DE INGENIERIA Y ARQUITECTURA,DCRH,IM02,INGENIERÍA CIVIL EN MINAS PLAN 2017,3267,QUIMICA GENERAL,10,excelente profesora.,Positivo,0.9144,Alegría,0.9657,No detectado,0.0915,0.0614,0.0453
FACULTAD DE INGENIERIA Y ARQUITECTURA,DCRH,OB07,INGENIERÍA CIVIL EN OBRAS CIVILES PLAN 2017,3267,QUIMICA GENERAL,40,"excelente profesora, con mucha paciencia y pleno conocimiento para enseñar la materia.",Positivo,0.9740,Alegría,0.9828,No detectado,0.0497,0.0280,0.0207
FACULTAD DE INGENIERIA Y ARQUITECTURA,DCRH,IM02,INGENIERÍA CIVIL EN MINAS PLAN 2017,3267,QUIMICA GENERAL,10,"excelente profesora, explica muy bien toda la materia y de buena forma, gracias a eso he aprendido mucho sobre la asignatura.",Positivo,0.9809,Alegría,0.9920,No detectado,0.0292,0.0191,0.0140
FACULTAD DE INGENIERIA Y ARQUITECTURA,DCRH,IM02,INGENIERÍA CIVIL EN MINAS PLAN 2017,3267,QUIMICA GENERAL,10,"excelente profesora, siempre esta dispuesta a enseñar de la mejor manera y se preocupa que todos aprendamos.",Positivo,0.9658,Alegría,0.9815,No detectado,0.0452,0.0319,0.0210
FACULTAD DE INGENIERIA Y ARQUITECTURA,DCRH,IM02,INGENIERÍA CIVIL EN MINAS PLAN 2017,3267,QUIMICA GENERAL,10,"excelente profesora, siempre responde de manera educada y sus contenidos los explica bien.",Positivo,0.9762,Alegría,0.9142,No detectado,0.0517,0.0254,0.0260
FACULTAD DE INGENIERIA Y ARQUITECTURA,DCRH,IM02,INGENIERÍA CIVIL EN MINAS PLAN 2017,3267,QUIMICA GENERAL,10,excelente profesora.,Positivo,0.9144,Alegría,0.9657,No detectado,0.0915,0.0614,0.0453
FACULTAD DE INGENIERIA Y ARQUITECTURA,DCRH,IM02,INGENIERÍA CIVIL EN MINAS PLAN 2017,3267,QUIMICA GENERAL,10,explica demasiado rápido y a veces es dificil entender su materia.,Negativo,0.9443,Otro,0.9527,No detectado,0.0188,0.0089,0.0095
FACULTAD DE INGENIERIA Y ARQUITECTURA,DCRH,OB07,INGENIERÍA CIVIL EN OBRAS CIVILES PLAN 2017,3267,QUIMICA GENERAL,40,gran profesora.,Positivo,0.8845,Alegría,0.7501,No detectado,0.0918,0.0645,0.0472
FACULTAD DE INGENIERIA Y ARQUITECTURA,DCRH,GE02,GEOLOGÍA PLAN 2017,3267,QUIMICA GENERAL,40,"la profesora es muy detallista, nos enseña de mejor manera para que la materia sea lo más fácil de entender para nosotros.",Positivo,0.9604,Otro,0.9284,No detectado,0.0424,0.0137,0.0142
FACULTAD DE INGENIERIA Y ARQUITECTURA,DCRH,OB07,INGENIERÍA CIVIL EN OBRAS CIVILES PLAN 2017,3267,QUIMICA GENERAL,40,la profesora explica muy bien y si no entiendes te lo explica con más detalle (recomendada la profesora).,Positivo,0.7742,Otro,0.9896,No detectado,0.0383,0.0160,0.0151
FACULTAD DE INGENIERIA Y ARQUITECTURA,DCRH,IM02,INGENIERÍA CIVIL EN MINAS PLAN 2017,3267,QUIMICA GENERAL,10,la profesora muy buena el que no presto atención fui yo y lo reconozco la profesora puntual buena enseñanza super amable y simpática además que tiene mucha empatía por nosotros le agradezco mucho.,Positivo,0.9750,Alegría,0.8325,No detectado,0.0210,0.0188,0.0124
FACULTAD DE INGENIERIA Y ARQUITECTURA,DCRH,IM02,INGENIERÍA CIVIL EN MINAS PLAN 2017,3267,QUIMICA GENERAL,10,la recomiendo mucho es muy buena profesora y explica de buena manera.,Positivo,0.9767,Alegría,0.6179,No detectado,0.0539,0.0388,0.0294
FACULTAD DE INGENIERIA Y ARQUITECTURA,DCRH,OB07,INGENIERÍA CIVIL EN OBRAS CIVILES PLAN 2017,3267,QUIMICA GENERAL,40,más o menos bien.,Neutral,0.6395,Otro,0.9630,No detectado,0.0396,0.0164,0.0252
FACULTAD DE INGENIERIA Y ARQUITECTURA,DCRH,OB07,INGENIERÍA CIVIL EN OBRAS CIVILES PLAN 2017,3267,QUIMICA GENERAL,40,me encantó esta profesora.,Positivo,0.9717,Alegría,0.9842,No detectado,0.1396,0.1112,0.0607
FACULTAD DE INGENIERIA Y ARQUITECTURA,DCRH,IM02,INGENIERÍA CIVIL EN MINAS PLAN 2017,3267,QUIMICA GENERAL,10,"muy buena profesor pero en variadas ocasiones descartaba las respuestas con ""no entiendo lo que hiciste, realí­zalo de nuevo pero como lo enseñe yo"" por lo que sentí que no tenia ganas de explicar o tratar de enseñar de otra forma.",Negativo,0.7315,Otro,0.9725,No detectado,0.0173,0.0082,0.0107
FACULTAD DE INGENIERIA Y ARQUITECTURA,DCRH,IM02,INGENIERÍA CIVIL EN MINAS PLAN 2017,3267,QUIMICA GENERAL,10,"muy buena profesor, te ayuda si tienes problemas y es muy simpatica 1000/10.",Positivo,0.9651,Alegría,0.9806,No detectado,0.1865,0.2449,0.1307
FACULTAD DE INGENIERIA Y ARQUITECTURA,DCRH,IM02,INGENIERÍA CIVIL EN MINAS PLAN 2017,3267,QUIMICA GENERAL,10,muy buena profesora.,Positivo,0.9694,Alegría,0.9790,No detectado,0.0545,0.0317,0.0282
FACULTAD DE INGENIERIA Y ARQUITECTURA,DCRH,GE02,GEOLOGÍA PLAN 2017,3267,QUIMICA GENERAL,40,muy buena profesora.,Positivo,0.9694,Alegría,0.9790,No detectado,0.0545,0.0317,0.0282
FACULTAD DE INGENIERIA Y ARQUITECTURA,DCRH,OB07,INGENIERÍA CIVIL EN OBRAS CIVILES PLAN 2017,3267,QUIMICA GENERAL,40,muy buena profesora con excelente aprendizaje en la materia.,Positivo,0.9763,Alegría,0.9794,No detectado,0.0299,0.0133,0.0150
FACULTAD DE INGENIERIA Y ARQUITECTURA,DCRH,IM02,INGENIERÍA CIVIL EN MINAS PLAN 2017,3267,QUIMICA GENERAL,10,muy buena profesora explica muy bien los contenido muy preocupada en el ámbito académico de los alumnos.,Positivo,0.9365,Otro,0.9698,No detectado,0.0501,0.0271,0.0237
FACULTAD DE INGENIERIA Y ARQUITECTURA,DCRH,IM02,INGENIERÍA CIVIL EN MINAS PLAN 2017,3267,QUIMICA GENERAL,10,muy buena profesora y con buena disposición a enseñar.,Positivo,0.9717,Alegría,0.9810,No detectado,0.1457,0.0852,0.0626
FACULTAD DE INGENIERIA Y ARQUITECTURA,DCRH,IM02,INGENIERÍA CIVIL EN MINAS PLAN 2017,3267,QUIMICA GENERAL,10,muy buena profesora.,Positivo,0.9694,Alegría,0.9790,No detectado,0.0545,0.0317,0.0282
FACULTAD DE INGENIERIA Y ARQUITECTURA,DCRH,IM02,INGENIERÍA CIVIL EN MINAS PLAN 2017,3267,QUIMICA GENERAL,10,muy buena profesora.,Positivo,0.9694,Alegría,0.9790,No detectado,0.0545,0.0317,0.0282
FACULTAD DE INGENIERIA Y ARQUITECTURA,DCRH,GE02,GEOLOGÍA PLAN 2017,3267,QUIMICA GENERAL,40,muy weno.,Positivo,0.8538,Otro,0.6389,No detectado,0.0329,0.0137,0.0230
FACULTAD DE INGENIERIA Y ARQUITECTURA,DCRH,OB07,INGENIERÍA CIVIL EN OBRAS CIVILES PLAN 2017,3267,QUIMICA GENERAL,40,nada que agregar.,Neutral,0.4990,Otro,0.6519,No detectado,0.0217,0.0132,0.0143
FACULTAD DE INGENIERIA Y ARQUITECTURA,DCRH,IM02,INGENIERÍA CIVIL EN MINAS PLAN 2017,3267,QUIMICA GENERAL,10,nada que agregar.,Neutral,0.4990,Otro,0.6519,No detectado,0.0217,0.0132,0.0143
FACULTAD DE INGENIERIA Y ARQUITECTURA,DCRH,IM02,INGENIERÍA CIVIL EN MINAS PLAN 2017,3267,QUIMICA GENERAL,10,nada que agregar.,Neutral,0.4990,Otro,0.6519,No detectado,0.0217,0.0132,0.0143
FACULTAD DE INGENIERIA Y ARQUITECTURA,DCRH,OB07,INGENIERÍA CIVIL EN OBRAS CIVILES PLAN 2017,3267,QUIMICA GENERAL,40,nada que decir.,Neutral,0.5090,Otro,0.8319,No detectado,0.0262,0.0117,0.0171
FACULTAD DE INGENIERIA Y ARQUITECTURA,DCRH,OB07,INGENIERÍA CIVIL EN OBRAS CIVILES PLAN 2017,3267,QUIMICA GENERAL,40,no lo recomiendo.,Negativo,0.6429,Otro,0.8609,No detectado,0.0188,0.0108,0.0178
FACULTAD DE INGENIERIA Y ARQUITECTURA,DCRH,IM02,INGENIERÍA CIVIL EN MINAS PLAN 2017,3267,QUIMICA GENERAL,10,no tengo comentarios extras.,Neutral,0.6767,Otro,0.9725,No detectado,0.0302,0.0137,0.0205
FACULTAD DE INGENIERIA Y ARQUITECTURA,DCRH,IM02,INGENIERÍA CIVIL EN MINAS PLAN 2017,3267,QUIMICA GENERAL,10,no tengo ningún comentario.,Neutral,0.5273,Otro,0.9924,No detectado,0.0228,0.0095,0.0162
FACULTAD DE INGENIERIA Y ARQUITECTURA,DCRH,IM02,INGENIERÍA CIVIL EN MINAS PLAN 2017,3267,QUIMICA GENERAL,10,se le vio poco.,Neutral,0.4543,Otro,0.7895,No detectado,0.0296,0.0159,0.0171
FACULTAD DE INGENIERIA Y ARQUITECTURA,DCRH,OB07,INGENIERÍA CIVIL EN OBRAS CIVILES PLAN 2017,3267,QUIMICA GENERAL,40,sin comentario.,Neutral,0.5580,Otro,0.9483,No detectado,0.0810,0.0212,0.0381
FACULTAD DE INGENIERIA Y ARQUITECTURA,DCRH,OB07,INGENIERÍA CIVIL EN OBRAS CIVILES PLAN 2017,3267,QUIMICA GENERAL,40,sin comentarios.,Neutral,0.4468,Otro,0.6370,No detectado,0.0500,0.0090,0.0231
FACULTAD DE INGENIERIA Y ARQUITECTURA,DCRH,IM02,INGENIERÍA CIVIL EN MINAS PLAN 2017,3267,QUIMICA GENERAL,10,sin comentarios.,Neutral,0.4468,Otro,0.6370,No detectado,0.0500,0.0090,0.0231
FACULTAD DE INGENIERIA Y ARQUITECTURA,DCRH,OB07,INGENIERÍA CIVIL EN OBRAS CIVILES PLAN 2017,3267,QUIMICA GENERAL,40,sin comentarios.,Neutral,0.4468,Otro,0.6370,No detectado,0.0500,0.0090,0.0231
FACULTAD DE INGENIERIA Y ARQUITECTURA,DCRH,IM02,INGENIERÍA CIVIL EN MINAS PLAN 2017,3267,QUIMICA GENERAL,40,"sin duda muestra el dominio completo en su área y más aún en como enseñar a estudiantes, es una profesora resiliente y metódica, enseña de una o varias maneras un mismo tema si es que no consigue que los estudiantes aprendan. ha sido un gran apoyo para los estudiantes de quí­mica general. es alguien que recomendarí­a de manera inmediata si alguien me pidiera una opinión.",Positivo,0.9515,Otro,0.7825,No detectado,0.0241,0.0082,0.0103
FACULTAD DE INGENIERIA Y ARQUITECTURA,DCRH,OB07,INGENIERÍA CIVIL EN OBRAS CIVILES PLAN 2017,3267,QUIMICA GENERAL,40,"su manera de enseñar y de explicar es muy adecuada y siempre intentando que todos entiendan, siempre esta dispuesta a ayudar a cualquiera con cualquier dificultad.",Positivo,0.9358,Otro,0.7405,No detectado,0.0530,0.0362,0.0214
FACULTAD DE INGENIERIA Y ARQUITECTURA,DCRH,OB07,INGENIERÍA CIVIL EN OBRAS CIVILES PLAN 2017,3267,QUIMICA GENERAL,40,"super buen profesor, comunicativo, muy didáctico y comprensivo.",Positivo,0.9741,Alegría,0.6658,No detectado,0.0117,0.0094,0.0088
FACULTAD DE INGENIERIA Y ARQUITECTURA,VBG,CI02,INGENIERÍA CIVIL INDUSTRIAL (PLAN 2015),58011,SIMULACION,11,buen profesor.,Positivo,0.8798,Alegría,0.6186,No detectado,0.0201,0.0141,0.0145
FACULTAD DE INGENIERIA Y ARQUITECTURA,VBG,CI02,INGENIERÍA CIVIL INDUSTRIAL (PLAN 2015),58011,SIMULACION,10,buen profesor.,Positivo,0.8798,Alegría,0.6186,No detectado,0.0201,0.0141,0.0145
FACULTAD DE INGENIERIA Y ARQUITECTURA,VBG,CI02,INGENIERÍA CIVIL INDUSTRIAL (PLAN 2015),58011,SIMULACION,11,buen profesor.,Positivo,0.8798,Alegría,0.6186,No detectado,0.0201,0.0141,0.0145
FACULTAD DE INGENIERIA Y ARQUITECTURA,VBG,CI02,INGENIERÍA CIVIL INDUSTRIAL (PLAN 2015),58011,SIMULACION,10,buen profesor.,Positivo,0.8798,Alegría,0.6186,No detectado,0.0201,0.0141,0.0145
FACULTAD DE INGENIERIA Y ARQUITECTURA,VBG,CI02,INGENIERÍA CIVIL INDUSTRIAL (PLAN 2015),58011,SIMULACION,11,buenas clases y buena manera de enseñar.,Positivo,0.9646,Alegría,0.9836,No detectado,0.0164,0.0065,0.0103
FACULTAD DE INGENIERIA Y ARQUITECTURA,VBG,CI02,INGENIERÍA CIVIL INDUSTRIAL (PLAN 2015),58011,SIMULACION,11,bueno.,Neutral,0.4849,Otro,0.8337,No detectado,0.0527,0.0147,0.0360
FACULTAD DE INGENIERIA Y ARQUITECTURA,VBG,CI02,INGENIERÍA CIVIL INDUSTRIAL (PLAN 2015),58011,SIMULACION,10,cuide su salud.,Neutral,0.5176,Otro,0.8921,No detectado,0.0311,0.0132,0.0143
FACULTAD DE INGENIERIA Y ARQUITECTURA,VBG,CI02,INGENIERÍA CIVIL INDUSTRIAL (PLAN 2015),58011,SIMULACION,10,es muy lento y fome para enseñar.,Negativo,0.9563,Otro,0.8510,No detectado,0.0184,0.0195,0.0164
FACULTAD DE INGENIERIA Y ARQUITECTURA,VBG,CI02,INGENIERÍA CIVIL INDUSTRIAL (PLAN 2015),58011,SIMULACION,10,excelente profesor pero a veces muy latero.,Negativo,0.7418,Otro,0.9563,No detectado,0.1312,0.0434,0.0640
FACULTAD DE INGENIERIA Y ARQUITECTURA,VBG,CI02,INGENIERÍA CIVIL INDUSTRIAL (PLAN 2015),58011,SIMULACION,11,fome.,Negativo,0.6772,Otro,0.6233,No detectado,0.0625,0.0260,0.0471
FACULTAD DE INGENIERIA Y ARQUITECTURA,VBG,CI02,INGENIERÍA CIVIL INDUSTRIAL (PLAN 2015),58011,SIMULACION,10,"las clases fueorn buenas y interactivas, solo decir que tal ves lo explic todo muy rapido.",Positivo,0.9067,Otro,0.8646,No detectado,0.0401,0.0068,0.0197
FACULTAD DE INGENIERIA Y ARQUITECTURA,VBG,CI02,INGENIERÍA CIVIL INDUSTRIAL (PLAN 2015),58011,SIMULACION,11,mejore su salud.,Neutral,0.4768,Otro,0.8589,No detectado,0.0398,0.0136,0.0168
FACULTAD DE INGENIERIA Y ARQUITECTURA,VBG,CI02,INGENIERÍA CIVIL INDUSTRIAL (PLAN 2015),58011,SIMULACION,11,no.,Neutral,0.4675,Otro,0.5628,No detectado,0.0628,0.0154,0.0316
FACULTAD DE INGENIERIA Y ARQUITECTURA,VBG,CI02,INGENIERÍA CIVIL INDUSTRIAL (PLAN 2015),58011,SIMULACION,10,no.,Neutral,0.4675,Otro,0.5628,No detectado,0.0628,0.0154,0.0316
FACULTAD DE INGENIERIA Y ARQUITECTURA,VBG,CI02,INGENIERÍA CIVIL INDUSTRIAL (PLAN 2015),58011,SIMULACION,10,no se.,Neutral,0.5551,Otro,0.9007,No detectado,0.0652,0.0270,0.0393
FACULTAD DE INGENIERIA Y ARQUITECTURA,VBG,CI02,INGENIERÍA CIVIL INDUSTRIAL (PLAN 2015),58011,SIMULACION,11,"profesor muy lento para hablar, da sueño.",Negativo,0.9738,Otro,0.9673,No detectado,0.0296,0.0116,0.0168
FACULTAD DE INGENIERIA Y ARQUITECTURA,VBG,CI02,INGENIERÍA CIVIL INDUSTRIAL (PLAN 2015),58011,SIMULACION,11,utilizar el aula más seguido.,Neutral,0.8035,Otro,0.9928,No detectado,0.0313,0.0079,0.0130
FACULTAD DE INGENIERIA Y ARQUITECTURA,VBG,CI02,INGENIERÍA CIVIL INDUSTRIAL (PLAN 2015),58011,SIMULACION,10,utilizar el aula más seguido.,Neutral,0.8035,Otro,0.9928,No detectado,0.0313,0.0079,0.0130
FACULTAD DE INGENIERIA Y ARQUITECTURA,URG,AR03,ARQUITECTURA PLAN 2015,11010,DIBUJO DE ARQUITECTURA,10,"a mi parecer el profesor uwe, enseña de buena manera para que el estudiante logre aprender.",Positivo,0.9178,Otro,0.9942,No detectado,0.0177,0.0078,0.0084
FACULTAD DE INGENIERIA Y ARQUITECTURA,URG,AR03,ARQUITECTURA PLAN 2015,11010,DIBUJO DE ARQUITECTURA,10,buen profesor.,Positivo,0.8798,Alegría,0.6186,No detectado,0.0201,0.0141,0.0145
FACULTAD DE INGENIERIA Y ARQUITECTURA,URG,AR03,ARQUITECTURA PLAN 2015,11010,DIBUJO DE ARQUITECTURA,10,buen profesor.,Positivo,0.8798,Alegría,0.6186,No detectado,0.0201,0.0141,0.0145
FACULTAD DE INGENIERIA Y ARQUITECTURA,URG,AR03,ARQUITECTURA PLAN 2015,11010,DIBUJO DE ARQUITECTURA,10,buen profesor.,Positivo,0.8798,Alegría,0.6186,No detectado,0.0201,0.0141,0.0145
FACULTAD DE INGENIERIA Y ARQUITECTURA,URG,AR03,ARQUITECTURA PLAN 2015,11010,DIBUJO DE ARQUITECTURA,10,"considero al profesor uwe además de gran profesor, también gran persona, me gustó mucho que cada vez que nos enseñaba nos inculcaba la importancia de la vivienda digna. también es muy comprensivo, y por lo mismo que mencioné anteriormente, considero una gran persona, ya que pude compartir varios temas junto a él además de la asignatura misma, es muy evidente que sabe de lo que habla y que inspira mucho su forma de ser y conocimiento.",Positivo,0.9740,Alegría,0.7358,No detectado,0.0083,0.0073,0.0066
FACULTAD DE INGENIERIA Y ARQUITECTURA,URG,AR03,ARQUITECTURA PLAN 2015,11010,DIBUJO DE ARQUITECTURA,10,"creo que es un buen profesor y que realmente esta interesado en enseñar y se nota que lo hace con mucho gusto, siempre esta pendiente de todo y se preocupa de que todos entiendan, también genera el interés hacia la clase y creo que eso es bastante valioso.",Positivo,0.9697,Alegría,0.8163,No detectado,0.0115,0.0078,0.0069
FACULTAD DE INGENIERIA Y ARQUITECTURA,URG,AR03,ARQUITECTURA PLAN 2015,11010,DIBUJO DE ARQUITECTURA,10,"el profesor comparte conocimientos haciendo que sea más fácil entender el encargado, o de que se tratará, eso a mí parecer ayuda mucho a los de primero año.",Positivo,0.6544,Otro,0.9946,No detectado,0.0147,0.0063,0.0079
FACULTAD DE INGENIERIA Y ARQUITECTURA,URG,AR03,ARQUITECTURA PLAN 2015,11010,DIBUJO DE ARQUITECTURA,10,"el profesor en si hace bien la clase, pero no es un profesor con el que puedas aprender, si es que quieres saber sobre el dibujo. si te responde las dudas o consultas que tengas.",Neutral,0.8063,Otro,0.9971,No detectado,0.0165,0.0051,0.0080
FACULTAD DE INGENIERIA Y ARQUITECTURA,URG,AR03,ARQUITECTURA PLAN 2015,11010,DIBUJO DE ARQUITECTURA,10,el profesor era muy comprensivo y amable con los estudiantes lo único es que algunos resultados de noas no me quedaron claro con el desempeño realizados.,Neutral,0.5015,Otro,0.9758,No detectado,0.0174,0.0074,0.0098
FACULTAD DE INGENIERIA Y ARQUITECTURA,URG,AR03,ARQUITECTURA PLAN 2015,11010,DIBUJO DE ARQUITECTURA,10,"el trabajo en clases resulta agradable y comodo, las correcciones son precisas y comprensibles.",Positivo,0.9412,Otro,0.8657,No detectado,0.0502,0.0044,0.0146
FACULTAD DE INGENIERIA Y ARQUITECTURA,URG,AR03,ARQUITECTURA PLAN 2015,11010,DIBUJO DE ARQUITECTURA,10,en general es un buen profesor y aprende­ mucho en sus clases.,Positivo,0.9700,Otro,0.9098,No detectado,0.0118,0.0094,0.0083
FACULTAD DE INGENIERIA Y ARQUITECTURA,URG,AR03,ARQUITECTURA PLAN 2015,11010,DIBUJO DE ARQUITECTURA,10,"es un muy buen profesor, tiene mucha paciencia con sus alumnos de primer año y es muy dedicado.",Positivo,0.9717,Otro,0.5179,No detectado,0.0093,0.0098,0.0071
FACULTAD DE INGENIERIA Y ARQUITECTURA,URG,AR03,ARQUITECTURA PLAN 2015,11010,DIBUJO DE ARQUITECTURA,10,es un profesor al que se le nota que es apasionado por lo que hace.,Positivo,0.9659,Otro,0.7027,No detectado,0.0106,0.0087,0.0062
FACULTAD DE INGENIERIA Y ARQUITECTURA,URG,AR03,ARQUITECTURA PLAN 2015,11010,DIBUJO DE ARQUITECTURA,10,"me facilita entender en la manera que tiene de explicar las tareas, es un buen profesor.",Positivo,0.9712,Otro,0.6477,No detectado,0.0117,0.0092,0.0073
FACULTAD DE INGENIERIA Y ARQUITECTURA,URG,AR03,ARQUITECTURA PLAN 2015,11010,DIBUJO DE ARQUITECTURA,10,me gustó mucho haberme encontrado con un profesor con tanto amor a la docencia.,Positivo,0.9700,Alegría,0.9935,No detectado,0.0113,0.0077,0.0065
FACULTAD DE INGENIERIA Y ARQUITECTURA,URG,AR03,ARQUITECTURA PLAN 2015,11010,DIBUJO DE ARQUITECTURA,10,"me parece un profesor fantastico, que sin ninguna duda escogerí­a denuevo al profesor.",Positivo,0.9550,Otro,0.9081,No detectado,0.0098,0.0080,0.0070
FACULTAD DE INGENIERIA Y ARQUITECTURA,URG,AR03,ARQUITECTURA PLAN 2015,11010,DIBUJO DE ARQUITECTURA,10,muy buen profesor.,Positivo,0.9677,Alegría,0.9051,No detectado,0.0123,0.0104,0.0094
FACULTAD DE INGENIERIA Y ARQUITECTURA,URG,AR03,ARQUITECTURA PLAN 2015,11010,DIBUJO DE ARQUITECTURA,10,muy buen profesor.,Positivo,0.9677,Alegría,0.9051,No detectado,0.0123,0.0104,0.0094
FACULTAD DE INGENIERIA Y ARQUITECTURA,URG,AR03,ARQUITECTURA PLAN 2015,11010,DIBUJO DE ARQUITECTURA,10,muy buen profesor. tiene muy bien merecido ser decano de la carrera.,Positivo,0.9712,Alegría,0.6015,No detectado,0.0110,0.0091,0.0065
FACULTAD DE INGENIERIA Y ARQUITECTURA,URG,AR03,ARQUITECTURA PLAN 2015,11010,DIBUJO DE ARQUITECTURA,10,muy bueno.,Positivo,0.8803,Alegría,0.9013,No detectado,0.0337,0.0171,0.0277
FACULTAD DE INGENIERIA Y ARQUITECTURA,URG,AR03,ARQUITECTURA PLAN 2015,11010,DIBUJO DE ARQUITECTURA,10,ningun comentario.,Neutral,0.5792,Otro,0.9577,No detectado,0.0704,0.0233,0.0396
FACULTAD DE INGENIERIA Y ARQUITECTURA,URG,AR03,ARQUITECTURA PLAN 2015,11010,DIBUJO DE ARQUITECTURA,10,realmente un profesor muy comprensivo y muy agradable sus clases y forma de expresarse!!.,Positivo,0.9810,Alegría,0.9769,No detectado,0.0078,0.0078,0.0074
FACULTAD DE INGENIERIA Y ARQUITECTURA,URG,AR03,ARQUITECTURA PLAN 2015,11010,DIBUJO DE ARQUITECTURA,10,uwe es un profesor con mucha paciencia y respeto por los estudiantes.,Positivo,0.9641,Otro,0.9517,No detectado,0.0153,0.0084,0.0076
FACULTAD DE INGENIERIA Y ARQUITECTURA,SRZA,IMS1,INGENIERIA CIVIL EN MINAS LA SERENA,14700,INTRODUCCION A LA FISICA,211,Profesor al igual comprometido no puedo dar un catalogo tan extenso ya que fue poco lo que mantuve un lazo con el pero sin ninguna queja por el estilo.,Neutral,0.8744,Otro,0.9935,No detectado,0.0149,0.0069,0.0086
FACULTAD DE INGENIERIA Y ARQUITECTURA,SRZA,CI03,INGENIERÍA CIVIL INDUSTRIAL (LA SERENA),58000,INTRODUCCION A LAS MATEMATICAS,231,a mi criterio el profesor pescaba mas a las mujeres que a los hombres pero en general bien.,Neutral,0.6712,Otro,0.9776,Odio,0.5548,0.0085,0.0806
FACULTAD DE INGENIERIA Y ARQUITECTURA,SRZA,CI03,INGENIERÍA CIVIL INDUSTRIAL (LA SERENA),3327,CALCULO III,211,bien.,Positivo,0.7325,Alegría,0.8209,No detectado,0.0506,0.0188,0.0390
FACULTAD DE INGENIERIA Y ARQUITECTURA,SRZA,CI03,INGENIERÍA CIVIL INDUSTRIAL (LA SERENA),3327,CALCULO III,210,bien.,Positivo,0.7325,Alegría,0.8209,No detectado,0.0506,0.0188,0.0390
FACULTAD DE INGENIERIA Y ARQUITECTURA,SRZA,CI03,INGENIERÍA CIVIL INDUSTRIAL (LA SERENA),3333,ECUACIONES DIFERENCIALES,211,bien.,Positivo,0.7325,Alegría,0.8209,No detectado,0.0506,0.0188,0.0390
FACULTAD DE INGENIERIA Y ARQUITECTURA,SRZA,CI03,INGENIERÍA CIVIL INDUSTRIAL (LA SERENA),3333,ECUACIONES DIFERENCIALES,210,bien.,Positivo,0.7325,Alegría,0.8209,No detectado,0.0506,0.0188,0.0390
FACULTAD DE INGENIERIA Y ARQUITECTURA,SRZA,IMS1,INGENIERIA CIVIL EN MINAS LA SERENA,14700,INTRODUCCION A LA FISICA,211,bien.,Positivo,0.7325,Alegría,0.8209,No detectado,0.0506,0.0188,0.0390
FACULTAD DE INGENIERIA Y ARQUITECTURA,SRZA,IMS1,INGENIERIA CIVIL EN MINAS LA SERENA,58000,INTRODUCCION A LAS MATEMATICAS,231,bien.,Positivo,0.7325,Alegría,0.8209,No detectado,0.0506,0.0188,0.0390
FACULTAD DE INGENIERIA Y ARQUITECTURA,SRZA,CI03,INGENIERÍA CIVIL INDUSTRIAL (LA SERENA),3327,CALCULO III,211,buen profesor.,Positivo,0.8798,Alegría,0.6186,No detectado,0.0201,0.0141,0.0145
FACULTAD DE INGENIERIA Y ARQUITECTURA,SRZA,CI03,INGENIERÍA CIVIL INDUSTRIAL (LA SERENA),3327,CALCULO III,210,buen profesor.,Positivo,0.8798,Alegría,0.6186,No detectado,0.0201,0.0141,0.0145
FACULTAD DE INGENIERIA Y ARQUITECTURA,SRZA,CI03,INGENIERÍA CIVIL INDUSTRIAL (LA SERENA),3327,CALCULO III,211,buen profesor.,Positivo,0.8798,Alegría,0.6186,No detectado,0.0201,0.0141,0.0145
FACULTAD DE INGENIERIA Y ARQUITECTURA,SRZA,CI03,INGENIERÍA CIVIL INDUSTRIAL (LA SERENA),3327,CALCULO III,210,buen profesor.,Positivo,0.8798,Alegría,0.6186,No detectado,0.0201,0.0141,0.0145
FACULTAD DE INGENIERIA Y ARQUITECTURA,SRZA,CI03,INGENIERÍA CIVIL INDUSTRIAL (LA SERENA),3327,CALCULO III,211,buen profesor.,Positivo,0.8798,Alegría,0.6186,No detectado,0.0201,0.0141,0.0145
FACULTAD DE INGENIERIA Y ARQUITECTURA,SRZA,CI03,INGENIERÍA CIVIL INDUSTRIAL (LA SERENA),3327,CALCULO III,210,buen profesor.,Positivo,0.8798,Alegría,0.6186,No detectado,0.0201,0.0141,0.0145
FACULTAD DE INGENIERIA Y ARQUITECTURA,SRZA,IMS1,INGENIERIA CIVIL EN MINAS LA SERENA,3327,CALCULO III,211,buen profesor.,Positivo,0.8798,Alegría,0.6186,No detectado,0.0201,0.0141,0.0145
FACULTAD DE INGENIERIA Y ARQUITECTURA,SRZA,IC06,INGENIERÍA CIVIL EN COMPUTACIÓN E INFORMÁTICA (LA SERENA),3327,CALCULO III,211,buen profesor.,Positivo,0.8798,Alegría,0.6186,No detectado,0.0201,0.0141,0.0145
FACULTAD DE INGENIERIA Y ARQUITECTURA,SRZA,IC06,INGENIERÍA CIVIL EN COMPUTACIÓN E INFORMÁTICA (LA SERENA),3327,CALCULO III,210,buen profesor.,Positivo,0.8798,Alegría,0.6186,No detectado,0.0201,0.0141,0.0145
FACULTAD DE INGENIERIA Y ARQUITECTURA,SRZA,IC06,INGENIERÍA CIVIL EN COMPUTACIÓN E INFORMÁTICA (LA SERENA),3327,CALCULO III,211,buen profesor.,Positivo,0.8798,Alegría,0.6186,No detectado,0.0201,0.0141,0.0145
FACULTAD DE INGENIERIA Y ARQUITECTURA,SRZA,IC06,INGENIERÍA CIVIL EN COMPUTACIÓN E INFORMÁTICA (LA SERENA),3327,CALCULO III,210,buen profesor.,Positivo,0.8798,Alegría,0.6186,No detectado,0.0201,0.0141,0.0145
FACULTAD DE INGENIERIA Y ARQUITECTURA,SRZA,CI03,INGENIERÍA CIVIL INDUSTRIAL (LA SERENA),3333,ECUACIONES DIFERENCIALES,211,buen profesor.,Positivo,0.8798,Alegría,0.6186,No detectado,0.0201,0.0141,0.0145
FACULTAD DE INGENIERIA Y ARQUITECTURA,SRZA,CI03,INGENIERÍA CIVIL INDUSTRIAL (LA SERENA),3333,ECUACIONES DIFERENCIALES,210,buen profesor.,Positivo,0.8798,Alegría,0.6186,No detectado,0.0201,0.0141,0.0145
FACULTAD DE INGENIERIA Y ARQUITECTURA,SRZA,CI03,INGENIERÍA CIVIL INDUSTRIAL (LA SERENA),3333,ECUACIONES DIFERENCIALES,211,buen profesor.,Positivo,0.8798,Alegría,0.6186,No detectado,0.0201,0.0141,0.0145
FACULTAD DE INGENIERIA Y ARQUITECTURA,SRZA,CI03,INGENIERÍA CIVIL INDUSTRIAL (LA SERENA),3333,ECUACIONES DIFERENCIALES,210,buen profesor.,Positivo,0.8798,Alegría,0.6186,No detectado,0.0201,0.0141,0.0145
FACULTAD DE INGENIERIA Y ARQUITECTURA,SRZA,IMS1,INGENIERIA CIVIL EN MINAS LA SERENA,3333,ECUACIONES DIFERENCIALES,210,buen profesor.,Positivo,0.8798,Alegría,0.6186,No detectado,0.0201,0.0141,0.0145
FACULTAD DE INGENIERIA Y ARQUITECTURA,SRZA,IC06,INGENIERÍA CIVIL EN COMPUTACIÓN E INFORMÁTICA (LA SERENA),3333,ECUACIONES DIFERENCIALES,211,buen profesor.,Positivo,0.8798,Alegría,0.6186,No detectado,0.0201,0.0141,0.0145
FACULTAD DE INGENIERIA Y ARQUITECTURA,SRZA,IC06,INGENIERÍA CIVIL EN COMPUTACIÓN E INFORMÁTICA (LA SERENA),3333,ECUACIONES DIFERENCIALES,210,buen profesor.,Positivo,0.8798,Alegría,0.6186,No detectado,0.0201,0.0141,0.0145
FACULTAD DE INGENIERIA Y ARQUITECTURA,SRZA,IC06,INGENIERÍA CIVIL EN COMPUTACIÓN E INFORMÁTICA (LA SERENA),3333,ECUACIONES DIFERENCIALES,211,buen profesor.,Positivo,0.8798,Alegría,0.6186,No detectado,0.0201,0.0141,0.0145
FACULTAD DE INGENIERIA Y ARQUITECTURA,SRZA,IC06,INGENIERÍA CIVIL EN COMPUTACIÓN E INFORMÁTICA (LA SERENA),3333,ECUACIONES DIFERENCIALES,210,buen profesor.,Positivo,0.8798,Alegría,0.6186,No detectado,0.0201,0.0141,0.0145
FACULTAD DE INGENIERIA Y ARQUITECTURA,SRZA,CI03,INGENIERÍA CIVIL INDUSTRIAL (LA SERENA),14700,INTRODUCCION A LA FISICA,212,buen profesor.,Positivo,0.8798,Alegría,0.6186,No detectado,0.0201,0.0141,0.0145
FACULTAD DE INGENIERIA Y ARQUITECTURA,SRZA,CI03,INGENIERÍA CIVIL INDUSTRIAL (LA SERENA),14700,INTRODUCCION A LA FISICA,212,buen profesor.,Positivo,0.8798,Alegría,0.6186,No detectado,0.0201,0.0141,0.0145
FACULTAD DE INGENIERIA Y ARQUITECTURA,SRZA,CI03,INGENIERÍA CIVIL INDUSTRIAL (LA SERENA),14700,INTRODUCCION A LA FISICA,211,buen profesor.,Positivo,0.8798,Alegría,0.6186,No detectado,0.0201,0.0141,0.0145
FACULTAD DE INGENIERIA Y ARQUITECTURA,SRZA,CI03,INGENIERÍA CIVIL INDUSTRIAL (LA SERENA),14700,INTRODUCCION A LA FISICA,211,buen profesor.,Positivo,0.8798,Alegría,0.6186,No detectado,0.0201,0.0141,0.0145
FACULTAD DE INGENIERIA Y ARQUITECTURA,SRZA,CI03,INGENIERÍA CIVIL INDUSTRIAL (LA SERENA),58000,INTRODUCCION A LAS MATEMATICAS,231,buen profesor.,Positivo,0.8798,Alegría,0.6186,No detectado,0.0201,0.0141,0.0145
FACULTAD DE INGENIERIA Y ARQUITECTURA,SRZA,CI03,INGENIERÍA CIVIL INDUSTRIAL (LA SERENA),3327,CALCULO III,211,buen profesor.,Positivo,0.8798,Alegría,0.6186,No detectado,0.0201,0.0141,0.0145
FACULTAD DE INGENIERIA Y ARQUITECTURA,SRZA,CI03,INGENIERÍA CIVIL INDUSTRIAL (LA SERENA),3327,CALCULO III,210,buen profesor.,Positivo,0.8798,Alegría,0.6186,No detectado,0.0201,0.0141,0.0145
FACULTAD DE INGENIERIA Y ARQUITECTURA,SRZA,IMS1,INGENIERIA CIVIL EN MINAS LA SERENA,3327,CALCULO III,211,buen profesor.,Positivo,0.8798,Alegría,0.6186,No detectado,0.0201,0.0141,0.0145
FACULTAD DE INGENIERIA Y ARQUITECTURA,SRZA,IMS1,INGENIERIA CIVIL EN MINAS LA SERENA,3327,CALCULO III,210,buen profesor.,Positivo,0.8798,Alegría,0.6186,No detectado,0.0201,0.0141,0.0145
FACULTAD DE INGENIERIA Y ARQUITECTURA,SRZA,IMS1,INGENIERIA CIVIL EN MINAS LA SERENA,3327,CALCULO III,210,buen profesor.,Positivo,0.8798,Alegría,0.6186,No detectado,0.0201,0.0141,0.0145
FACULTAD DE INGENIERIA Y ARQUITECTURA,SRZA,IMS1,INGENIERIA CIVIL EN MINAS LA SERENA,3327,CALCULO III,211,buen profesor.,Positivo,0.8798,Alegría,0.6186,No detectado,0.0201,0.0141,0.0145
FACULTAD DE INGENIERIA Y ARQUITECTURA,SRZA,IMS1,INGENIERIA CIVIL EN MINAS LA SERENA,3327,CALCULO III,210,buen profesor.,Positivo,0.8798,Alegría,0.6186,No detectado,0.0201,0.0141,0.0145
FACULTAD DE INGENIERIA Y ARQUITECTURA,SRZA,CI03,INGENIERÍA CIVIL INDUSTRIAL (LA SERENA),3333,ECUACIONES DIFERENCIALES,211,buen profesor.,Positivo,0.8798,Alegría,0.6186,No detectado,0.0201,0.0141,0.0145
FACULTAD DE INGENIERIA Y ARQUITECTURA,SRZA,CI03,INGENIERÍA CIVIL INDUSTRIAL (LA SERENA),3333,ECUACIONES DIFERENCIALES,210,buen profesor.,Positivo,0.8798,Alegría,0.6186,No detectado,0.0201,0.0141,0.0145
FACULTAD DE INGENIERIA Y ARQUITECTURA,SRZA,CI03,INGENIERÍA CIVIL INDUSTRIAL (LA SERENA),3333,ECUACIONES DIFERENCIALES,211,buen profesor.,Positivo,0.8798,Alegría,0.6186,No detectado,0.0201,0.0141,0.0145
FACULTAD DE INGENIERIA Y ARQUITECTURA,SRZA,CI03,INGENIERÍA CIVIL INDUSTRIAL (LA SERENA),3333,ECUACIONES DIFERENCIALES,210,buen profesor.,Positivo,0.8798,Alegría,0.6186,No detectado,0.0201,0.0141,0.0145
FACULTAD DE INGENIERIA Y ARQUITECTURA,SRZA,IMS1,INGENIERIA CIVIL EN MINAS LA SERENA,14700,INTRODUCCION A LA FISICA,211,buen profesor.,Positivo,0.8798,Alegría,0.6186,No detectado,0.0201,0.0141,0.0145
FACULTAD DE INGENIERIA Y ARQUITECTURA,SRZA,IMS1,INGENIERIA CIVIL EN MINAS LA SERENA,58000,INTRODUCCION A LAS MATEMATICAS,231,buen profesor.,Positivo,0.8798,Alegría,0.6186,No detectado,0.0201,0.0141,0.0145
FACULTAD DE INGENIERIA Y ARQUITECTURA,SRZA,IC06,INGENIERÍA CIVIL EN COMPUTACIÓN E INFORMÁTICA (LA SERENA),58000,INTRODUCCION A LAS MATEMATICAS,231,buen profesor con el cual se logra desarrollar de mejor manera los ejercicios.,Positivo,0.9565,Otro,0.6479,No detectado,0.0202,0.0059,0.0094
FACULTAD DE INGENIERIA Y ARQUITECTURA,SRZA,IMS1,INGENIERIA CIVIL EN MINAS LA SERENA,58000,INTRODUCCION A LAS MATEMATICAS,231,buen profesor nada que comentar.,Positivo,0.8052,Otro,0.9777,No detectado,0.0150,0.0131,0.0104
FACULTAD DE INGENIERIA Y ARQUITECTURA,SRZA,IC06,INGENIERÍA CIVIL EN COMPUTACIÓN E INFORMÁTICA (LA SERENA),14700,INTRODUCCION A LA FISICA,211,"buen profesor, aunque a veces no se entendían los objetivos y tareas de los trabajos.",Positivo,0.5126,Otro,0.9758,No detectado,0.0165,0.0066,0.0112
FACULTAD DE INGENIERIA Y ARQUITECTURA,SRZA,CI03,INGENIERÍA CIVIL INDUSTRIAL (LA SERENA),14700,INTRODUCCION A LA FISICA,211,"buen profesor, cosa que el decí­a cosa que entendía a diferencia de otras veces.",Positivo,0.6800,Otro,0.9880,No detectado,0.0196,0.0089,0.0115
FACULTAD DE INGENIERIA Y ARQUITECTURA,SRZA,CI03,INGENIERÍA CIVIL INDUSTRIAL (LA SERENA),14700,INTRODUCCION A LA FISICA,212,"buen profesor, explica bien.",Positivo,0.9603,Otro,0.7942,No detectado,0.0160,0.0115,0.0107
FACULTAD DE INGENIERIA Y ARQUITECTURA,SRZA,IMS1,INGENIERIA CIVIL EN MINAS LA SERENA,58000,INTRODUCCION A LAS MATEMATICAS,231,"buen profesor, explica claramente.",Positivo,0.9548,Otro,0.9089,No detectado,0.0139,0.0091,0.0083
FACULTAD DE INGENIERIA Y ARQUITECTURA,SRZA,IMS1,INGENIERIA CIVIL EN MINAS LA SERENA,58000,INTRODUCCION A LAS MATEMATICAS,231,"buena clase, realmente me funciona bastante para reforzar matematicas ya que en la clase de matematicas no se suelen explicar bien la materia y ni siquiera en resolver dudas haciendo esta clase una gran herramienta para reforzar.",Positivo,0.8741,Otro,0.9719,No detectado,0.0221,0.0058,0.0118
FACULTAD DE INGENIERIA Y ARQUITECTURA,SRZA,IMS1,INGENIERIA CIVIL EN MINAS LA SERENA,3327,CALCULO III,210,"buena enseñanza y harta paciencia, un ejemplo de profesor.",Positivo,0.9687,Alegría,0.9955,No detectado,0.0093,0.0104,0.0078
FACULTAD DE INGENIERIA Y ARQUITECTURA,SRZA,CI03,INGENIERÍA CIVIL INDUSTRIAL (LA SERENA),3327,CALCULO III,211,bueno.,Neutral,0.4849,Otro,0.8337,No detectado,0.0527,0.0147,0.0360
FACULTAD DE INGENIERIA Y ARQUITECTURA,SRZA,CI03,INGENIERÍA CIVIL INDUSTRIAL (LA SERENA),3327,CALCULO III,210,bueno.,Neutral,0.4849,Otro,0.8337,No detectado,0.0527,0.0147,0.0360
FACULTAD DE INGENIERIA Y ARQUITECTURA,SRZA,CI03,INGENIERÍA CIVIL INDUSTRIAL (LA SERENA),58000,INTRODUCCION A LAS MATEMATICAS,231,busca resolver todas las dudas y enseñar de forma clara.,Neutral,0.5271,Otro,0.9936,No detectado,0.0199,0.0084,0.0105
FACULTAD DE INGENIERIA Y ARQUITECTURA,SRZA,CI03,INGENIERÍA CIVIL INDUSTRIAL (LA SERENA),14700,INTRODUCCION A LA FISICA,212,con buena disposición a explicar en cada laboratorio.,Positivo,0.6809,Otro,0.9877,No detectado,0.0221,0.0070,0.0086
FACULTAD DE INGENIERIA Y ARQUITECTURA,SRZA,CI03,INGENIERÍA CIVIL INDUSTRIAL (LA SERENA),14700,INTRODUCCION A LA FISICA,212,"el docente cumple satisfactoriamente con los parametros de enseñanza que se intento implementar en este semestre, y dejo una buena impresion de la asignatura.",Positivo,0.9574,Alegría,0.9480,No detectado,0.0176,0.0083,0.0086
FACULTAD DE INGENIERIA Y ARQUITECTURA,SRZA,IMS1,INGENIERIA CIVIL EN MINAS LA SERENA,3327,CALCULO III,211,"el mejor profesor, explica super bien todo.",Positivo,0.9779,Alegría,0.8993,No detectado,0.0106,0.0088,0.0079
FACULTAD DE INGENIERIA Y ARQUITECTURA,SRZA,IC06,INGENIERÍA CIVIL EN COMPUTACIÓN E INFORMÁTICA (LA SERENA),3327,CALCULO III,211,el mejor profesor que e tenido.,Positivo,0.9516,Alegría,0.9196,No detectado,0.0112,0.0107,0.0078
FACULTAD DE INGENIERIA Y ARQUITECTURA,SRZA,IC06,INGENIERÍA CIVIL EN COMPUTACIÓN E INFORMÁTICA (LA SERENA),3327,CALCULO III,210,el mejor profesor que e tenio hasta el momento.,Positivo,0.9089,Otro,0.6208,No detectado,0.0091,0.0078,0.0065
FACULTAD DE INGENIERIA Y ARQUITECTURA,SRZA,IMS1,INGENIERIA CIVIL EN MINAS LA SERENA,3327,CALCULO III,210,el mejor profesor que he tenido.,Positivo,0.9552,Alegría,0.9549,No detectado,0.0101,0.0100,0.0074
FACULTAD DE INGENIERIA Y ARQUITECTURA,SRZA,IC06,INGENIERÍA CIVIL EN COMPUTACIÓN E INFORMÁTICA (LA SERENA),14700,INTRODUCCION A LA FISICA,211,"el profesor asumí­a que habí­a conocimiento pleno en los contenidos, por lo que explicaba por encima los trabajos y dejaba a los estudiantes únicamente trabajando, para los informes tampoco entregaba el formato en el que los quería.",Negativo,0.5402,Otro,0.9914,No detectado,0.0322,0.0050,0.0164
FACULTAD DE INGENIERIA Y ARQUITECTURA,SRZA,IC06,INGENIERÍA CIVIL EN COMPUTACIÓN E INFORMÁTICA (LA SERENA),58000,INTRODUCCION A LAS MATEMATICAS,231,"el profesor ayuda y explica de manera calmada y tranquila a los estudiantes, la mayor parte del tiempo cumplió con el rol de ejercitación, el único aspecto negativo de la asignatura es la falta de comunicación entre lo teórico y el ejercitarlo.",Negativo,0.4836,Otro,0.9901,No detectado,0.0194,0.0057,0.0092
FACULTAD DE INGENIERIA Y ARQUITECTURA,SRZA,IMS1,INGENIERIA CIVIL EN MINAS LA SERENA,14700,INTRODUCCION A LA FISICA,211,el profesor entrega actividades para desarrollar el laboratorio final del semestre al cual no realiza la clase de explicación y solo nos deja con la guí­a del tema teórico y solo terminamos trabajando con la guía sin ninguna explicación por parte del profesor.,Negativo,0.9007,Otro,0.9941,No detectado,0.0358,0.0086,0.0177
FACULTAD DE INGENIERIA Y ARQUITECTURA,SRZA,CI03,INGENIERÍA CIVIL INDUSTRIAL (LA SERENA),14700,INTRODUCCION A LA FISICA,211,el profesor explica muy bien la asignatura.,Positivo,0.9434,Otro,0.9951,No detectado,0.0226,0.0090,0.0087
FACULTAD DE INGENIERIA Y ARQUITECTURA,SRZA,CI03,INGENIERÍA CIVIL INDUSTRIAL (LA SERENA),14700,INTRODUCCION A LA FISICA,212,"el profesor explica super bien su materia, te explica si no entiendes.",Negativo,0.5606,Otro,0.9933,No detectado,0.0193,0.0085,0.0103
FACULTAD DE INGENIERIA Y ARQUITECTURA,SRZA,CI03,INGENIERÍA CIVIL INDUSTRIAL (LA SERENA),58000,INTRODUCCION A LAS MATEMATICAS,231,enseña bien.,Positivo,0.6398,Otro,0.5826,No detectado,0.0443,0.0204,0.0361
FACULTAD DE INGENIERIA Y ARQUITECTURA,SRZA,IC06,INGENIERÍA CIVIL EN COMPUTACIÓN E INFORMÁTICA (LA SERENA),58000,INTRODUCCION A LAS MATEMATICAS,231,es un buen profesor.,Positivo,0.9536,Otro,0.9379,No detectado,0.0156,0.0106,0.0089
FACULTAD DE INGENIERIA Y ARQUITECTURA,SRZA,CI03,INGENIERÍA CIVIL INDUSTRIAL (LA SERENA),14700,INTRODUCCION A LA FISICA,212,es un buen profesor solo que senti que los que no sabiamos nos pudo haber dado consejos o enseñarnos de alguna manera u poco mas basica para introducirnos en la materia.,Positivo,0.4986,Otro,0.9800,No detectado,0.0225,0.0091,0.0111
FACULTAD DE INGENIERIA Y ARQUITECTURA,SRZA,IMS1,INGENIERIA CIVIL EN MINAS LA SERENA,14700,INTRODUCCION A LA FISICA,211,es un excelente profesor.,Positivo,0.9733,Otro,0.8744,No detectado,0.0116,0.0095,0.0075
FACULTAD DE INGENIERIA Y ARQUITECTURA,SRZA,IC06,INGENIERÍA CIVIL EN COMPUTACIÓN E INFORMÁTICA (LA SERENA),58000,INTRODUCCION A LAS MATEMATICAS,231,"es una persona muy agradable al igual que sus clases, presenta una muy buena disposición a enseñar en esta asignatura.",Positivo,0.9756,Alegría,0.9323,No detectado,0.0114,0.0078,0.0067
FACULTAD DE INGENIERIA Y ARQUITECTURA,SRZA,IC06,INGENIERÍA CIVIL EN COMPUTACIÓN E INFORMÁTICA (LA SERENA),58000,INTRODUCCION A LAS MATEMATICAS,231,estuvo bien.,Positivo,0.8318,Otro,0.7163,No detectado,0.0630,0.0275,0.0503
FACULTAD DE INGENIERIA Y ARQUITECTURA,SRZA,CI03,INGENIERÍA CIVIL INDUSTRIAL (LA SERENA),3327,CALCULO III,211,excelente.,Positivo,0.8434,Alegría,0.9649,No detectado,0.0368,0.0149,0.0255
FACULTAD DE INGENIERIA Y ARQUITECTURA,SRZA,CI03,INGENIERÍA CIVIL INDUSTRIAL (LA SERENA),3327,CALCULO III,210,excelente.,Positivo,0.8434,Alegría,0.9649,No detectado,0.0368,0.0149,0.0255
FACULTAD DE INGENIERIA Y ARQUITECTURA,SRZA,IMS1,INGENIERIA CIVIL EN MINAS LA SERENA,58000,INTRODUCCION A LAS MATEMATICAS,231,excelente.,Positivo,0.8434,Alegría,0.9649,No detectado,0.0368,0.0149,0.0255
FACULTAD DE INGENIERIA Y ARQUITECTURA,SRZA,IMS1,INGENIERIA CIVIL EN MINAS LA SERENA,3327,CALCULO III,211,excelente profesor.,Positivo,0.9060,Alegría,0.9409,No detectado,0.0124,0.0121,0.0102
FACULTAD DE INGENIERIA Y ARQUITECTURA,SRZA,IMS1,INGENIERIA CIVIL EN MINAS LA SERENA,3327,CALCULO III,210,excelente profesor.,Positivo,0.9060,Alegría,0.9409,No detectado,0.0124,0.0121,0.0102
FACULTAD DE INGENIERIA Y ARQUITECTURA,SRZA,IMS1,INGENIERIA CIVIL EN MINAS LA SERENA,3327,CALCULO III,210,excelente profesor.,Positivo,0.9060,Alegría,0.9409,No detectado,0.0124,0.0121,0.0102
FACULTAD DE INGENIERIA Y ARQUITECTURA,SRZA,IMS1,INGENIERIA CIVIL EN MINAS LA SERENA,3327,CALCULO III,210,excelente profesor.,Positivo,0.9060,Alegría,0.9409,No detectado,0.0124,0.0121,0.0102
FACULTAD DE INGENIERIA Y ARQUITECTURA,SRZA,IMS1,INGENIERIA CIVIL EN MINAS LA SERENA,3333,ECUACIONES DIFERENCIALES,211,excelente profesor.,Positivo,0.9060,Alegría,0.9409,No detectado,0.0124,0.0121,0.0102
FACULTAD DE INGENIERIA Y ARQUITECTURA,SRZA,IMS1,INGENIERIA CIVIL EN MINAS LA SERENA,3333,ECUACIONES DIFERENCIALES,210,excelente profesor.,Positivo,0.9060,Alegría,0.9409,No detectado,0.0124,0.0121,0.0102
FACULTAD DE INGENIERIA Y ARQUITECTURA,SRZA,IC06,INGENIERÍA CIVIL EN COMPUTACIÓN E INFORMÁTICA (LA SERENA),3327,CALCULO III,211,excelente profesor recomendado.,Positivo,0.9548,Alegría,0.6133,No detectado,0.0134,0.0103,0.0110
FACULTAD DE INGENIERIA Y ARQUITECTURA,SRZA,IC06,INGENIERÍA CIVIL EN COMPUTACIÓN E INFORMÁTICA (LA SERENA),3327,CALCULO III,210,excelente profesor recomendado.,Positivo,0.9548,Alegría,0.6133,No detectado,0.0134,0.0103,0.0110
FACULTAD DE INGENIERIA Y ARQUITECTURA,SRZA,IC06,INGENIERÍA CIVIL EN COMPUTACIÓN E INFORMÁTICA (LA SERENA),3333,ECUACIONES DIFERENCIALES,211,excelente profesor.,Positivo,0.9060,Alegría,0.9409,No detectado,0.0124,0.0121,0.0102
FACULTAD DE INGENIERIA Y ARQUITECTURA,SRZA,IC06,INGENIERÍA CIVIL EN COMPUTACIÓN E INFORMÁTICA (LA SERENA),3333,ECUACIONES DIFERENCIALES,210,excelente profesor.,Positivo,0.9060,Alegría,0.9409,No detectado,0.0124,0.0121,0.0102
FACULTAD DE INGENIERIA Y ARQUITECTURA,SRZA,IMS1,INGENIERIA CIVIL EN MINAS LA SERENA,3327,CALCULO III,211,explica bien.,Positivo,0.5603,Otro,0.8542,No detectado,0.0433,0.0177,0.0324
FACULTAD DE INGENIERIA Y ARQUITECTURA,SRZA,IMS1,INGENIERIA CIVIL EN MINAS LA SERENA,3327,CALCULO III,210,explica bien.,Positivo,0.5603,Otro,0.8542,No detectado,0.0433,0.0177,0.0324
FACULTAD DE INGENIERIA Y ARQUITECTURA,SRZA,IMS1,INGENIERIA CIVIL EN MINAS LA SERENA,14700,INTRODUCCION A LA FISICA,211,explica bien y responde todas las dudas sobre el tema de la clase.,Positivo,0.5756,Otro,0.9952,No detectado,0.0132,0.0088,0.0070
FACULTAD DE INGENIERIA Y ARQUITECTURA,SRZA,IMS1,INGENIERIA CIVIL EN MINAS LA SERENA,58000,INTRODUCCION A LAS MATEMATICAS,231,explica muy bien.,Positivo,0.9365,Otro,0.8551,No detectado,0.0212,0.0124,0.0138
FACULTAD DE INGENIERIA Y ARQUITECTURA,SRZA,CI03,INGENIERÍA CIVIL INDUSTRIAL (LA SERENA),14700,INTRODUCCION A LA FISICA,212,explica muy bien.,Positivo,0.9365,Otro,0.8551,No detectado,0.0212,0.0124,0.0138
FACULTAD DE INGENIERIA Y ARQUITECTURA,SRZA,IC06,INGENIERÍA CIVIL EN COMPUTACIÓN E INFORMÁTICA (LA SERENA),14700,INTRODUCCION A LA FISICA,211,"explicaciones vagas acerca de las evaluaciones (instrucciones en un word), esto ocurrí­a cuando no teniamos clases con el (se enfermaba o se suspendian las clases).",Negativo,0.8283,Otro,0.9883,No detectado,0.0492,0.0046,0.0161
FACULTAD DE INGENIERIA Y ARQUITECTURA,SRZA,CI03,INGENIERÍA CIVIL INDUSTRIAL (LA SERENA),3327,CALCULO III,211,bueno.,Neutral,0.4849,Otro,0.8337,No detectado,0.0527,0.0147,0.0360
FACULTAD DE INGENIERIA Y ARQUITECTURA,SRZA,CI03,INGENIERÍA CIVIL INDUSTRIAL (LA SERENA),3327,CALCULO III,210,bueno.,Neutral,0.4849,Otro,0.8337,No detectado,0.0527,0.0147,0.0360
FACULTAD DE INGENIERIA Y ARQUITECTURA,SRZA,CI03,INGENIERÍA CIVIL INDUSTRIAL (LA SERENA),3333,ECUACIONES DIFERENCIALES,211,bueno.,Neutral,0.4849,Otro,0.8337,No detectado,0.0527,0.0147,0.0360
FACULTAD DE INGENIERIA Y ARQUITECTURA,SRZA,CI03,INGENIERÍA CIVIL INDUSTRIAL (LA SERENA),3333,ECUACIONES DIFERENCIALES,210,bueno.,Neutral,0.4849,Otro,0.8337,No detectado,0.0527,0.0147,0.0360
FACULTAD DE INGENIERIA Y ARQUITECTURA,SRZA,IC06,INGENIERÍA CIVIL EN COMPUTACIÓN E INFORMÁTICA (LA SERENA),3333,ECUACIONES DIFERENCIALES,210,bueno.,Neutral,0.4849,Otro,0.8337,No detectado,0.0527,0.0147,0.0360
FACULTAD DE INGENIERIA Y ARQUITECTURA,SRZA,CI03,INGENIERÍA CIVIL INDUSTRIAL (LA SERENA),14700,INTRODUCCION A LA FISICA,212,bueno.,Neutral,0.4849,Otro,0.8337,No detectado,0.0527,0.0147,0.0360
FACULTAD DE INGENIERIA Y ARQUITECTURA,SRZA,IMS1,INGENIERIA CIVIL EN MINAS LA SERENA,3327,CALCULO III,210,gran profesor.,Positivo,0.8978,Alegría,0.5446,No detectado,0.0136,0.0122,0.0107
FACULTAD DE INGENIERIA Y ARQUITECTURA,SRZA,IMS1,INGENIERIA CIVIL EN MINAS LA SERENA,14700,INTRODUCCION A LA FISICA,211,la enseñanza del profesor nose comprende.,Negativo,0.7913,Otro,0.9825,No detectado,0.0554,0.0216,0.0218
FACULTAD DE INGENIERIA Y ARQUITECTURA,SRZA,IMS1,INGENIERIA CIVIL EN MINAS LA SERENA,58000,INTRODUCCION A LAS MATEMATICAS,231,"la materia es dificil, pero enseña de manera facil para entenderla.",Neutral,0.5505,Otro,0.9572,No detectado,0.0965,0.0202,0.0295
FACULTAD DE INGENIERIA Y ARQUITECTURA,SRZA,IC06,INGENIERÍA CIVIL EN COMPUTACIÓN E INFORMÁTICA (LA SERENA),3333,ECUACIONES DIFERENCIALES,211,llll.,Neutral,0.5813,Alegría,0.6224,No detectado,0.0404,0.0201,0.0255
FACULTAD DE INGENIERIA Y ARQUITECTURA,SRZA,IC06,INGENIERÍA CIVIL EN COMPUTACIÓN E INFORMÁTICA (LA SERENA),58000,INTRODUCCION A LAS MATEMATICAS,231,muy atento.,Positivo,0.7841,Otro,0.7069,No detectado,0.0315,0.0164,0.0211
FACULTAD DE INGENIERIA Y ARQUITECTURA,SRZA,CI03,INGENIERÍA CIVIL INDUSTRIAL (LA SERENA),14700,INTRODUCCION A LA FISICA,211,muy atento con nuestro aprendizaje.,Positivo,0.8705,Otro,0.9643,No detectado,0.0164,0.0078,0.0088
FACULTAD DE INGENIERIA Y ARQUITECTURA,SRZA,CI03,INGENIERÍA CIVIL INDUSTRIAL (LA SERENA),3327,CALCULO III,211,muy buen profesor.,Positivo,0.9677,Alegría,0.9051,No detectado,0.0123,0.0104,0.0094
FACULTAD DE INGENIERIA Y ARQUITECTURA,SRZA,CI03,INGENIERÍA CIVIL INDUSTRIAL (LA SERENA),3327,CALCULO III,210,muy buen profesor.,Positivo,0.9677,Alegría,0.9051,No detectado,0.0123,0.0104,0.0094
FACULTAD DE INGENIERIA Y ARQUITECTURA,SRZA,CI03,INGENIERÍA CIVIL INDUSTRIAL (LA SERENA),3333,ECUACIONES DIFERENCIALES,211,muy buen profesor.,Positivo,0.9677,Alegría,0.9051,No detectado,0.0123,0.0104,0.0094
FACULTAD DE INGENIERIA Y ARQUITECTURA,SRZA,CI03,INGENIERÍA CIVIL INDUSTRIAL (LA SERENA),3333,ECUACIONES DIFERENCIALES,210,muy buen profesor.,Positivo,0.9677,Alegría,0.9051,No detectado,0.0123,0.0104,0.0094
FACULTAD DE INGENIERIA Y ARQUITECTURA,SRZA,IMS1,INGENIERIA CIVIL EN MINAS LA SERENA,3333,ECUACIONES DIFERENCIALES,211,muy buen profesor.,Positivo,0.9677,Alegría,0.9051,No detectado,0.0123,0.0104,0.0094
FACULTAD DE INGENIERIA Y ARQUITECTURA,SRZA,CI03,INGENIERÍA CIVIL INDUSTRIAL (LA SERENA),3327,CALCULO III,211,muy buen profesor.,Positivo,0.9677,Alegría,0.9051,No detectado,0.0123,0.0104,0.0094
FACULTAD DE INGENIERIA Y ARQUITECTURA,SRZA,CI03,INGENIERÍA CIVIL INDUSTRIAL (LA SERENA),3327,CALCULO III,210,muy buen profesor.,Positivo,0.9677,Alegría,0.9051,No detectado,0.0123,0.0104,0.0094
FACULTAD DE INGENIERIA Y ARQUITECTURA,SRZA,CI03,INGENIERÍA CIVIL INDUSTRIAL (LA SERENA),3327,CALCULO III,210,muy buen profesor.,Positivo,0.9677,Alegría,0.9051,No detectado,0.0123,0.0104,0.0094
FACULTAD DE INGENIERIA Y ARQUITECTURA,SRZA,CI03,INGENIERÍA CIVIL INDUSTRIAL (LA SERENA),3327,CALCULO III,211,muy buen profesor.,Positivo,0.9677,Alegría,0.9051,No detectado,0.0123,0.0104,0.0094
FACULTAD DE INGENIERIA Y ARQUITECTURA,SRZA,CI03,INGENIERÍA CIVIL INDUSTRIAL (LA SERENA),3327,CALCULO III,211,muy buen profesor.,Positivo,0.9677,Alegría,0.9051,No detectado,0.0123,0.0104,0.0094
FACULTAD DE INGENIERIA Y ARQUITECTURA,SRZA,CI03,INGENIERÍA CIVIL INDUSTRIAL (LA SERENA),3327,CALCULO III,210,muy buen profesor.,Positivo,0.9677,Alegría,0.9051,No detectado,0.0123,0.0104,0.0094
FACULTAD DE INGENIERIA Y ARQUITECTURA,SRZA,IMS1,INGENIERIA CIVIL EN MINAS LA SERENA,3327,CALCULO III,210,muy buen profesor.,Positivo,0.9677,Alegría,0.9051,No detectado,0.0123,0.0104,0.0094
FACULTAD DE INGENIERIA Y ARQUITECTURA,SRZA,CI03,INGENIERÍA CIVIL INDUSTRIAL (LA SERENA),3333,ECUACIONES DIFERENCIALES,211,muy buen profesor.,Positivo,0.9677,Alegría,0.9051,No detectado,0.0123,0.0104,0.0094
FACULTAD DE INGENIERIA Y ARQUITECTURA,SRZA,CI03,INGENIERÍA CIVIL INDUSTRIAL (LA SERENA),3333,ECUACIONES DIFERENCIALES,210,muy buen profesor.,Positivo,0.9677,Alegría,0.9051,No detectado,0.0123,0.0104,0.0094
FACULTAD DE INGENIERIA Y ARQUITECTURA,SRZA,CI03,INGENIERÍA CIVIL INDUSTRIAL (LA SERENA),3333,ECUACIONES DIFERENCIALES,211,muy buen profesor.,Positivo,0.9677,Alegría,0.9051,No detectado,0.0123,0.0104,0.0094
FACULTAD DE INGENIERIA Y ARQUITECTURA,SRZA,CI03,INGENIERÍA CIVIL INDUSTRIAL (LA SERENA),3333,ECUACIONES DIFERENCIALES,210,muy buen profesor.,Positivo,0.9677,Alegría,0.9051,No detectado,0.0123,0.0104,0.0094
FACULTAD DE INGENIERIA Y ARQUITECTURA,SRZA,IMS1,INGENIERIA CIVIL EN MINAS LA SERENA,3333,ECUACIONES DIFERENCIALES,211,muy buen profesor.,Positivo,0.9677,Alegría,0.9051,No detectado,0.0123,0.0104,0.0094
FACULTAD DE INGENIERIA Y ARQUITECTURA,SRZA,IMS1,INGENIERIA CIVIL EN MINAS LA SERENA,3333,ECUACIONES DIFERENCIALES,210,muy buen profesor.,Positivo,0.9677,Alegría,0.9051,No detectado,0.0123,0.0104,0.0094
FACULTAD DE INGENIERIA Y ARQUITECTURA,SRZA,IC06,INGENIERÍA CIVIL EN COMPUTACIÓN E INFORMÁTICA (LA SERENA),58000,INTRODUCCION A LAS MATEMATICAS,231,muy buen profesor.,Positivo,0.9677,Alegría,0.9051,No detectado,0.0123,0.0104,0.0094
FACULTAD DE INGENIERIA Y ARQUITECTURA,SRZA,CI03,INGENIERÍA CIVIL INDUSTRIAL (LA SERENA),3333,ECUACIONES DIFERENCIALES,210,muy buen profesor para enseñar a sus alumnos.,Positivo,0.9675,Alegría,0.5122,No detectado,0.0146,0.0089,0.0093
FACULTAD DE INGENIERIA Y ARQUITECTURA,SRZA,CI03,INGENIERÍA CIVIL INDUSTRIAL (LA SERENA),3327,CALCULO III,210,"muy buen profesor, responsable y preocupado por sus alumnos.",Positivo,0.9648,Alegría,0.6552,No detectado,0.0118,0.0110,0.0086
FACULTAD DE INGENIERIA Y ARQUITECTURA,SRZA,CI03,INGENIERÍA CIVIL INDUSTRIAL (LA SERENA),3327,CALCULO III,211,muy bueno.,Positivo,0.8803,Alegría,0.9013,No detectado,0.0337,0.0171,0.0277
FACULTAD DE INGENIERIA Y ARQUITECTURA,SRZA,CI03,INGENIERÍA CIVIL INDUSTRIAL (LA SERENA),3327,CALCULO III,210,muy bueno.,Positivo,0.8803,Alegría,0.9013,No detectado,0.0337,0.0171,0.0277
FACULTAD DE INGENIERIA Y ARQUITECTURA,SRZA,IMS1,INGENIERIA CIVIL EN MINAS LA SERENA,3327,CALCULO III,211,muy bueno.,Positivo,0.8803,Alegría,0.9013,No detectado,0.0337,0.0171,0.0277
FACULTAD DE INGENIERIA Y ARQUITECTURA,SRZA,CI03,INGENIERÍA CIVIL INDUSTRIAL (LA SERENA),3333,ECUACIONES DIFERENCIALES,211,muy bueno.,Positivo,0.8803,Alegría,0.9013,No detectado,0.0337,0.0171,0.0277
FACULTAD DE INGENIERIA Y ARQUITECTURA,SRZA,CI03,INGENIERÍA CIVIL INDUSTRIAL (LA SERENA),3333,ECUACIONES DIFERENCIALES,210,muy bueno.,Positivo,0.8803,Alegría,0.9013,No detectado,0.0337,0.0171,0.0277
FACULTAD DE INGENIERIA Y ARQUITECTURA,SRZA,IMS1,INGENIERIA CIVIL EN MINAS LA SERENA,58000,INTRODUCCION A LAS MATEMATICAS,231,muy bueno.,Positivo,0.8803,Alegría,0.9013,No detectado,0.0337,0.0171,0.0277
FACULTAD DE INGENIERIA Y ARQUITECTURA,SRZA,IMS1,INGENIERIA CIVIL EN MINAS LA SERENA,14700,INTRODUCCION A LA FISICA,211,muy flexible y comprensivo.,Positivo,0.8646,Otro,0.6551,No detectado,0.0488,0.0287,0.0186
FACULTAD DE INGENIERIA Y ARQUITECTURA,SRZA,CI03,INGENIERÍA CIVIL INDUSTRIAL (LA SERENA),58000,INTRODUCCION A LAS MATEMATICAS,231,muy paciente para enseñar.,Neutral,0.4817,Otro,0.8760,No detectado,0.0279,0.0190,0.0144
FACULTAD DE INGENIERIA Y ARQUITECTURA,SRZA,IC06,INGENIERÍA CIVIL EN COMPUTACIÓN E INFORMÁTICA (LA SERENA),3333,ECUACIONES DIFERENCIALES,211,nada.,Neutral,0.4837,Otro,0.8243,No detectado,0.0509,0.0136,0.0305
FACULTAD DE INGENIERIA Y ARQUITECTURA,SRZA,IC06,INGENIERÍA CIVIL EN COMPUTACIÓN E INFORMÁTICA (LA SERENA),3333,ECUACIONES DIFERENCIALES,210,nada.,Neutral,0.4837,Otro,0.8243,No detectado,0.0509,0.0136,0.0305
FACULTAD DE INGENIERIA Y ARQUITECTURA,SRZA,CI03,INGENIERÍA CIVIL INDUSTRIAL (LA SERENA),14700,INTRODUCCION A LA FISICA,212,nada en especial que comentar.,Neutral,0.7573,Otro,0.9948,No detectado,0.0290,0.0145,0.0153
FACULTAD DE INGENIERIA Y ARQUITECTURA,SRZA,CI03,INGENIERÍA CIVIL INDUSTRIAL (LA SERENA),3327,CALCULO III,211,nada que aportar.,Negativo,0.4695,Otro,0.9710,No detectado,0.0579,0.0128,0.0249
FACULTAD DE INGENIERIA Y ARQUITECTURA,SRZA,CI03,INGENIERÍA CIVIL INDUSTRIAL (LA SERENA),3327,CALCULO III,210,nada que aportar.,Negativo,0.4695,Otro,0.9710,No detectado,0.0579,0.0128,0.0249
FACULTAD DE INGENIERIA Y ARQUITECTURA,SRZA,CI03,INGENIERÍA CIVIL INDUSTRIAL (LA SERENA),3333,ECUACIONES DIFERENCIALES,210,nada que aportar la verdad.,Negativo,0.6866,Otro,0.9790,No detectado,0.0277,0.0100,0.0127
FACULTAD DE INGENIERIA Y ARQUITECTURA,SRZA,CI03,INGENIERÍA CIVIL INDUSTRIAL (LA SERENA),58000,INTRODUCCION A LAS MATEMATICAS,231,nada que comentar.,Neutral,0.5775,Otro,0.9666,No detectado,0.0261,0.0192,0.0199
FACULTAD DE INGENIERIA Y ARQUITECTURA,SRZA,CI03,INGENIERÍA CIVIL INDUSTRIAL (LA SERENA),3333,ECUACIONES DIFERENCIALES,211,nada que decir.,Neutral,0.5090,Otro,0.8319,No detectado,0.0262,0.0117,0.0171
FACULTAD DE INGENIERIA Y ARQUITECTURA,SRZA,IMS1,INGENIERIA CIVIL EN MINAS LA SERENA,58000,INTRODUCCION A LAS MATEMATICAS,231,"nos hacía reforzamiento de matemáticas, pero no enseñaba mucho en sus clases, aunque se nota que sabe bastante y sabe lo que hace, le faltó más comunicación con los alumnos, hacer más clases y ejercicios, en si es un buen profesor.",Positivo,0.4757,Otro,0.9421,No detectado,0.0161,0.0098,0.0106
FACULTAD DE INGENIERIA Y ARQUITECTURA,SRZA,IC06,INGENIERÍA CIVIL EN COMPUTACIÓN E INFORMÁTICA (LA SERENA),14700,INTRODUCCION A LA FISICA,211,piola.,Neutral,0.5945,Otro,0.6025,No detectado,0.1150,0.0367,0.0565
FACULTAD DE INGENIERIA Y ARQUITECTURA,SRZA,CI03,INGENIERÍA CIVIL INDUSTRIAL (LA SERENA),3333,ECUACIONES DIFERENCIALES,211,profesor da a entender muy bien la materia.,Positivo,0.7668,Otro,0.9967,No detectado,0.0317,0.0120,0.0116
FACULTAD DE INGENIERIA Y ARQUITECTURA,SRZA,CI03,INGENIERÍA CIVIL INDUSTRIAL (LA SERENA),3333,ECUACIONES DIFERENCIALES,210,profesor da a entender muy bien la materia.,Positivo,0.7668,Otro,0.9967,No detectado,0.0317,0.0120,0.0116
FACULTAD DE INGENIERIA Y ARQUITECTURA,SRZA,CI03,INGENIERÍA CIVIL INDUSTRIAL (LA SERENA),3327,CALCULO III,210,"profesor dedicado y se nota que sabe muy bien lo que enseña,considerado al momento de tener dudas.",Positivo,0.8979,Otro,0.9804,No detectado,0.0111,0.0081,0.0073
FACULTAD DE INGENIERIA Y ARQUITECTURA,SRZA,CI03,INGENIERÍA CIVIL INDUSTRIAL (LA SERENA),3327,CALCULO III,211,profesor entrega buen conocimiento de la materia y siempre sube contenido al aula online.,Positivo,0.9332,Otro,0.9554,No detectado,0.0128,0.0073,0.0079
FACULTAD DE INGENIERIA Y ARQUITECTURA,SRZA,CI03,INGENIERÍA CIVIL INDUSTRIAL (LA SERENA),3327,CALCULO III,210,profesor entrega buen conocimiento de la materia y siempre sube contenido al aula online.,Positivo,0.9332,Otro,0.9554,No detectado,0.0128,0.0073,0.0079
FACULTAD DE INGENIERIA Y ARQUITECTURA,SRZA,CI03,INGENIERÍA CIVIL INDUSTRIAL (LA SERENA),3333,ECUACIONES DIFERENCIALES,211,profesor entrega buen conocimiento de la materia y siempre sube contenido al aula online.,Positivo,0.9332,Otro,0.9554,No detectado,0.0128,0.0073,0.0079
FACULTAD DE INGENIERIA Y ARQUITECTURA,SRZA,CI03,INGENIERÍA CIVIL INDUSTRIAL (LA SERENA),3333,ECUACIONES DIFERENCIALES,210,profesor entrega buen conocimiento de la materia y siempre sube contenido al aula online.,Positivo,0.9332,Otro,0.9554,No detectado,0.0128,0.0073,0.0079
FACULTAD DE INGENIERIA Y ARQUITECTURA,SRZA,CI03,INGENIERÍA CIVIL INDUSTRIAL (LA SERENA),3327,CALCULO III,211,profesor muy dedicado.,Positivo,0.9413,Alegría,0.5460,No detectado,0.0181,0.0129,0.0102
FACULTAD DE INGENIERIA Y ARQUITECTURA,SRZA,CI03,INGENIERÍA CIVIL INDUSTRIAL (LA SERENA),3333,ECUACIONES DIFERENCIALES,211,profesor muy dedicado en lo que hace.,Positivo,0.9520,Otro,0.8565,No detectado,0.0163,0.0106,0.0088
FACULTAD DE INGENIERIA Y ARQUITECTURA,SRZA,IC06,INGENIERÍA CIVIL EN COMPUTACIÓN E INFORMÁTICA (LA SERENA),58000,INTRODUCCION A LAS MATEMATICAS,231,responsable.,Neutral,0.5166,Alegría,0.4232,No detectado,0.0724,0.0571,0.0626
FACULTAD DE INGENIERIA Y ARQUITECTURA,SRZA,CI03,INGENIERÍA CIVIL INDUSTRIAL (LA SERENA),3327,CALCULO III,211,súper bueno.,Positivo,0.6541,Alegría,0.6617,No detectado,0.0449,0.0208,0.0330
FACULTAD DE INGENIERIA Y ARQUITECTURA,SRZA,CI03,INGENIERÍA CIVIL INDUSTRIAL (LA SERENA),3327,CALCULO III,210,súper bueno.,Positivo,0.6541,Alegría,0.6617,No detectado,0.0449,0.0208,0.0330
FACULTAD DE INGENIERIA Y ARQUITECTURA,SRZA,CI03,INGENIERÍA CIVIL INDUSTRIAL (LA SERENA),3333,ECUACIONES DIFERENCIALES,211,súper bueno.,Positivo,0.6541,Alegría,0.6617,No detectado,0.0449,0.0208,0.0330
FACULTAD DE INGENIERIA Y ARQUITECTURA,SRZA,CI03,INGENIERÍA CIVIL INDUSTRIAL (LA SERENA),3333,ECUACIONES DIFERENCIALES,210,súper bueno.,Positivo,0.6541,Alegría,0.6617,No detectado,0.0449,0.0208,0.0330
FACULTAD DE INGENIERIA Y ARQUITECTURA,SRZA,IC06,INGENIERÍA CIVIL EN COMPUTACIÓN E INFORMÁTICA (LA SERENA),14700,INTRODUCCION A LA FISICA,211,siempre atento a todos los alumnos ademas de ser responsable.,Positivo,0.7484,Otro,0.8905,No detectado,0.0153,0.0102,0.0102
FACULTAD DE INGENIERIA Y ARQUITECTURA,SRZA,IMS1,INGENIERIA CIVIL EN MINAS LA SERENA,58000,INTRODUCCION A LAS MATEMATICAS,231,simpatico.,Positivo,0.6790,Alegría,0.9255,No detectado,0.0542,0.0313,0.0272
FACULTAD DE INGENIERIA Y ARQUITECTURA,SRZA,CI03,INGENIERÍA CIVIL INDUSTRIAL (LA SERENA),3327,CALCULO III,211,sin comentarios.,Neutral,0.4468,Otro,0.6370,No detectado,0.0500,0.0090,0.0231
FACULTAD DE INGENIERIA Y ARQUITECTURA,SRZA,CI03,INGENIERÍA CIVIL INDUSTRIAL (LA SERENA),3327,CALCULO III,210,sin comentarios.,Neutral,0.4468,Otro,0.6370,No detectado,0.0500,0.0090,0.0231
FACULTAD DE INGENIERIA Y ARQUITECTURA,SRZA,CI03,INGENIERÍA CIVIL INDUSTRIAL (LA SERENA),3333,ECUACIONES DIFERENCIALES,211,sin comentarios.,Neutral,0.4468,Otro,0.6370,No detectado,0.0500,0.0090,0.0231
FACULTAD DE INGENIERIA Y ARQUITECTURA,SRZA,CI03,INGENIERÍA CIVIL INDUSTRIAL (LA SERENA),3333,ECUACIONES DIFERENCIALES,210,sin comentarios.,Neutral,0.4468,Otro,0.6370,No detectado,0.0500,0.0090,0.0231
FACULTAD DE INGENIERIA Y ARQUITECTURA,SRZA,IC06,INGENIERÍA CIVIL EN COMPUTACIÓN E INFORMÁTICA (LA SERENA),14700,INTRODUCCION A LA FISICA,211,sin comentarios.,Neutral,0.4468,Otro,0.6370,No detectado,0.0500,0.0090,0.0231
FACULTAD DE INGENIERIA Y ARQUITECTURA,SRZA,IC06,INGENIERÍA CIVIL EN COMPUTACIÓN E INFORMÁTICA (LA SERENA),58000,INTRODUCCION A LAS MATEMATICAS,231,"solo agregar que el tono de voz aveces suele ser muy bajo, lo demas todo bien, es muy buen profesor.",Positivo,0.7382,Otro,0.9887,No detectado,0.0175,0.0104,0.0098
FACULTAD DE INGENIERIA Y ARQUITECTURA,SRZA,IC06,INGENIERÍA CIVIL EN COMPUTACIÓN E INFORMÁTICA (LA SERENA),58000,INTRODUCCION A LAS MATEMATICAS,231,su método de enseñanza para esta materia fue mucho mas de mi agrado.,Positivo,0.9456,Otro,0.9925,No detectado,0.0135,0.0091,0.0079
FACULTAD DE INGENIERIA Y ARQUITECTURA,SRZA,CI03,INGENIERÍA CIVIL INDUSTRIAL (LA SERENA),14700,INTRODUCCION A LA FISICA,212,su método de explicación tiene que mejorar.,Neutral,0.7099,Otro,0.9947,No detectado,0.0234,0.0101,0.0132
FACULTAD DE INGENIERIA Y ARQUITECTURA,SRZA,IMS1,INGENIERIA CIVIL EN MINAS LA SERENA,58000,INTRODUCCION A LAS MATEMATICAS,231,todo bien solo que es un poco callado el profesor pero cuando uno pregunta el dispone su tiempo de explicar devidamente para entender .,Neutral,0.7456,Otro,0.9895,No detectado,0.0242,0.0118,0.0126
FACULTAD DE INGENIERIA Y ARQUITECTURA,SRZA,IC06,INGENIERÍA CIVIL EN COMPUTACIÓN E INFORMÁTICA (LA SERENA),14700,INTRODUCCION A LA FISICA,211,tuve problemas de aprendizaje pero fue por mi método mas que nada pero el profesor logro enseñarme a pesar de los diferentes métodos.,Neutral,0.7527,Otro,0.9759,No detectado,0.0158,0.0072,0.0093
FACULTAD DE INGENIERIA Y ARQUITECTURA,SRZA,CI03,INGENIERÍA CIVIL INDUSTRIAL (LA SERENA),3327,CALCULO III,211,"un profesor con un profundo conocimiento de su disciplina es capaz de explicar los conceptos clave con claridad, proporcionar ejemplos relevantes y responder con precisión a las preguntas de los estudiantes. esto nos transmite confianza y nos ayuda a comprender mejor la materia.",Positivo,0.9011,Otro,0.8764,No detectado,0.0138,0.0050,0.0074
FACULTAD DE INGENIERIA Y ARQUITECTURA,JCJT,CO05,INGENIERÍA EN CONSTRUCCIÓN PLAN 2017,16045,INSTALACIONES II,10,buen profesor.,Positivo,0.8798,Alegría,0.6186,No detectado,0.0201,0.0141,0.0145
FACULTAD DE INGENIERIA Y ARQUITECTURA,JCJT,CO05,INGENIERÍA EN CONSTRUCCIÓN PLAN 2017,16045,INSTALACIONES II,10,buen profesor con dedicación.,Positivo,0.8981,Alegría,0.8353,No detectado,0.0224,0.0119,0.0131
FACULTAD DE INGENIERIA Y ARQUITECTURA,JCJT,CO05,INGENIERÍA EN CONSTRUCCIÓN PLAN 2017,16045,INSTALACIONES II,10,buen profesor externo.,Positivo,0.5531,Otro,0.9805,No detectado,0.0325,0.0097,0.0151
FACULTAD DE INGENIERIA Y ARQUITECTURA,JCJT,CO05,INGENIERÍA EN CONSTRUCCIÓN PLAN 2017,16045,INSTALACIONES II,10,"buen profesor, falto profundizar o profesorsionalizar mas el ramo.",Neutral,0.5746,Otro,0.9929,No detectado,0.0186,0.0079,0.0117
FACULTAD DE INGENIERIA Y ARQUITECTURA,JCJT,CO05,INGENIERÍA EN CONSTRUCCIÓN PLAN 2017,16045,INSTALACIONES II,10,constantemente se desviaba en las explicaciones de algun tema en especial perdiendo un poco el tiempo de la clase.,Negativo,0.6275,Otro,0.9914,No detectado,0.0197,0.0080,0.0099
FACULTAD DE INGENIERIA Y ARQUITECTURA,JCJT,CO05,INGENIERÍA EN CONSTRUCCIÓN PLAN 2017,16045,INSTALACIONES II,10,"excelente docente, aunque de repente lo pilla la tecnologí­a.",Positivo,0.7698,Otro,0.6419,No detectado,0.0536,0.0135,0.0185
FACULTAD DE INGENIERIA Y ARQUITECTURA,JCJT,CO05,INGENIERÍA EN CONSTRUCCIÓN PLAN 2017,16045,INSTALACIONES II,10,le falta comprender un poco mas el aula virtual y entregar notas con anticipación.,Neutral,0.8214,Otro,0.6640,No detectado,0.0236,0.0082,0.0120
FACULTAD DE INGENIERIA Y ARQUITECTURA,JCJT,CO05,INGENIERÍA EN CONSTRUCCIÓN PLAN 2017,16045,INSTALACIONES II,10,"muy bien profesor en todo ámbito, demuestra mucho conocimiento en el tema.",Positivo,0.9652,Otro,0.8043,No detectado,0.0105,0.0072,0.0062
FACULTAD DE INGENIERIA Y ARQUITECTURA,JCJT,CO05,INGENIERÍA EN CONSTRUCCIÓN PLAN 2017,16045,INSTALACIONES II,10,nada.,Neutral,0.4837,Otro,0.8243,No detectado,0.0509,0.0136,0.0305
FACULTAD DE INGENIERIA Y ARQUITECTURA,JCJT,CO05,INGENIERÍA EN CONSTRUCCIÓN PLAN 2017,16045,INSTALACIONES II,10,"se explaya mucho en algunos temas, pero es una demostración de que le gusta lo que enseña.",Positivo,0.9387,Otro,0.9913,No detectado,0.0129,0.0086,0.0074
FACULTAD DE INGENIERIA Y ARQUITECTURA,BARK,IM02,INGENIERÍA CIVIL EN MINAS PLAN 2017,56016,MINERALURGIA,10,buen profesor.,Positivo,0.8798,Alegría,0.6186,No detectado,0.0201,0.0141,0.0145
FACULTAD DE INGENIERIA Y ARQUITECTURA,BARK,IM02,INGENIERÍA CIVIL EN MINAS PLAN 2017,56025,DISEÑO Y PLANIFICACION MINERIA A CIELO ABIERTO,10,"buen profesor , entregado y preocupado por la docencia.",Positivo,0.8878,Alegría,0.5000,No detectado,0.0202,0.0150,0.0100
FACULTAD DE INGENIERIA Y ARQUITECTURA,BARK,IM02,INGENIERÍA CIVIL EN MINAS PLAN 2017,56025,DISEÑO Y PLANIFICACION MINERIA A CIELO ABIERTO,10,"positivo, tiene mucho dominio del tema y su material es muy denso y con arta información útil, pero hay demasiadas ppts que se repiten los temas vistos en otras ppts, lo que las hace algo desordenadas o confusas, las clases son casi de lectura en voz alta de la información de las ppts, lo que convierte a sus clases muy dificiles de seguir el ritmo de concentración ya que son aburridas y muy densas.",Negativo,0.8013,Otro,0.9864,No detectado,0.0880,0.0040,0.0296
FACULTAD DE INGENIERIA Y ARQUITECTURA,BARK,IM02,INGENIERÍA CIVIL EN MINAS PLAN 2017,56025,DISEÑO Y PLANIFICACION MINERIA A CIELO ABIERTO,10,sin comentarios.,Neutral,0.4468,Otro,0.6370,No detectado,0.0500,0.0090,0.0231
FACULTAD DE INGENIERIA Y ARQUITECTURA,CRMG,ARS1,ARQUITECTURA (LA SERENA),11057,INTRODUCCION AL ANALISIS URBANO,210,al principio no entendia muy bien su manera de explicar pero a medida de que iba pasando el semestre entre en su ritmo y me parecio un profesor muy bueno.,Positivo,0.9266,Otro,0.7955,No detectado,0.0132,0.0087,0.0088
FACULTAD DE INGENIERIA Y ARQUITECTURA,CRMG,ARS1,ARQUITECTURA (LA SERENA),11064,TALLER V: PROYECTO Y CIUDAD,220,buen profesor.,Positivo,0.8798,Alegría,0.6186,No detectado,0.0201,0.0141,0.0145
FACULTAD DE INGENIERIA Y ARQUITECTURA,CRMG,ARS1,ARQUITECTURA (LA SERENA),11064,TALLER V: PROYECTO Y CIUDAD,220,buen profesor aunque a veces no respetaba horarios de receso.,Neutral,0.6871,Otro,0.9915,No detectado,0.0167,0.0090,0.0111
FACULTAD DE INGENIERIA Y ARQUITECTURA,CRMG,ARS1,ARQUITECTURA (LA SERENA),11064,TALLER V: PROYECTO Y CIUDAD,220,buen profesor con muchos conocimientos.,Positivo,0.9311,Otro,0.9771,No detectado,0.0212,0.0083,0.0103
FACULTAD DE INGENIERIA Y ARQUITECTURA,CRMG,ARS1,ARQUITECTURA (LA SERENA),11064,TALLER V: PROYECTO Y CIUDAD,220,"buen profesor, sabe mucho es coherente con lo que dice. falto si un poco de orden en el tiempo de distribución para poder lograr un mejor proyecto ya que se estuvo mucho tiempo en máster plan y quedamos muy cortos para poder ver el proyecto en si. 
a y en las correcciones corrige mucho lo cual es muy bueno pero no destaca mucho lo bueno o recata lo positivo para poder seguir un camino.",Neutral,0.4864,Otro,0.9836,No detectado,0.0171,0.0061,0.0099
FACULTAD DE INGENIERIA Y ARQUITECTURA,CRMG,ARS1,ARQUITECTURA (LA SERENA),11057,INTRODUCCION AL ANALISIS URBANO,210,buena clase solo que mucha info. y poco practico en cuanto a que se buscaba.,Negativo,0.6098,Otro,0.9846,No detectado,0.0366,0.0114,0.0158
FACULTAD DE INGENIERIA Y ARQUITECTURA,CRMG,ARS1,ARQUITECTURA (LA SERENA),11064,TALLER V: PROYECTO Y CIUDAD,220,buena son sus clases.,Positivo,0.7623,Alegría,0.4984,No detectado,0.2873,0.0238,0.1068
FACULTAD DE INGENIERIA Y ARQUITECTURA,CRMG,ARS1,ARQUITECTURA (LA SERENA),11057,INTRODUCCION AL ANALISIS URBANO,210,cumple con todo.,Positivo,0.6084,Otro,0.8060,No detectado,0.0360,0.0128,0.0176
FACULTAD DE INGENIERIA Y ARQUITECTURA,CRMG,ARS1,ARQUITECTURA (LA SERENA),11057,INTRODUCCION AL ANALISIS URBANO,210,"desde el aspecto social, es muy amable y me gustó que a medida que nos enseñaba algo nuevo demostraba mucho entusiasmo.",Positivo,0.9756,Alegría,0.9771,No detectado,0.0117,0.0112,0.0078
FACULTAD DE INGENIERIA Y ARQUITECTURA,CRMG,ARS1,ARQUITECTURA (LA SERENA),11057,INTRODUCCION AL ANALISIS URBANO,210,"detalles a mejorar pero buen profesor, exigente.",Neutral,0.5528,Otro,0.7552,No detectado,0.0420,0.0165,0.0221
FACULTAD DE INGENIERIA Y ARQUITECTURA,CRMG,ARS1,ARQUITECTURA (LA SERENA),11057,INTRODUCCION AL ANALISIS URBANO,210,"dominio total de lo enseñado y énfasis en el método cientí­fico, ambas cosas se agradecen. lo que podría recomendar es ajustar los encargos con respecto a los tiempos del estudiante... creo haberme quedado corto (aunque no soy una referencia). o, si no, guí­ar al estudiante en el proceso de recopilación de datos para eficientar ese proceso.",Neutral,0.5295,Otro,0.9942,No detectado,0.0210,0.0040,0.0096
FACULTAD DE INGENIERIA Y ARQUITECTURA,CRMG,ARS1,ARQUITECTURA (LA SERENA),11057,INTRODUCCION AL ANALISIS URBANO,210,"el profesor cuenta con mucho conocimiento pero de repente demuestra mucha arrogancia, y el aprendizaje se ve invadido con inseguridad.",Negativo,0.9619,Otro,0.9084,No detectado,0.0239,0.0054,0.0114
FACULTAD DE INGENIERIA Y ARQUITECTURA,CRMG,ARS1,ARQUITECTURA (LA SERENA),11064,TALLER V: PROYECTO Y CIUDAD,220,el profesor es bueno enseñando y sabe mucho del tema que incluso te llena de información.,Positivo,0.9631,Otro,0.9877,No detectado,0.0097,0.0072,0.0064
FACULTAD DE INGENIERIA Y ARQUITECTURA,CRMG,ARS1,ARQUITECTURA (LA SERENA),11064,TALLER V: PROYECTO Y CIUDAD,220,"encuentro que es muy estricto al principio, pero gracias a él pude obtener nuevas miradas de como vemos los proyectos y la trama urbana en la ciudad, adecuándose, el al estudiante, eso nos hizo dar una clase más personal y creo que era necesario.",Positivo,0.9434,Otro,0.8744,No detectado,0.0146,0.0057,0.0077
FACULTAD DE INGENIERIA Y ARQUITECTURA,CRMG,ARS1,ARQUITECTURA (LA SERENA),11057,INTRODUCCION AL ANALISIS URBANO,210,"es un buen profesorsional, quizás como docente hacia nosotros estudiantes nos desreguló su forma de enseñanza, y nuestro desempeño no pudo ser el mejor, pero eso no quita el hecho de que el profesor es muy sabido en el tema.",Positivo,0.8379,Otro,0.9807,No detectado,0.0119,0.0062,0.0078
FACULTAD DE INGENIERIA Y ARQUITECTURA,CRMG,ARS1,ARQUITECTURA (LA SERENA),11064,TALLER V: PROYECTO Y CIUDAD,220,"es un buen profesor, faltó un poco más de práctica en su clase y no tanta revisión a los trabajos.",Positivo,0.8540,Otro,0.9888,No detectado,0.0159,0.0114,0.0101
FACULTAD DE INGENIERIA Y ARQUITECTURA,CRMG,ARS1,ARQUITECTURA (LA SERENA),11064,TALLER V: PROYECTO Y CIUDAD,220,"excelente profesor, siempre nos enseñó con mucho entusiasmo y pensando siempre en los estudiantesw.",Positivo,0.9629,Alegría,0.9902,No detectado,0.0104,0.0087,0.0072
FACULTAD DE INGENIERIA Y ARQUITECTURA,CRMG,ARS1,ARQUITECTURA (LA SERENA),11057,INTRODUCCION AL ANALISIS URBANO,210,hace el intento por integrar a la clase a sus debates y anima la expresión propia del alumno..,Positivo,0.7402,Otro,0.9840,No detectado,0.0173,0.0076,0.0089
FACULTAD DE INGENIERIA Y ARQUITECTURA,CRMG,ARS1,ARQUITECTURA (LA SERENA),11057,INTRODUCCION AL ANALISIS URBANO,210,interrumpe constantemente las presentaciones de los estudiantes para demostrar que hacemos un mal trabajo y crea un ambiente incomodo.,Negativo,0.9766,Otro,0.9747,No detectado,0.0297,0.0045,0.0121
FACULTAD DE INGENIERIA Y ARQUITECTURA,CRMG,ARS1,ARQUITECTURA (LA SERENA),11057,INTRODUCCION AL ANALISIS URBANO,210,la clase de desempeña de manera dinámica y el profesor abre paso al diálogo constante durante la clase.,Positivo,0.4941,Otro,0.9929,No detectado,0.0157,0.0075,0.0080
FACULTAD DE INGENIERIA Y ARQUITECTURA,CRMG,ARS1,ARQUITECTURA (LA SERENA),11057,INTRODUCCION AL ANALISIS URBANO,210,"la metodología de correcciones era contraproducente, ya que generaba un miedo a los estudiantes a la hora de presentar trabajos, esto da como resultado que nadie de la sección quisiera corregir o revisar, ya que eran correcciones abiertas y de más de una hora con un solo grupo, generando un estrés adicional ya que muchas veces no nos trataba como corresponde.",Negativo,0.9727,Otro,0.5735,No detectado,0.0557,0.0046,0.0207
FACULTAD DE INGENIERIA Y ARQUITECTURA,CRMG,ARS1,ARQUITECTURA (LA SERENA),11057,INTRODUCCION AL ANALISIS URBANO,210,"le da absolutamente igual la situación con sus estudiantes cuando tienen problemas con las notas de los trabajos en grupos por culpa de compañeros que no trabajan, el se libra de el problema y en parte no es capaz de dejar hacer el trabajo individual o realizar uno de menor complejidad, un trabajo de 5 personas no puede realizarlo solo un alumno y el profesor ignora las situaciones así, también trata de estúpidos e incomprendidos a los alumnos que no saben los nombres de las calles de la ciudad.",Negativo,0.9794,Ira,0.9423,No detectado,0.0575,0.0030,0.0242
FACULTAD DE INGENIERIA Y ARQUITECTURA,CRMG,ARS1,ARQUITECTURA (LA SERENA),11057,INTRODUCCION AL ANALISIS URBANO,210,"lo que mas me molesto en la asignatura fue la asistencia porque al final no se si pase o repetí­ el ramo, no tenia mas de 2 o 3 faltas injustificadas pero mi baja asistencia se debió a que llegaba ""tarde"" y solo era por 5 min después que pasara la lista y no la volví­a a pasar hasta el final de la clase, siento que al final se puso mas flexible pero eso no me ayudo en nada porque empecé a llegar antes y todos mis compañeros empezaron a llegar tarde y empezó a esperarlos para pasar la lista y eso me pareció injusto en verdad, en la enseñanza siento que a veces se da muchas vueltas explicando algo en vez de sintetizarlo mejor o ser mas claro en el punto.",Negativo,0.9578,Ira,0.8055,No detectado,0.0649,0.0075,0.0310
FACULTAD DE INGENIERIA Y ARQUITECTURA,CRMG,ARS1,ARQUITECTURA (LA SERENA),11057,INTRODUCCION AL ANALISIS URBANO,210,me gusta su forma de pasar la materia pero va muy rápido .,Positivo,0.8060,Otro,0.9669,No detectado,0.0256,0.0179,0.0124
FACULTAD DE INGENIERIA Y ARQUITECTURA,CRMG,ARS1,ARQUITECTURA (LA SERENA),11064,TALLER V: PROYECTO Y CIUDAD,220,muy buen profesor.,Positivo,0.9677,Alegría,0.9051,No detectado,0.0123,0.0104,0.0094
FACULTAD DE INGENIERIA Y ARQUITECTURA,CRMG,ARS1,ARQUITECTURA (LA SERENA),11057,INTRODUCCION AL ANALISIS URBANO,210,"muy enérgico al momento de dar las clases, siempre entregando la información completa y necesaria, demuestra pleno conocimiento de su asignatura.",Positivo,0.9443,Alegría,0.5257,No detectado,0.0110,0.0079,0.0069
FACULTAD DE INGENIERIA Y ARQUITECTURA,CRMG,ARS1,ARQUITECTURA (LA SERENA),11057,INTRODUCCION AL ANALISIS URBANO,210,no enseña ni resuelve dudas hace replantearse a los mismos alumnos sus dudas y nunca da una respuesta.,Negativo,0.9456,Otro,0.8799,No detectado,0.0201,0.0053,0.0140
FACULTAD DE INGENIERIA Y ARQUITECTURA,CRMG,ARS1,ARQUITECTURA (LA SERENA),11057,INTRODUCCION AL ANALISIS URBANO,210,"no es mal profesor, pero a la hora de exponer siempre intenta criticar e interrumpe a la persona que está hablando en el momento, por lo que, aparte de generar nervios, empezamos a creer que no seremos capaces de satisfacer lo que él desea que mostremos de información, aunque se cumplan todos los criterios requeridos.",Negativo,0.9663,Otro,0.8278,No detectado,0.0150,0.0041,0.0082
FACULTAD DE INGENIERIA Y ARQUITECTURA,CRMG,ARS1,ARQUITECTURA (LA SERENA),11057,INTRODUCCION AL ANALISIS URBANO,210,"no me agrado como docente, quizás si hubiera puesto más de mi parte serí­a diferente
las burlas pasivo agresivas no son bien recibidas y no hace una clase dinámica.",Negativo,0.9695,Otro,0.9301,No detectado,0.1221,0.0107,0.0473
FACULTAD DE INGENIERIA Y ARQUITECTURA,CRMG,ARS1,ARQUITECTURA (LA SERENA),11057,INTRODUCCION AL ANALISIS URBANO,210,no recomiendo.,Negativo,0.4677,Otro,0.9346,No detectado,0.0230,0.0127,0.0230
FACULTAD DE INGENIERIA Y ARQUITECTURA,CRMG,ARS1,ARQUITECTURA (LA SERENA),11064,TALLER V: PROYECTO Y CIUDAD,220,personalmente me ha costado acoplarme a su metodología.,Negativo,0.9476,Tristeza,0.9508,No detectado,0.0182,0.0098,0.0102
FACULTAD DE INGENIERIA Y ARQUITECTURA,CRMG,ARS1,ARQUITECTURA (LA SERENA),11064,TALLER V: PROYECTO Y CIUDAD,220,"un profesor muy bueno en su materia, ideal para el taller asignado.",Positivo,0.9690,Otro,0.7885,No detectado,0.0136,0.0069,0.0066
FACULTAD DE INGENIERIA Y ARQUITECTURA,JAFO,PJ01,ARQUITECTURA DEL PAISAJE (PLAN 2007),4927,ECOLOGIA,10,buen profesor.,Positivo,0.8798,Alegría,0.6186,No detectado,0.0201,0.0141,0.0145
FACULTAD DE INGENIERIA Y ARQUITECTURA,JAFO,AR03,ARQUITECTURA PLAN 2015,11271,EFD: ECOLOGIA DEL PAISAJE,10,clases sin gente.,Negativo,0.5224,Otro,0.9550,No detectado,0.1705,0.0101,0.0425
FACULTAD DE INGENIERIA Y ARQUITECTURA,JAFO,AR03,ARQUITECTURA PLAN 2015,11271,EFD: ECOLOGIA DEL PAISAJE,10,"el ramo fue interesante y el proffesor estaba realmente interesadoe en que aprendieramos, fue una linda experiencia.",Positivo,0.9776,Alegría,0.7491,No detectado,0.0133,0.0083,0.0089
FACULTAD DE INGENIERIA Y ARQUITECTURA,JAFO,PJ01,ARQUITECTURA DEL PAISAJE (PLAN 2007),4927,ECOLOGIA,10,excelente profesor.,Positivo,0.9060,Alegría,0.9409,No detectado,0.0124,0.0121,0.0102
FACULTAD DE INGENIERIA Y ARQUITECTURA,JAFO,AR03,ARQUITECTURA PLAN 2015,11271,EFD: ECOLOGIA DEL PAISAJE,10,excelente profesor.,Positivo,0.9060,Alegría,0.9409,No detectado,0.0124,0.0121,0.0102
FACULTAD DE INGENIERIA Y ARQUITECTURA,JAFO,AR03,ARQUITECTURA PLAN 2015,11271,EFD: ECOLOGIA DEL PAISAJE,10,las clases muy lentas y poco dinámicas.,Negativo,0.9623,Otro,0.7557,No detectado,0.3309,0.0062,0.0848
FACULTAD DE INGENIERIA Y ARQUITECTURA,JAFO,PJ01,ARQUITECTURA DEL PAISAJE (PLAN 2007),4927,ECOLOGIA,10,muy buen profesor.,Positivo,0.9677,Alegría,0.9051,No detectado,0.0123,0.0104,0.0094
FACULTAD DE INGENIERIA Y ARQUITECTURA,JAFO,PJ01,ARQUITECTURA DEL PAISAJE (PLAN 2007),4927,ECOLOGIA,10,"siempre puntal con evaluaciones y retroalimentaciones, el material siempre esta disponible despues de clase.",Neutral,0.8175,Otro,0.9946,No detectado,0.0378,0.0069,0.0142
FACULTAD DE INGENIERIA Y ARQUITECTURA,JJMR,AR03,ARQUITECTURA PLAN 2015,11199,EFG: ESTRATEGIAS ARQUITECTONICAS EN EL PATRIMONIO,10,"buen profesor, permisivo y comprensivo, amplio conocimiento lo cual genera interés real en su curso.",Positivo,0.8894,Otro,0.9774,No detectado,0.0126,0.0090,0.0079
FACULTAD DE INGENIERIA Y ARQUITECTURA,JJMR,AR03,ARQUITECTURA PLAN 2015,11199,EFG: ESTRATEGIAS ARQUITECTONICAS EN EL PATRIMONIO,10,"buena clase impartida por el profesor, desearí­a haber podido dedicarle mucho más tiempo a su clase y haber compartido el aula con muchos más compañeros.",Positivo,0.9448,Alegría,0.9899,No detectado,0.0122,0.0074,0.0078
FACULTAD DE INGENIERIA Y ARQUITECTURA,JJMR,AR03,ARQUITECTURA PLAN 2015,11199,EFG: ESTRATEGIAS ARQUITECTONICAS EN EL PATRIMONIO,10,"el profesor migone ha hecho un excelente aprendizaje de la asignatura, cada clase nos enseño los patrimonios diferentes, complejos , desgastados, destruidos y pasarlos a una restauración tan unico... simplemente es lo mejor que me mostraron en el patrimonio de la humanidad.",Positivo,0.9691,Alegría,0.9548,No detectado,0.0212,0.0043,0.0116
FACULTAD DE INGENIERIA Y ARQUITECTURA,RSDC,CI02,INGENIERÍA CIVIL INDUSTRIAL (PLAN 2015),14700,INTRODUCCION A LA FISICA,102,"a la hora de responder las encuestas de profesores en vez de solo tener la encuesta de mis profesores me salen las encuestas de todos los profesores de primer semestre, intente solucionar este error y mandar correos pero nunca fueron respondidos. muchas gracias, ignacio correa.",Negativo,0.8867,Otro,0.8178,No detectado,0.0191,0.0055,0.0118
FACULTAD DE INGENIERIA Y ARQUITECTURA,RSDC,CI02,INGENIERÍA CIVIL INDUSTRIAL (PLAN 2015),14700,INTRODUCCION A LA FISICA,70,buen profesor.,Positivo,0.8798,Alegría,0.6186,No detectado,0.0201,0.0141,0.0145
FACULTAD DE INGENIERIA Y ARQUITECTURA,RSDC,IC05,INGENIERÍA CIVIL EN COMPUTACIÓN E INFORMÁTICA PLAN 2017,14704,MECANICA,10,buen profesor.,Positivo,0.8798,Alegría,0.6186,No detectado,0.0201,0.0141,0.0145
FACULTAD DE INGENIERIA Y ARQUITECTURA,RSDC,CI02,INGENIERÍA CIVIL INDUSTRIAL (PLAN 2015),14700,INTRODUCCION A LA FISICA,70,buen profesor.,Positivo,0.8798,Alegría,0.6186,No detectado,0.0201,0.0141,0.0145
FACULTAD DE INGENIERIA Y ARQUITECTURA,RSDC,CI02,INGENIERÍA CIVIL INDUSTRIAL (PLAN 2015),14700,INTRODUCCION A LA FISICA,102,buen profesor.,Positivo,0.8798,Alegría,0.6186,No detectado,0.0201,0.0141,0.0145
FACULTAD DE INGENIERIA Y ARQUITECTURA,RSDC,CI02,INGENIERÍA CIVIL INDUSTRIAL (PLAN 2015),14700,INTRODUCCION A LA FISICA,70,buen profesor.,Positivo,0.8798,Alegría,0.6186,No detectado,0.0201,0.0141,0.0145
FACULTAD DE INGENIERIA Y ARQUITECTURA,RSDC,IM02,INGENIERÍA CIVIL EN MINAS PLAN 2017,14704,MECANICA,10,buen profesor.,Positivo,0.8798,Alegría,0.6186,No detectado,0.0201,0.0141,0.0145
FACULTAD DE INGENIERIA Y ARQUITECTURA,RSDC,CI02,INGENIERÍA CIVIL INDUSTRIAL (PLAN 2015),14700,INTRODUCCION A LA FISICA,70,buen trabajo.,Positivo,0.9062,Alegría,0.9625,No detectado,0.0175,0.0116,0.0176
FACULTAD DE INGENIERIA Y ARQUITECTURA,RSDC,OB07,INGENIERÍA CIVIL EN OBRAS CIVILES PLAN 2017,14704,MECANICA,10,buena forma de enseñar.,Positivo,0.8595,Otro,0.6650,No detectado,0.0196,0.0123,0.0134
FACULTAD DE INGENIERIA Y ARQUITECTURA,RSDC,IC05,INGENIERÍA CIVIL EN COMPUTACIÓN E INFORMÁTICA PLAN 2017,14704,MECANICA,10,bueno.,Neutral,0.4849,Otro,0.8337,No detectado,0.0527,0.0147,0.0360
FACULTAD DE INGENIERIA Y ARQUITECTURA,RSDC,CI02,INGENIERÍA CIVIL INDUSTRIAL (PLAN 2015),14700,INTRODUCCION A LA FISICA,70,de los mejores profesores que tuve este semestre.,Positivo,0.9595,Alegría,0.9885,No detectado,0.0127,0.0077,0.0086
FACULTAD DE INGENIERIA Y ARQUITECTURA,RSDC,CI02,INGENIERÍA CIVIL INDUSTRIAL (PLAN 2015),14700,INTRODUCCION A LA FISICA,102,el mejor profesor de fisixa.,Positivo,0.9155,Otro,0.7597,No detectado,0.0103,0.0087,0.0076
FACULTAD DE INGENIERIA Y ARQUITECTURA,RSDC,IC05,INGENIERÍA CIVIL EN COMPUTACIÓN E INFORMÁTICA PLAN 2017,14704,MECANICA,10,el mejor profesor de mecánica explica bien la teorí­a y la aplicación.,Positivo,0.9619,Otro,0.9907,No detectado,0.0146,0.0080,0.0083
FACULTAD DE INGENIERIA Y ARQUITECTURA,RSDC,CI02,INGENIERÍA CIVIL INDUSTRIAL (PLAN 2015),14700,INTRODUCCION A LA FISICA,70,el mejor profesor que me a hecho clase.,Positivo,0.9454,Alegría,0.8298,No detectado,0.0119,0.0118,0.0087
FACULTAD DE INGENIERIA Y ARQUITECTURA,RSDC,CI02,INGENIERÍA CIVIL INDUSTRIAL (PLAN 2015),14700,INTRODUCCION A LA FISICA,70,el mejor profesor!.,Positivo,0.9295,Alegría,0.9879,No detectado,0.0120,0.0102,0.0091
FACULTAD DE INGENIERIA Y ARQUITECTURA,RSDC,CI02,INGENIERÍA CIVIL INDUSTRIAL (PLAN 2015),14700,INTRODUCCION A LA FISICA,70,"el profesor roberto donoso es un excelente profesorsional, enseña con mucha vocación y respeto.",Positivo,0.9755,Alegría,0.5075,No detectado,0.0088,0.0078,0.0074
FACULTAD DE INGENIERIA Y ARQUITECTURA,RSDC,CI02,INGENIERÍA CIVIL INDUSTRIAL (PLAN 2015),14700,INTRODUCCION A LA FISICA,70,en los 4 años de media nunca pase física y gracias al profesor roberto logre aprender la mayor parte de la materia relacionada con la física.,Neutral,0.7181,Otro,0.8648,No detectado,0.0221,0.0071,0.0123
FACULTAD DE INGENIERIA Y ARQUITECTURA,RSDC,CI02,INGENIERÍA CIVIL INDUSTRIAL (PLAN 2015),14700,INTRODUCCION A LA FISICA,70,"es didáctico, sus clase son divertidas, enseña primero y luego da ejercicios y se hace el resultado en conjunto, está dispuesto a ayudar y explicar si algo no se entiende o si hay preguntas de otras cosas aparte de su clase, enseña bien y con claridad.",Positivo,0.8759,Otro,0.9207,No detectado,0.0180,0.0058,0.0100
FACULTAD DE INGENIERIA Y ARQUITECTURA,RSDC,CI02,INGENIERÍA CIVIL INDUSTRIAL (PLAN 2015),14700,INTRODUCCION A LA FISICA,70,"es super buen prode nada que agragar, hace super bien su trabajo.",Positivo,0.9725,Otro,0.8303,No detectado,0.0116,0.0102,0.0086
FACULTAD DE INGENIERIA Y ARQUITECTURA,RSDC,CI02,INGENIERÍA CIVIL INDUSTRIAL (PLAN 2015),14700,INTRODUCCION A LA FISICA,70,es un buen profesor y explica todo correctamente.,Positivo,0.9739,Otro,0.9105,No detectado,0.0129,0.0106,0.0079
FACULTAD DE INGENIERIA Y ARQUITECTURA,RSDC,CI02,INGENIERÍA CIVIL INDUSTRIAL (PLAN 2015),14700,INTRODUCCION A LA FISICA,70,"es un excelente profesor,domina y tiene buen conocimiento de la materia, es puntual y tiene estrategias didácticas.",Positivo,0.9676,Otro,0.7613,No detectado,0.0122,0.0089,0.0076
FACULTAD DE INGENIERIA Y ARQUITECTURA,RSDC,CI02,INGENIERÍA CIVIL INDUSTRIAL (PLAN 2015),14700,INTRODUCCION A LA FISICA,70,es un profesor que explica bien y un profesor bastante comprensivo.,Positivo,0.9752,Otro,0.9174,No detectado,0.0127,0.0086,0.0075
FACULTAD DE INGENIERIA Y ARQUITECTURA,RSDC,CI02,INGENIERÍA CIVIL INDUSTRIAL (PLAN 2015),14700,INTRODUCCION A LA FISICA,70,es una máquina total.,Positivo,0.8311,Alegría,0.7414,No detectado,0.0207,0.0135,0.0139
FACULTAD DE INGENIERIA Y ARQUITECTURA,RSDC,CI02,INGENIERÍA CIVIL INDUSTRIAL (PLAN 2015),14700,INTRODUCCION A LA FISICA,102,"espectacular este profesor, solo decir que es muy bueno en su trabajo.",Positivo,0.9764,Alegría,0.9938,No detectado,0.0126,0.0076,0.0072
FACULTAD DE INGENIERIA Y ARQUITECTURA,RSDC,CI02,INGENIERÍA CIVIL INDUSTRIAL (PLAN 2015),14700,INTRODUCCION A LA FISICA,70,"este a sido unos de los mejores profesores que me a tocado en mi vida, puedo decir que tiene mucho profesorsionalismo y vocación para dar clases, un excelente profesor.",Positivo,0.9776,Alegría,0.9937,No detectado,0.0090,0.0071,0.0068
FACULTAD DE INGENIERIA Y ARQUITECTURA,RSDC,IC05,INGENIERÍA CIVIL EN COMPUTACIÓN E INFORMÁTICA PLAN 2017,14704,MECANICA,10,"este profesor debería hacer todos los cursos relacionados a fisica de la universidad, simplemente maravilloso.",Positivo,0.9266,Alegría,0.8790,No detectado,0.0134,0.0065,0.0066
FACULTAD DE INGENIERIA Y ARQUITECTURA,RSDC,IM02,INGENIERÍA CIVIL EN MINAS PLAN 2017,14704,MECANICA,10,"este profesor es peculiar, un increí­ble conocimiento en todas las áreas de la física. es capaz de no solo enseñarte la materia si no de contagiar un cariño a esta. tiene distintos métodos de enseñanza y si alguien no entiende algo le enseña paso por paso lo que debe hacer, es alguien que busca que entiendas la materia en vez de memorizar las formulas, gracias a el he podido mejorar en mi comprensión. lo recomendarí­a el 100% de las veces.",Positivo,0.9405,Otro,0.6572,No detectado,0.0140,0.0057,0.0075
FACULTAD DE INGENIERIA Y ARQUITECTURA,RSDC,CI02,INGENIERÍA CIVIL INDUSTRIAL (PLAN 2015),14700,INTRODUCCION A LA FISICA,70,"excelente docente, profesorsional, comprometido y responsable con la clase. me gustaron sus clases, es un profesor muy simpático.",Positivo,0.9769,Alegría,0.9915,No detectado,0.0099,0.0090,0.0088
FACULTAD DE INGENIERIA Y ARQUITECTURA,RSDC,CI02,INGENIERÍA CIVIL INDUSTRIAL (PLAN 2015),14700,INTRODUCCION A LA FISICA,102,excelente profesor.,Positivo,0.9060,Alegría,0.9409,No detectado,0.0124,0.0121,0.0102
FACULTAD DE INGENIERIA Y ARQUITECTURA,RSDC,CI02,INGENIERÍA CIVIL INDUSTRIAL (PLAN 2015),14700,INTRODUCCION A LA FISICA,70,excelente profesor.,Positivo,0.9060,Alegría,0.9409,No detectado,0.0124,0.0121,0.0102
FACULTAD DE INGENIERIA Y ARQUITECTURA,RSDC,CI02,INGENIERÍA CIVIL INDUSTRIAL (PLAN 2015),14700,INTRODUCCION A LA FISICA,102,excelente profesor.,Positivo,0.9060,Alegría,0.9409,No detectado,0.0124,0.0121,0.0102
FACULTAD DE INGENIERIA Y ARQUITECTURA,RSDC,CI02,INGENIERÍA CIVIL INDUSTRIAL (PLAN 2015),14700,INTRODUCCION A LA FISICA,70,excelente profesor.,Positivo,0.9060,Alegría,0.9409,No detectado,0.0124,0.0121,0.0102
FACULTAD DE INGENIERIA Y ARQUITECTURA,RSDC,IC05,INGENIERÍA CIVIL EN COMPUTACIÓN E INFORMÁTICA PLAN 2017,14704,MECANICA,10,excelente profesor.,Positivo,0.9060,Alegría,0.9409,No detectado,0.0124,0.0121,0.0102
FACULTAD DE INGENIERIA Y ARQUITECTURA,RSDC,CI02,INGENIERÍA CIVIL INDUSTRIAL (PLAN 2015),14704,MECANICA,10,excelente profesor con gran conocimiento de pedagogí­a logra conectar de manera efectiva los contenidos con los estudiantes. un maestro ejemplar.,Positivo,0.9699,Alegría,0.9959,No detectado,0.0093,0.0071,0.0067
FACULTAD DE INGENIERIA Y ARQUITECTURA,RSDC,IC05,INGENIERÍA CIVIL EN COMPUTACIÓN E INFORMÁTICA PLAN 2017,14704,MECANICA,10,excelente profesor nada que agregar.,Positivo,0.9330,Otro,0.5028,No detectado,0.0124,0.0094,0.0081
FACULTAD DE INGENIERIA Y ARQUITECTURA,RSDC,CI02,INGENIERÍA CIVIL INDUSTRIAL (PLAN 2015),14700,INTRODUCCION A LA FISICA,70,"excelente profesor, es un genio.",Positivo,0.9756,Alegría,0.9729,No detectado,0.0098,0.0075,0.0074
FACULTAD DE INGENIERIA Y ARQUITECTURA,RSDC,CO05,INGENIERÍA EN CONSTRUCCIÓN PLAN 2017,14704,MECANICA,10,"excelente profesor, tiene una buena disposición al momento de hacer la clase.
su manera de explicar la materia hace que sea sencillo entender.
recomendado totalmente.",Positivo,0.9751,Otro,0.7936,No detectado,0.0101,0.0067,0.0070
FACULTAD DE INGENIERIA Y ARQUITECTURA,RSDC,CI02,INGENIERÍA CIVIL INDUSTRIAL (PLAN 2015),14704,MECANICA,10,excelente profesor.,Positivo,0.9060,Alegría,0.9409,No detectado,0.0124,0.0121,0.0102
FACULTAD DE INGENIERIA Y ARQUITECTURA,RSDC,GE02,GEOLOGÍA PLAN 2017,14704,MECANICA,10,"excelente tanto como profesor y persona, recomendado al 100%, buena cercania con sus estudiantes y preocupado.",Positivo,0.9685,Alegría,0.9887,No detectado,0.0096,0.0086,0.0074
FACULTAD DE INGENIERIA Y ARQUITECTURA,RSDC,IC05,INGENIERÍA CIVIL EN COMPUTACIÓN E INFORMÁTICA PLAN 2017,14704,MECANICA,10,explic.,Neutral,0.5907,Otro,0.9361,No detectado,0.0442,0.0173,0.0288
FACULTAD DE INGENIERIA Y ARQUITECTURA,RSDC,CI02,INGENIERÍA CIVIL INDUSTRIAL (PLAN 2015),14700,INTRODUCCION A LA FISICA,70,hace muy bien su trabajo.,Positivo,0.9700,Otro,0.6199,No detectado,0.0146,0.0095,0.0092
FACULTAD DE INGENIERIA Y ARQUITECTURA,RSDC,CI02,INGENIERÍA CIVIL INDUSTRIAL (PLAN 2015),14700,INTRODUCCION A LA FISICA,70,la pruebas eran en grupo y eran facil de resolver.,Neutral,0.6435,Otro,0.9884,No detectado,0.1987,0.0100,0.0420
FACULTAD DE INGENIERIA Y ARQUITECTURA,RSDC,IC05,INGENIERÍA CIVIL EN COMPUTACIÓN E INFORMÁTICA PLAN 2017,14704,MECANICA,10,lo amo.,Positivo,0.7731,Alegría,0.9223,No detectado,0.0163,0.0134,0.0143
FACULTAD DE INGENIERIA Y ARQUITECTURA,RSDC,CI02,INGENIERÍA CIVIL INDUSTRIAL (PLAN 2015),14700,INTRODUCCION A LA FISICA,70,lo único negativo es que pasa muy rápido la materia.,Negativo,0.6015,Otro,0.6085,No detectado,0.0399,0.0115,0.0137
FACULTAD DE INGENIERIA Y ARQUITECTURA,RSDC,IM02,INGENIERÍA CIVIL EN MINAS PLAN 2017,14704,MECANICA,10,muy bue profesor atento y paciente hace la clase bien dinámica con harta práctica y ejercicios que permiten a uno llegar a las pruebas relajado y confiado en nuestros conocimientos.,Positivo,0.9733,Otro,0.8644,No detectado,0.0251,0.0052,0.0106
FACULTAD DE INGENIERIA Y ARQUITECTURA,RSDC,CI02,INGENIERÍA CIVIL INDUSTRIAL (PLAN 2015),14704,MECANICA,10,muy buen profesor.,Positivo,0.9677,Alegría,0.9051,No detectado,0.0123,0.0104,0.0094
FACULTAD DE INGENIERIA Y ARQUITECTURA,RSDC,CI02,INGENIERÍA CIVIL INDUSTRIAL (PLAN 2015),14700,INTRODUCCION A LA FISICA,102,muy buen profesor.,Positivo,0.9677,Alegría,0.9051,No detectado,0.0123,0.0104,0.0094
FACULTAD DE INGENIERIA Y ARQUITECTURA,RSDC,IC05,INGENIERÍA CIVIL EN COMPUTACIÓN E INFORMÁTICA PLAN 2017,14704,MECANICA,10,muy buen profesor.,Positivo,0.9677,Alegría,0.9051,No detectado,0.0123,0.0104,0.0094
FACULTAD DE INGENIERIA Y ARQUITECTURA,RSDC,CI02,INGENIERÍA CIVIL INDUSTRIAL (PLAN 2015),14700,INTRODUCCION A LA FISICA,70,muy buen profesor dedicado a sus clases.,Positivo,0.9718,Alegría,0.6097,No detectado,0.0205,0.0082,0.0102
FACULTAD DE INGENIERIA Y ARQUITECTURA,RSDC,GE02,GEOLOGÍA PLAN 2017,14704,MECANICA,10,muy buen profesor explicaba claramente sin enenrredar a los estudiantes.,Positivo,0.8676,Otro,0.9932,No detectado,0.0183,0.0065,0.0102
FACULTAD DE INGENIERIA Y ARQUITECTURA,RSDC,CI02,INGENIERÍA CIVIL INDUSTRIAL (PLAN 2015),14704,MECANICA,10,muy buen profesor nada que decir entregaba las notas a tiempo todo muy bien.,Positivo,0.9710,Otro,0.5076,No detectado,0.0121,0.0092,0.0082
FACULTAD DE INGENIERIA Y ARQUITECTURA,RSDC,GE02,GEOLOGÍA PLAN 2017,14704,MECANICA,10,"muy buen profesor, atento a los alumnos y cercano.",Positivo,0.9639,Alegría,0.7070,No detectado,0.0125,0.0087,0.0095
FACULTAD DE INGENIERIA Y ARQUITECTURA,RSDC,GE02,GEOLOGÍA PLAN 2017,14704,MECANICA,10,"muy buen profesor, simpático, agradable sus clases, precisas, todo lo que enseña sale en la prueba, hace un plus en los estudiantes con un método de enseñanza, es inclusivo y tiene mucha alegría al enseñar, le gusta lo que hace, sus clases son muy gratas y aprendo mucho, además rápido .",Positivo,0.9777,Alegría,0.9938,No detectado,0.0183,0.0076,0.0111
FACULTAD DE INGENIERIA Y ARQUITECTURA,RSDC,IC05,INGENIERÍA CIVIL EN COMPUTACIÓN E INFORMÁTICA PLAN 2017,14704,MECANICA,10,"muy buen profesor, tal vez en algunas situaciones no se logra expresar de buena manera, pero siempre lo intenta.",Positivo,0.8991,Otro,0.8766,No detectado,0.0133,0.0086,0.0085
FACULTAD DE INGENIERIA Y ARQUITECTURA,RSDC,CI02,INGENIERÍA CIVIL INDUSTRIAL (PLAN 2015),14700,INTRODUCCION A LA FISICA,102,muy buen profesor.,Positivo,0.9677,Alegría,0.9051,No detectado,0.0123,0.0104,0.0094
FACULTAD DE INGENIERIA Y ARQUITECTURA,RSDC,CI02,INGENIERÍA CIVIL INDUSTRIAL (PLAN 2015),14700,INTRODUCCION A LA FISICA,70,"muy buenas evaluaciones, tanto exámenes como trabajos grupales.",Positivo,0.9385,Alegría,0.9609,No detectado,0.0280,0.0038,0.0150
FACULTAD DE INGENIERIA Y ARQUITECTURA,RSDC,CI02,INGENIERÍA CIVIL INDUSTRIAL (PLAN 2015),14700,INTRODUCCION A LA FISICA,102,muy bueno.,Positivo,0.8803,Alegría,0.9013,No detectado,0.0337,0.0171,0.0277
FACULTAD DE INGENIERIA Y ARQUITECTURA,RSDC,CI02,INGENIERÍA CIVIL INDUSTRIAL (PLAN 2015),14700,INTRODUCCION A LA FISICA,70,muy bueno.,Positivo,0.8803,Alegría,0.9013,No detectado,0.0337,0.0171,0.0277
FACULTAD DE INGENIERIA Y ARQUITECTURA,RSDC,CI02,INGENIERÍA CIVIL INDUSTRIAL (PLAN 2015),14700,INTRODUCCION A LA FISICA,70,muy buenos métodos de aprendizajes.,Positivo,0.9692,Otro,0.6895,No detectado,0.0198,0.0046,0.0126
FACULTAD DE INGENIERIA Y ARQUITECTURA,RSDC,CI02,INGENIERÍA CIVIL INDUSTRIAL (PLAN 2015),14700,INTRODUCCION A LA FISICA,70,nada que decir sobre el profesor.,Negativo,0.5464,Otro,0.9971,No detectado,0.0209,0.0154,0.0117
FACULTAD DE INGENIERIA Y ARQUITECTURA,RSDC,CI02,INGENIERÍA CIVIL INDUSTRIAL (PLAN 2015),14700,INTRODUCCION A LA FISICA,102,nada que decir sobre el profesor.,Negativo,0.5464,Otro,0.9971,No detectado,0.0209,0.0154,0.0117
FACULTAD DE INGENIERIA Y ARQUITECTURA,RSDC,IC05,INGENIERÍA CIVIL EN COMPUTACIÓN E INFORMÁTICA PLAN 2017,14704,MECANICA,10,nada que decir. fue un gusto haber cursado mecánica con el. un excelente docente.,Positivo,0.9728,Alegría,0.9894,No detectado,0.0100,0.0069,0.0066
FACULTAD DE INGENIERIA Y ARQUITECTURA,RSDC,CI02,INGENIERÍA CIVIL INDUSTRIAL (PLAN 2015),14700,INTRODUCCION A LA FISICA,102,ni.,Neutral,0.5170,Otro,0.5604,No detectado,0.0871,0.0453,0.0560
FACULTAD DE INGENIERIA Y ARQUITECTURA,RSDC,CI02,INGENIERÍA CIVIL INDUSTRIAL (PLAN 2015),14704,MECANICA,10,no.,Neutral,0.4675,Otro,0.5628,No detectado,0.0628,0.0154,0.0316
FACULTAD DE INGENIERIA Y ARQUITECTURA,RSDC,CI02,INGENIERÍA CIVIL INDUSTRIAL (PLAN 2015),14700,INTRODUCCION A LA FISICA,70,no aplica.,Neutral,0.5012,Otro,0.9326,No detectado,0.0688,0.0244,0.0385
FACULTAD DE INGENIERIA Y ARQUITECTURA,RSDC,CI02,INGENIERÍA CIVIL INDUSTRIAL (PLAN 2015),14700,INTRODUCCION A LA FISICA,102,"para esta asignatura hablamos de laboratorio, en la que nuestro profesor recalca que es muy importante la asistencia, porque en cada clase nos enseñaba experimentos prácticos, graficar los resultados en excel, etc. excelente clase.",Positivo,0.9327,Otro,0.6267,No detectado,0.0127,0.0068,0.0082
FACULTAD DE INGENIERIA Y ARQUITECTURA,RSDC,CI02,INGENIERÍA CIVIL INDUSTRIAL (PLAN 2015),14700,INTRODUCCION A LA FISICA,70,profesor apasionado con su trabajo.,Positivo,0.9344,Alegría,0.9701,No detectado,0.0148,0.0090,0.0083
FACULTAD DE INGENIERIA Y ARQUITECTURA,RSDC,CI02,INGENIERÍA CIVIL INDUSTRIAL (PLAN 2015),14700,INTRODUCCION A LA FISICA,70,profesor comprometido con los alumnos que ayuda en todo momento.,Positivo,0.8800,Alegría,0.9732,No detectado,0.0125,0.0078,0.0074
FACULTAD DE INGENIERIA Y ARQUITECTURA,RSDC,CI02,INGENIERÍA CIVIL INDUSTRIAL (PLAN 2015),14700,INTRODUCCION A LA FISICA,70,profesor excelente en varios aspectos.,Positivo,0.9546,Otro,0.9127,No detectado,0.0133,0.0076,0.0081
FACULTAD DE INGENIERIA Y ARQUITECTURA,RSDC,CI02,INGENIERÍA CIVIL INDUSTRIAL (PLAN 2015),14700,INTRODUCCION A LA FISICA,102,profesor que se ve motivado en cada hora de laboratorio.,Positivo,0.9236,Otro,0.9945,No detectado,0.0212,0.0134,0.0105
FACULTAD DE INGENIERIA Y ARQUITECTURA,RSDC,IM02,INGENIERÍA CIVIL EN MINAS PLAN 2017,14704,MECANICA,10,que bien explica este hombre.,Positivo,0.9572,Otro,0.6383,No detectado,0.0124,0.0068,0.0073
FACULTAD DE INGENIERIA Y ARQUITECTURA,RSDC,GE02,GEOLOGÍA PLAN 2017,14704,MECANICA,10,recomendado completamente para seguir como profesor.,Positivo,0.8446,Otro,0.9932,No detectado,0.0104,0.0082,0.0084
FACULTAD DE INGENIERIA Y ARQUITECTURA,RSDC,IC05,INGENIERÍA CIVIL EN COMPUTACIÓN E INFORMÁTICA PLAN 2017,14704,MECANICA,10,sabe muchos temas del ramo.,Neutral,0.5418,Otro,0.9965,No detectado,0.0130,0.0088,0.0065
FACULTAD DE INGENIERIA Y ARQUITECTURA,RSDC,CI02,INGENIERÍA CIVIL INDUSTRIAL (PLAN 2015),14700,INTRODUCCION A LA FISICA,102,se tomaba las clases muy simples y solí­an durar poco y dejaba todo para resolver en casa y personalmente me complicó ojalá en el futuro trate de resolver dudas de la realización de los informes y sea más directo no solo ir y dar libre el resto de clase.,Negativo,0.7345,Otro,0.8199,No detectado,0.0359,0.0072,0.0207
FACULTAD DE INGENIERIA Y ARQUITECTURA,RSDC,CI02,INGENIERÍA CIVIL INDUSTRIAL (PLAN 2015),14704,MECANICA,10,si hubiera mas nota este profesor sin dudas la recibe.,Positivo,0.6350,Otro,0.9902,No detectado,0.0357,0.0120,0.0128
FACULTAD DE INGENIERIA Y ARQUITECTURA,RSDC,CI02,INGENIERÍA CIVIL INDUSTRIAL (PLAN 2015),14700,INTRODUCCION A LA FISICA,102,"son entretenidas las clases y nos deja la materia muy clara, ya que si no entendimiento con un ejercicio que hizo de 3 forma diferente, cambia de ejercicio por uno parecido para que entendamos 100%.",Positivo,0.9120,Otro,0.9965,No detectado,0.0212,0.0055,0.0089
FACULTAD DE INGENIERIA Y ARQUITECTURA,RSDC,GE02,GEOLOGÍA PLAN 2017,14704,MECANICA,10,"sus clases son entretenidas, explica demasiado bien me motiva mucho ir a sus clases.",Positivo,0.9789,Alegría,0.9437,No detectado,0.0233,0.0082,0.0116
FACULTAD DE INGENIERIA Y ARQUITECTURA,RSDC,IM02,INGENIERÍA CIVIL EN MINAS PLAN 2017,14704,MECANICA,10,todo bien.,Positivo,0.7033,Otro,0.7826,No detectado,0.0408,0.0222,0.0283
FACULTAD DE INGENIERIA Y ARQUITECTURA,RSDC,CI02,INGENIERÍA CIVIL INDUSTRIAL (PLAN 2015),14700,INTRODUCCION A LA FISICA,102,"un profesor excelente, buena disposición, enseña con cariño y humildad, tiene muchas cualidades positivas.",Positivo,0.9699,Alegría,0.9724,No detectado,0.0158,0.0069,0.0089
FACULTAD DE INGENIERIA Y ARQUITECTURA,RSDC,CI02,INGENIERÍA CIVIL INDUSTRIAL (PLAN 2015),14700,INTRODUCCION A LA FISICA,70,un profesor muy dinámico y divertido que tiene un método excelente para enseñar a alumnos recién ingresados.,Positivo,0.9753,Alegría,0.7482,No detectado,0.0122,0.0056,0.0074
FACULTAD DE INGENIERIA Y ARQUITECTURA,JECE,CI02,INGENIERÍA CIVIL INDUSTRIAL (PLAN 2015),58039,SISTEMAS INTEGRADOS DE GESTION,11,buen profesor.,Positivo,0.8798,Alegría,0.6186,No detectado,0.0201,0.0141,0.0145
FACULTAD DE INGENIERIA Y ARQUITECTURA,JECE,CI02,INGENIERÍA CIVIL INDUSTRIAL (PLAN 2015),58039,SISTEMAS INTEGRADOS DE GESTION,10,buen profesor y sus clases.,Positivo,0.8960,Otro,0.8995,No detectado,0.0271,0.0170,0.0233
FACULTAD DE INGENIERIA Y ARQUITECTURA,JECE,CI02,INGENIERÍA CIVIL INDUSTRIAL (PLAN 2015),58039,SISTEMAS INTEGRADOS DE GESTION,10,comprender a los alumnos sus problemas.,Negativo,0.6012,Otro,0.9483,No detectado,0.0423,0.0040,0.0218
FACULTAD DE INGENIERIA Y ARQUITECTURA,JECE,CI02,INGENIERÍA CIVIL INDUSTRIAL (PLAN 2015),58039,SISTEMAS INTEGRADOS DE GESTION,11,comprensión.,Neutral,0.5329,Otro,0.6536,No detectado,0.0801,0.0394,0.0507
FACULTAD DE INGENIERIA Y ARQUITECTURA,JECE,CI02,INGENIERÍA CIVIL INDUSTRIAL (PLAN 2015),58039,SISTEMAS INTEGRADOS DE GESTION,10,"el peor profesor que tuve durante toda la carrera, súper malas sus clases y su actitud poco profesorsional con el alumnado, falta de respeto constantes y denigración hacia estos.",Negativo,0.9835,Ira,0.9381,No detectado,0.0187,0.0047,0.0153
FACULTAD DE INGENIERIA Y ARQUITECTURA,JECE,CI02,INGENIERÍA CIVIL INDUSTRIAL (PLAN 2015),58039,SISTEMAS INTEGRADOS DE GESTION,11,"el peor profesor que tuve durante toda la carrera, pésimas sus clases y evaluaciones, actitud prepotente y poco colaborativa, imposible realizar alguna consulta, el profesor se enoja y trata de forma denigrante, no debería dar clases!!:.",Negativo,0.9810,Ira,0.9393,No detectado,0.0173,0.0077,0.0164
FACULTAD DE INGENIERIA Y ARQUITECTURA,JECE,CI02,INGENIERÍA CIVIL INDUSTRIAL (PLAN 2015),58039,SISTEMAS INTEGRADOS DE GESTION,11,malisimo.,Negativo,0.9292,Ira,0.4112,No detectado,0.0365,0.0175,0.0273
FACULTAD DE INGENIERIA Y ARQUITECTURA,JECE,CI02,INGENIERÍA CIVIL INDUSTRIAL (PLAN 2015),58039,SISTEMAS INTEGRADOS DE GESTION,11,nada.,Neutral,0.4837,Otro,0.8243,No detectado,0.0509,0.0136,0.0305
FACULTAD DE INGENIERIA Y ARQUITECTURA,JECE,CI02,INGENIERÍA CIVIL INDUSTRIAL (PLAN 2015),58039,SISTEMAS INTEGRADOS DE GESTION,10,nada.,Neutral,0.4837,Otro,0.8243,No detectado,0.0509,0.0136,0.0305
FACULTAD DE INGENIERIA Y ARQUITECTURA,JECE,CI02,INGENIERÍA CIVIL INDUSTRIAL (PLAN 2015),58039,SISTEMAS INTEGRADOS DE GESTION,11,no recomiendo al profesor.,Negativo,0.6067,Otro,0.9848,No detectado,0.0266,0.0128,0.0210
FACULTAD DE INGENIERIA Y ARQUITECTURA,JECE,CI02,INGENIERÍA CIVIL INDUSTRIAL (PLAN 2015),58039,SISTEMAS INTEGRADOS DE GESTION,11,"no respeta a los alumnos dice que los alumnos hacen lo que quieren pero es el profesor que hace lo que le plazca, para una solución al problema se tuvo que hablar con dirección.",Negativo,0.8578,Otro,0.7125,No detectado,0.0228,0.0060,0.0135
FACULTAD DE INGENIERIA Y ARQUITECTURA,JECE,CI02,INGENIERÍA CIVIL INDUSTRIAL (PLAN 2015),58039,SISTEMAS INTEGRADOS DE GESTION,10,"no respeta en absoluto a los alumnos, dice que los alumnos hacen lo que quiere pero es el profesor que hace lo que le plazca, para poder llegar a una solución al problema con el profesor se tuvo que hablar con el director de carrera para que hubiera un cambio.",Negativo,0.9231,Otro,0.6424,No detectado,0.0188,0.0060,0.0105
FACULTAD DE INGENIERIA Y ARQUITECTURA,JECE,CI02,INGENIERÍA CIVIL INDUSTRIAL (PLAN 2015),58039,SISTEMAS INTEGRADOS DE GESTION,10,profesor muy poco empático.,Negativo,0.9780,Ira,0.9075,No detectado,0.0285,0.0258,0.0240
FACULTAD DE INGENIERIA Y ARQUITECTURA,AHMV,CI03,INGENIERÍA CIVIL INDUSTRIAL (LA SERENA),4833,MICROECONOMIA,210,bien.,Positivo,0.7325,Alegría,0.8209,No detectado,0.0506,0.0188,0.0390
FACULTAD DE INGENIERIA Y ARQUITECTURA,AHMV,CI03,INGENIERÍA CIVIL INDUSTRIAL (LA SERENA),4833,MICROECONOMIA,210,bien profesor.,Positivo,0.8302,Alegría,0.8560,No detectado,0.0213,0.0175,0.0171
FACULTAD DE INGENIERIA Y ARQUITECTURA,AHMV,CI03,INGENIERÍA CIVIL INDUSTRIAL (LA SERENA),4833,MICROECONOMIA,210,buen docente.,Positivo,0.8689,Alegría,0.8098,No detectado,0.0230,0.0187,0.0216
FACULTAD DE INGENIERIA Y ARQUITECTURA,AHMV,CI03,INGENIERÍA CIVIL INDUSTRIAL (LA SERENA),4833,MICROECONOMIA,210,buen profesor.,Positivo,0.8798,Alegría,0.6186,No detectado,0.0201,0.0141,0.0145
FACULTAD DE INGENIERIA Y ARQUITECTURA,AHMV,CI03,INGENIERÍA CIVIL INDUSTRIAL (LA SERENA),4833,MICROECONOMIA,210,buen profesor.,Positivo,0.8798,Alegría,0.6186,No detectado,0.0201,0.0141,0.0145
FACULTAD DE INGENIERIA Y ARQUITECTURA,AHMV,CI03,INGENIERÍA CIVIL INDUSTRIAL (LA SERENA),4833,MICROECONOMIA,210,buen profesor.,Positivo,0.8798,Alegría,0.6186,No detectado,0.0201,0.0141,0.0145
FACULTAD DE INGENIERIA Y ARQUITECTURA,AHMV,CI03,INGENIERÍA CIVIL INDUSTRIAL (LA SERENA),4833,MICROECONOMIA,210,buen profesor.,Positivo,0.8798,Alegría,0.6186,No detectado,0.0201,0.0141,0.0145
FACULTAD DE INGENIERIA Y ARQUITECTURA,AHMV,CI03,INGENIERÍA CIVIL INDUSTRIAL (LA SERENA),4833,MICROECONOMIA,210,bueno.,Neutral,0.4849,Otro,0.8337,No detectado,0.0527,0.0147,0.0360
FACULTAD DE INGENIERIA Y ARQUITECTURA,AHMV,CI03,INGENIERÍA CIVIL INDUSTRIAL (LA SERENA),4833,MICROECONOMIA,210,excelente.,Positivo,0.8434,Alegría,0.9649,No detectado,0.0368,0.0149,0.0255
FACULTAD DE INGENIERIA Y ARQUITECTURA,AHMV,CI03,INGENIERÍA CIVIL INDUSTRIAL (LA SERENA),4833,MICROECONOMIA,210,faltaria que el horario fuera diferente y no 4 horas juntas con el mismo profesor.,Neutral,0.4862,Otro,0.9811,No detectado,0.1367,0.0165,0.0348
FACULTAD DE INGENIERIA Y ARQUITECTURA,AHMV,CI03,INGENIERÍA CIVIL INDUSTRIAL (LA SERENA),4833,MICROECONOMIA,210,muy bueno.,Positivo,0.8803,Alegría,0.9013,No detectado,0.0337,0.0171,0.0277
FACULTAD DE INGENIERIA Y ARQUITECTURA,AHMV,CI03,INGENIERÍA CIVIL INDUSTRIAL (LA SERENA),4833,MICROECONOMIA,210,ninguno.,Neutral,0.5276,Otro,0.8177,No detectado,0.0802,0.0215,0.0500
FACULTAD DE INGENIERIA Y ARQUITECTURA,AHMV,CI03,INGENIERÍA CIVIL INDUSTRIAL (LA SERENA),4833,MICROECONOMIA,210,ninguno.,Neutral,0.5276,Otro,0.8177,No detectado,0.0802,0.0215,0.0500
FACULTAD DE INGENIERIA Y ARQUITECTURA,AHMV,CI03,INGENIERÍA CIVIL INDUSTRIAL (LA SERENA),4833,MICROECONOMIA,210,none.,Neutral,0.4534,Otro,0.7674,No detectado,0.0729,0.0286,0.0529
FACULTAD DE INGENIERIA Y ARQUITECTURA,AHMV,CI03,INGENIERÍA CIVIL INDUSTRIAL (LA SERENA),4833,MICROECONOMIA,210,profesor dispuesto a enseñar de la mejor manera a sus alumnos.,Positivo,0.9069,Otro,0.6233,No detectado,0.0148,0.0074,0.0080
FACULTAD DE INGENIERIA Y ARQUITECTURA,AHMV,CI03,INGENIERÍA CIVIL INDUSTRIAL (LA SERENA),4833,MICROECONOMIA,210,sin comentarios.,Neutral,0.4468,Otro,0.6370,No detectado,0.0500,0.0090,0.0231
FACULTAD DE INGENIERIA Y ARQUITECTURA,AHMV,CI03,INGENIERÍA CIVIL INDUSTRIAL (LA SERENA),4833,MICROECONOMIA,210,suficiente.,Neutral,0.5246,Otro,0.7725,No detectado,0.0581,0.0363,0.0448
FACULTAD DE INGENIERIA Y ARQUITECTURA,AHMV,CI03,INGENIERÍA CIVIL INDUSTRIAL (LA SERENA),4833,MICROECONOMIA,210,un 5.,Neutral,0.6576,Otro,0.4702,No detectado,0.0667,0.0209,0.0334
FACULTAD DE INGENIERIA Y ARQUITECTURA,RBTH,GE02,GEOLOGÍA PLAN 2017,56029,GEOMETALURGIA,10,buen profesor.,Positivo,0.8798,Alegría,0.6186,No detectado,0.0201,0.0141,0.0145
FACULTAD DE INGENIERIA Y ARQUITECTURA,RBTH,GE02,GEOLOGÍA PLAN 2017,59024,RIESGOS GEOLOGICOS,10,buen profesor.,Positivo,0.8798,Alegría,0.6186,No detectado,0.0201,0.0141,0.0145
FACULTAD DE INGENIERIA Y ARQUITECTURA,RBTH,GE02,GEOLOGÍA PLAN 2017,59018,GEOLOGIA DE CAMPO I,11,buena enseñando.,Positivo,0.8677,Alegría,0.9854,No detectado,0.0394,0.0291,0.0428
FACULTAD DE INGENIERIA Y ARQUITECTURA,RBTH,GE02,GEOLOGÍA PLAN 2017,59018,GEOLOGIA DE CAMPO I,11,bueno.,Neutral,0.4849,Otro,0.8337,No detectado,0.0527,0.0147,0.0360
FACULTAD DE INGENIERIA Y ARQUITECTURA,RBTH,GE02,GEOLOGÍA PLAN 2017,59018,GEOLOGIA DE CAMPO I,10,bueno.,Neutral,0.4849,Otro,0.8337,No detectado,0.0527,0.0147,0.0360
FACULTAD DE INGENIERIA Y ARQUITECTURA,RBTH,GE02,GEOLOGÍA PLAN 2017,59018,GEOLOGIA DE CAMPO I,10,"clases dinámicas, demuestra interés y pasión por lo que enseña.",Positivo,0.9445,Alegría,0.7615,No detectado,0.0160,0.0078,0.0085
FACULTAD DE INGENIERIA Y ARQUITECTURA,RBTH,GE02,GEOLOGÍA PLAN 2017,59018,GEOLOGIA DE CAMPO I,11,en general considero que las experiencias en campo deberían ser en grupos al azar para que todos tengan los mismos integrantes y que no se agrupen a la gente que no alcanzo a integrarse a un grupo con gente sin interés en la materia. además me gustaría que los tutores sean rotativos debido a que hay algunos tutores los cuales no son aporte en la experiencia en terreno. aparte de esos 2 comentarios en general estuvo interesante el ramo.,Negativo,0.7535,Otro,0.9942,No detectado,0.0611,0.0029,0.0197
FACULTAD DE INGENIERIA Y ARQUITECTURA,RBTH,GE02,GEOLOGÍA PLAN 2017,59018,GEOLOGIA DE CAMPO I,10,en general considero que las experiencias en campo deberían ser en grupos al azar para que todos tengan los mismos integrantes y que no se agrupen a la gente que no alcanzo a integrarse a un grupo con gente sin interés en la materia. además me gustaría que los tutores sean rotativos en los diferentes dí­as terreno debido a que hay algunos tutores los cuales no son aporte en la experiencia en terreno. aparte de esos 2 comentarios en general estuvo interesante el ramo.,Negativo,0.8311,Otro,0.9945,No detectado,0.0636,0.0028,0.0204
FACULTAD DE INGENIERIA Y ARQUITECTURA,RBTH,GE02,GEOLOGÍA PLAN 2017,59018,GEOLOGIA DE CAMPO I,11,excelente.,Positivo,0.8434,Alegría,0.9649,No detectado,0.0368,0.0149,0.0255
FACULTAD DE INGENIERIA Y ARQUITECTURA,RBTH,GE02,GEOLOGÍA PLAN 2017,59024,RIESGOS GEOLOGICOS,10,excelente experiencia.,Positivo,0.9215,Alegría,0.9696,No detectado,0.0209,0.0122,0.0168
FACULTAD DE INGENIERIA Y ARQUITECTURA,RBTH,GE02,GEOLOGÍA PLAN 2017,59018,GEOLOGIA DE CAMPO I,10,excelente profesora.,Positivo,0.9144,Alegría,0.9657,No detectado,0.0915,0.0614,0.0453
FACULTAD DE INGENIERIA Y ARQUITECTURA,RBTH,GE02,GEOLOGÍA PLAN 2017,59018,GEOLOGIA DE CAMPO I,11,excelente profesora.,Positivo,0.9144,Alegría,0.9657,No detectado,0.0915,0.0614,0.0453
FACULTAD DE INGENIERIA Y ARQUITECTURA,RBTH,GE02,GEOLOGÍA PLAN 2017,59018,GEOLOGIA DE CAMPO I,10,excelente profesora.,Positivo,0.9144,Alegría,0.9657,No detectado,0.0915,0.0614,0.0453
FACULTAD DE INGENIERIA Y ARQUITECTURA,RBTH,GE02,GEOLOGÍA PLAN 2017,56029,GEOMETALURGIA,10,excelente profesora.,Positivo,0.9144,Alegría,0.9657,No detectado,0.0915,0.0614,0.0453
FACULTAD DE INGENIERIA Y ARQUITECTURA,RBTH,GE02,GEOLOGÍA PLAN 2017,56029,GEOMETALURGIA,10,excelente profesora y profesorsional.,Positivo,0.9646,Alegría,0.9428,No detectado,0.1644,0.1457,0.0965
FACULTAD DE INGENIERIA Y ARQUITECTURA,RBTH,GE02,GEOLOGÍA PLAN 2017,56029,GEOMETALURGIA,10,"excelente profesora, se preocupa del alumnado y siempre asiste a clases.",Positivo,0.9637,Alegría,0.9691,No detectado,0.0563,0.0344,0.0254
FACULTAD DE INGENIERIA Y ARQUITECTURA,RBTH,GE02,GEOLOGÍA PLAN 2017,59018,GEOLOGIA DE CAMPO I,11,"excelente profesora, siempre asiste a clases y tiene siempre la disposición de ayudar al alumnado fuera del horario de clases en caso de dudas.",Positivo,0.8333,Otro,0.8374,No detectado,0.0276,0.0122,0.0136
FACULTAD DE INGENIERIA Y ARQUITECTURA,RBTH,GE02,GEOLOGÍA PLAN 2017,59018,GEOLOGIA DE CAMPO I,10,"excelente profesora, siempre asiste a clases y tiene siempre la disposición de ayudar al alumnado fuera del horario de clases en caso de dudas.",Positivo,0.8333,Otro,0.8374,No detectado,0.0276,0.0122,0.0136
FACULTAD DE INGENIERIA Y ARQUITECTURA,RBTH,GE02,GEOLOGÍA PLAN 2017,59018,GEOLOGIA DE CAMPO I,10,"fue un buen ramo con la guí­a de la profesor. el único pero fue lo que ocurrió en terreno: problemas con el grupo, mala ubicación y ayudante deficiente. ojalá para campo 2 no ser el mismo grupo, pues había algunos con los que cuesta muchísimo trabajar y el resto de grupos no tuvieron ese percance. como sugerencia dirí­a que los grupos sean al azar, no por preferencia, pues en un trabajo real a veces no te va a a tocar con tus favoritos o amigos.",Negativo,0.9519,Otro,0.7270,No detectado,0.1174,0.0065,0.0340
FACULTAD DE INGENIERIA Y ARQUITECTURA,RBTH,GE02,GEOLOGÍA PLAN 2017,56029,GEOMETALURGIA,10,"la profesor enseña muy bien, y me gustó todo lo relacionado a la geometalurgia.",Positivo,0.9794,Alegría,0.9750,No detectado,0.0215,0.0154,0.0110
FACULTAD DE INGENIERIA Y ARQUITECTURA,RBTH,GE02,GEOLOGÍA PLAN 2017,56029,GEOMETALURGIA,10,"la profesor es de las mejores que hay en geología, su experiencia es evidente y su manera de enseñar respalda su conocimiento.",Positivo,0.9613,Otro,0.9803,No detectado,0.0468,0.0270,0.0167
FACULTAD DE INGENIERIA Y ARQUITECTURA,RBTH,GE02,GEOLOGÍA PLAN 2017,59018,GEOLOGIA DE CAMPO I,11,lo mismo que en campo 1 teoría.,Neutral,0.7210,Otro,0.9923,No detectado,0.0346,0.0121,0.0144
FACULTAD DE INGENIERIA Y ARQUITECTURA,RBTH,GE02,GEOLOGÍA PLAN 2017,59024,RIESGOS GEOLOGICOS,10,"muy bien ejecutado el curso, se pudo generar un gran aprendizaje.",Positivo,0.9774,Alegría,0.9916,No detectado,0.0127,0.0070,0.0083
FACULTAD DE INGENIERIA Y ARQUITECTURA,RBTH,GE02,GEOLOGÍA PLAN 2017,59018,GEOLOGIA DE CAMPO I,11,muy buenas clases.,Positivo,0.9607,Alegría,0.9750,No detectado,0.0292,0.0061,0.0195
FACULTAD DE INGENIERIA Y ARQUITECTURA,RBTH,GE02,GEOLOGÍA PLAN 2017,56029,GEOMETALURGIA,10,"muy buenas clases, gracias.",Positivo,0.9704,Alegría,0.9796,No detectado,0.0222,0.0066,0.0152
FACULTAD DE INGENIERIA Y ARQUITECTURA,RBTH,GE02,GEOLOGÍA PLAN 2017,59024,RIESGOS GEOLOGICOS,10,"muy buenas clases, gracias.",Positivo,0.9704,Alegría,0.9796,No detectado,0.0222,0.0066,0.0152
FACULTAD DE INGENIERIA Y ARQUITECTURA,RBTH,GE02,GEOLOGÍA PLAN 2017,59018,GEOLOGIA DE CAMPO I,11,nada.,Neutral,0.4837,Otro,0.8243,No detectado,0.0509,0.0136,0.0305
FACULTAD DE INGENIERIA Y ARQUITECTURA,RBTH,GE02,GEOLOGÍA PLAN 2017,59018,GEOLOGIA DE CAMPO I,10,nada.,Neutral,0.4837,Otro,0.8243,No detectado,0.0509,0.0136,0.0305
FACULTAD DE INGENIERIA Y ARQUITECTURA,RBTH,GE02,GEOLOGÍA PLAN 2017,56029,GEOMETALURGIA,10,nada.,Neutral,0.4837,Otro,0.8243,No detectado,0.0509,0.0136,0.0305
FACULTAD DE INGENIERIA Y ARQUITECTURA,RBTH,GE02,GEOLOGÍA PLAN 2017,59018,GEOLOGIA DE CAMPO I,11,nada que decir.,Neutral,0.5090,Otro,0.8319,No detectado,0.0262,0.0117,0.0171
FACULTAD DE INGENIERIA Y ARQUITECTURA,RBTH,GE02,GEOLOGÍA PLAN 2017,59018,GEOLOGIA DE CAMPO I,10,nada que decir.,Neutral,0.5090,Otro,0.8319,No detectado,0.0262,0.0117,0.0171
FACULTAD DE INGENIERIA Y ARQUITECTURA,RBTH,IM02,INGENIERÍA CIVIL EN MINAS PLAN 2017,56029,GEOMETALURGIA,10,"ponganse vios y subanle el sueldo a esta profesor, lejos la mejor que hay en el ambito geologico y en enseñanza, se da el tiempo de explicar correctamente hasta que uno entienda. excelente profesora, ojala reciba un sueldo decente, es la fundadora de la carrera de minas y geologia.",Positivo,0.9312,Otro,0.7616,Odio,0.5842,0.2474,0.2342
FACULTAD DE INGENIERIA Y ARQUITECTURA,RBTH,GE02,GEOLOGÍA PLAN 2017,56029,GEOMETALURGIA,10,profesora muy responsable con los estudiantes y una muy buena disposición a resolver dudas. una responsabilidad notable con su ramo.,Positivo,0.9579,Alegría,0.8054,No detectado,0.0234,0.0146,0.0124
FACULTAD DE INGENIERIA Y ARQUITECTURA,RBTH,GE02,GEOLOGÍA PLAN 2017,59024,RIESGOS GEOLOGICOS,10,profesora muy responsable con los estudiantes y una muy buena disposición a resolver dudas. una responsabilidad notable con su ramo.,Positivo,0.9579,Alegría,0.8054,No detectado,0.0234,0.0146,0.0124
FACULTAD DE INGENIERIA Y ARQUITECTURA,RBTH,GE02,GEOLOGÍA PLAN 2017,59018,GEOLOGIA DE CAMPO I,10,que al momento de decir las actividades se guí­e de una rúbrica ya que en el transcurso del semestre cambió varias actividades al gusto de ella.,Neutral,0.8553,Otro,0.9965,No detectado,0.0700,0.0179,0.0159
FACULTAD DE INGENIERIA Y ARQUITECTURA,RBTH,GE02,GEOLOGÍA PLAN 2017,56029,GEOMETALURGIA,10,que entregue las notas cuando corresponda.,Neutral,0.8124,Otro,0.9936,No detectado,0.0512,0.0160,0.0192
FACULTAD DE INGENIERIA Y ARQUITECTURA,RBTH,GE02,GEOLOGÍA PLAN 2017,59018,GEOLOGIA DE CAMPO I,11,que le ponga rúbrica a las actividades para que no las cambie a la mitad del semestre.,Neutral,0.7158,Otro,0.9912,No detectado,0.0807,0.0161,0.0237
FACULTAD DE INGENIERIA Y ARQUITECTURA,RBTH,GE02,GEOLOGÍA PLAN 2017,56029,GEOMETALURGIA,10,s.,Neutral,0.4650,Otro,0.6471,No detectado,0.0762,0.0391,0.0615
FACULTAD DE INGENIERIA Y ARQUITECTURA,RBTH,GE02,GEOLOGÍA PLAN 2017,59018,GEOLOGIA DE CAMPO I,10,si le preguntas es muy apoyadora y te explica bastante bien.,Positivo,0.9468,Otro,0.9898,No detectado,0.1900,0.1326,0.0889
FACULTAD DE INGENIERIA Y ARQUITECTURA,RBTH,IM02,INGENIERÍA CIVIL EN MINAS PLAN 2017,56029,GEOMETALURGIA,10,"siempre ha sido una excelente profesora, nada mas que agregar.",Positivo,0.9398,Otro,0.6498,No detectado,0.3992,0.3621,0.1859
FACULTAD DE INGENIERIA Y ARQUITECTURA,RBTH,GE02,GEOLOGÍA PLAN 2017,59018,GEOLOGIA DE CAMPO I,11,sin comentarios.,Neutral,0.4468,Otro,0.6370,No detectado,0.0500,0.0090,0.0231
FACULTAD DE INGENIERIA Y ARQUITECTURA,RBTH,GE02,GEOLOGÍA PLAN 2017,59018,GEOLOGIA DE CAMPO I,10,sin comentarios.,Neutral,0.4468,Otro,0.6370,No detectado,0.0500,0.0090,0.0231
FACULTAD DE INGENIERIA Y ARQUITECTURA,RBTH,IM02,INGENIERÍA CIVIL EN MINAS PLAN 2017,56029,GEOMETALURGIA,10,sin comentarios.,Neutral,0.4468,Otro,0.6370,No detectado,0.0500,0.0090,0.0231
FACULTAD DE INGENIERIA Y ARQUITECTURA,FOLP,OB07,INGENIERÍA CIVIL EN OBRAS CIVILES PLAN 2017,19509,CONSTRUCCION PESADA,10,7.,Neutral,0.5087,Alegría,0.5364,No detectado,0.0590,0.0428,0.0396
FACULTAD DE INGENIERIA Y ARQUITECTURA,FOLP,CO05,INGENIERÍA EN CONSTRUCCIÓN PLAN 2017,3289,CONSTRUCCION DE OBRAS CIVILES,10,"buen profesor, con experiencia y conocimiento en el tema.",Positivo,0.9030,Otro,0.9431,No detectado,0.0128,0.0097,0.0083
FACULTAD DE INGENIERIA Y ARQUITECTURA,FOLP,CO05,INGENIERÍA EN CONSTRUCCIÓN PLAN 2017,3289,CONSTRUCCION DE OBRAS CIVILES,10,docente a seguir.,Neutral,0.5577,Otro,0.5618,No detectado,0.0528,0.0233,0.0309
FACULTAD DE INGENIERIA Y ARQUITECTURA,FOLP,OB07,INGENIERÍA CIVIL EN OBRAS CIVILES PLAN 2017,19509,CONSTRUCCION PESADA,10,es un buen aporte a la vinculación con el futuro profesorsional de los alumnos.,Positivo,0.9508,Otro,0.8994,No detectado,0.0123,0.0067,0.0081
FACULTAD DE INGENIERIA Y ARQUITECTURA,FOLP,CO05,INGENIERÍA EN CONSTRUCCIÓN PLAN 2017,3289,CONSTRUCCION DE OBRAS CIVILES,10,excelente enfoque.,Positivo,0.9084,Alegría,0.8982,No detectado,0.0161,0.0109,0.0127
FACULTAD DE INGENIERIA Y ARQUITECTURA,FOLP,OB07,INGENIERÍA CIVIL EN OBRAS CIVILES PLAN 2017,19509,CONSTRUCCION PESADA,10,"excelente profesor, crea un ambiente de clase muy grato que motiva a estudiar el ramo.",Positivo,0.9830,Alegría,0.9895,No detectado,0.0110,0.0063,0.0065
FACULTAD DE INGENIERIA Y ARQUITECTURA,FOLP,CO05,INGENIERÍA EN CONSTRUCCIÓN PLAN 2017,3289,CONSTRUCCION DE OBRAS CIVILES,10,"excelente profesor, de los mejores que e tenido en toda la carrera, faltan profesores como el desde los primeros ramos de la carrera, un profesor que te conecte 100% lo teórico con la realidad.",Positivo,0.9662,Alegría,0.9642,No detectado,0.0119,0.0062,0.0066
FACULTAD DE INGENIERIA Y ARQUITECTURA,FOLP,CO05,INGENIERÍA EN CONSTRUCCIÓN PLAN 2017,3289,CONSTRUCCION DE OBRAS CIVILES,10,"excelente profesor, me hizo sentir que estaba en el lugar correcto.",Positivo,0.9704,Alegría,0.9782,No detectado,0.0094,0.0083,0.0073
FACULTAD DE INGENIERIA Y ARQUITECTURA,FOLP,CO05,INGENIERÍA EN CONSTRUCCIÓN PLAN 2017,3289,CONSTRUCCION DE OBRAS CIVILES,10,excelente profesor.,Positivo,0.9060,Alegría,0.9409,No detectado,0.0124,0.0121,0.0102
FACULTAD DE INGENIERIA Y ARQUITECTURA,FOLP,OB07,INGENIERÍA CIVIL EN OBRAS CIVILES PLAN 2017,19509,CONSTRUCCION PESADA,10,muy buen profesor.,Positivo,0.9677,Alegría,0.9051,No detectado,0.0123,0.0104,0.0094
FACULTAD DE INGENIERIA Y ARQUITECTURA,FOLP,CO05,INGENIERÍA EN CONSTRUCCIÓN PLAN 2017,3289,CONSTRUCCION DE OBRAS CIVILES,10,nada.,Neutral,0.4837,Otro,0.8243,No detectado,0.0509,0.0136,0.0305
FACULTAD DE INGENIERIA Y ARQUITECTURA,FOLP,CO05,INGENIERÍA EN CONSTRUCCIÓN PLAN 2017,3289,CONSTRUCCION DE OBRAS CIVILES,10,"nada que decir excelente profesor, ojala siempre este para futuras generaciones.",Positivo,0.9329,Alegría,0.9385,No detectado,0.0104,0.0072,0.0069
FACULTAD DE INGENIERIA Y ARQUITECTURA,FOLP,OB07,INGENIERÍA CIVIL EN OBRAS CIVILES PLAN 2017,19509,CONSTRUCCION PESADA,10,profesor evalúa lo que efectivamente solicita. se entiende al 100% la materia que imparte.,Neutral,0.5517,Otro,0.9964,No detectado,0.0275,0.0087,0.0103
FACULTAD DE INGENIERIA Y ARQUITECTURA,CJCA,IM02,INGENIERÍA CIVIL EN MINAS PLAN 2017,56028,AUTOMATIZACION Y ROBOTICA,10,buen profesor.,Positivo,0.8798,Alegría,0.6186,No detectado,0.0201,0.0141,0.0145
FACULTAD DE INGENIERIA Y ARQUITECTURA,CJCA,IM02,INGENIERÍA CIVIL EN MINAS PLAN 2017,56028,AUTOMATIZACION Y ROBOTICA,10,"buen profesor , entregado y preocupado por la docencia.",Positivo,0.8878,Alegría,0.5000,No detectado,0.0202,0.0150,0.0100
FACULTAD DE INGENIERIA Y ARQUITECTURA,CJCA,IM02,INGENIERÍA CIVIL EN MINAS PLAN 2017,56028,AUTOMATIZACION Y ROBOTICA,10,excelente profesor.,Positivo,0.9060,Alegría,0.9409,No detectado,0.0124,0.0121,0.0102
FACULTAD DE INGENIERIA Y ARQUITECTURA,CJCA,IM02,INGENIERÍA CIVIL EN MINAS PLAN 2017,56028,AUTOMATIZACION Y ROBOTICA,10,sin comentarios.,Neutral,0.4468,Otro,0.6370,No detectado,0.0500,0.0090,0.0231
FACULTAD DE INGENIERIA Y ARQUITECTURA,CJCA,IM02,INGENIERÍA CIVIL EN MINAS PLAN 2017,56028,AUTOMATIZACION Y ROBOTICA,10,"sus clases permiten comprender muy bien los temas, ademas de preocuparse por recuperar clases atrasadas.",Positivo,0.8657,Otro,0.9910,No detectado,0.0213,0.0044,0.0095
FACULTAD DE INGENIERIA Y ARQUITECTURA,ACMF,IC05,INGENIERÍA CIVIL EN COMPUTACIÓN E INFORMÁTICA PLAN 2017,14700,INTRODUCCION A LA FISICA,10,"bastante buen profesor, aunque te vaya mal aprendes mucho estando con el.",Positivo,0.9631,Alegría,0.8830,No detectado,0.0089,0.0077,0.0072
FACULTAD DE INGENIERIA Y ARQUITECTURA,ACMF,IC05,INGENIERÍA CIVIL EN COMPUTACIÓN E INFORMÁTICA PLAN 2017,14700,INTRODUCCION A LA FISICA,10,buen profesor.,Positivo,0.8798,Alegría,0.6186,No detectado,0.0201,0.0141,0.0145
FACULTAD DE INGENIERIA Y ARQUITECTURA,ACMF,IC05,INGENIERÍA CIVIL EN COMPUTACIÓN E INFORMÁTICA PLAN 2017,14700,INTRODUCCION A LA FISICA,10,"buen profesorsional, se nota su interés por querer hacer que todos los alumnos aprendan, eso se valora mucho.",Positivo,0.9736,Alegría,0.9314,No detectado,0.0107,0.0076,0.0076
FACULTAD DE INGENIERIA Y ARQUITECTURA,ACMF,IC05,INGENIERÍA CIVIL EN COMPUTACIÓN E INFORMÁTICA PLAN 2017,14700,INTRODUCCION A LA FISICA,10,buen profesor.,Positivo,0.8798,Alegría,0.6186,No detectado,0.0201,0.0141,0.0145
FACULTAD DE INGENIERIA Y ARQUITECTURA,ACMF,IC05,INGENIERÍA CIVIL EN COMPUTACIÓN E INFORMÁTICA PLAN 2017,14700,INTRODUCCION A LA FISICA,10,buen profesor explicaciones dadas de manera corrects.,Positivo,0.8335,Otro,0.9395,No detectado,0.0206,0.0074,0.0117
FACULTAD DE INGENIERIA Y ARQUITECTURA,ACMF,IC05,INGENIERÍA CIVIL EN COMPUTACIÓN E INFORMÁTICA PLAN 2017,14700,INTRODUCCION A LA FISICA,10,buenos.,Positivo,0.4609,Alegría,0.8515,No detectado,0.0669,0.0124,0.0481
FACULTAD DE INGENIERIA Y ARQUITECTURA,ACMF,IC05,INGENIERÍA CIVIL EN COMPUTACIÓN E INFORMÁTICA PLAN 2017,14700,INTRODUCCION A LA FISICA,10,"de los mejores profesores que he tenido, nada mas que decir.",Positivo,0.9363,Alegría,0.9865,No detectado,0.0115,0.0062,0.0081
FACULTAD DE INGENIERIA Y ARQUITECTURA,ACMF,IC05,INGENIERÍA CIVIL EN COMPUTACIÓN E INFORMÁTICA PLAN 2017,14700,INTRODUCCION A LA FISICA,10,dedicación pura por enseñar.,Positivo,0.8828,Alegría,0.9918,No detectado,0.0170,0.0121,0.0104
FACULTAD DE INGENIERIA Y ARQUITECTURA,ACMF,IC05,INGENIERÍA CIVIL EN COMPUTACIÓN E INFORMÁTICA PLAN 2017,14700,INTRODUCCION A LA FISICA,10,demuestra que le gusta la materia que enseña.,Positivo,0.8343,Otro,0.8862,No detectado,0.0220,0.0148,0.0098
FACULTAD DE INGENIERIA Y ARQUITECTURA,ACMF,IC05,INGENIERÍA CIVIL EN COMPUTACIÓN E INFORMÁTICA PLAN 2017,14700,INTRODUCCION A LA FISICA,10,"el como enseña y sus presentaciones son mí s de lo que esperaba, es bueno este profesor.",Positivo,0.9721,Alegría,0.9204,No detectado,0.0096,0.0082,0.0076
FACULTAD DE INGENIERIA Y ARQUITECTURA,ACMF,IC05,INGENIERÍA CIVIL EN COMPUTACIÓN E INFORMÁTICA PLAN 2017,14700,INTRODUCCION A LA FISICA,10,el mejor profesor que existe :).,Positivo,0.9573,Alegría,0.9236,No detectado,0.0095,0.0085,0.0068
FACULTAD DE INGENIERIA Y ARQUITECTURA,ACMF,IC05,INGENIERÍA CIVIL EN COMPUTACIÓN E INFORMÁTICA PLAN 2017,14700,INTRODUCCION A LA FISICA,10,"el profesor es muy bueno, pero el curso que le toco no tanto, perdón señor usted confí­o en mí­ y yo lo defraude.",Negativo,0.8532,Otro,0.6883,No detectado,0.0194,0.0165,0.0120
FACULTAD DE INGENIERIA Y ARQUITECTURA,ACMF,IC05,INGENIERÍA CIVIL EN COMPUTACIÓN E INFORMÁTICA PLAN 2017,14700,INTRODUCCION A LA FISICA,10,"el profesor es muy entregado a lo que enseña y es muy elogiable, solo que a veces puede ser un poco enredado para explicar tanto conceptos, nada mas que eso, el resto es un profesor ejemplar.",Positivo,0.9592,Otro,0.8793,No detectado,0.0155,0.0076,0.0094
FACULTAD DE INGENIERIA Y ARQUITECTURA,ACMF,IC05,INGENIERÍA CIVIL EN COMPUTACIÓN E INFORMÁTICA PLAN 2017,14700,INTRODUCCION A LA FISICA,10,era muy atento y le gusta enseñar que nos quede bien clara la materia no me fue muy bien pero fue por problemas personales y variados pero sin duda este profesor es el mejor que he conocido.,Positivo,0.9559,Alegría,0.6585,No detectado,0.0111,0.0074,0.0075
FACULTAD DE INGENIERIA Y ARQUITECTURA,ACMF,IC05,INGENIERÍA CIVIL EN COMPUTACIÓN E INFORMÁTICA PLAN 2017,14700,INTRODUCCION A LA FISICA,10,"es un gran profesor preocupado por sus estudiantes y no solo en el ámbito estudiantil, sino también desde lo personal, se pone en el lugar de sus alumnos.",Positivo,0.9428,Otro,0.9621,No detectado,0.0116,0.0073,0.0066
FACULTAD DE INGENIERIA Y ARQUITECTURA,ACMF,IC05,INGENIERÍA CIVIL EN COMPUTACIÓN E INFORMÁTICA PLAN 2017,14700,INTRODUCCION A LA FISICA,10,es un poco dificil aprender con el.,Negativo,0.9209,Tristeza,0.9070,No detectado,0.0282,0.0103,0.0154
FACULTAD DE INGENIERIA Y ARQUITECTURA,ACMF,IC05,INGENIERÍA CIVIL EN COMPUTACIÓN E INFORMÁTICA PLAN 2017,14700,INTRODUCCION A LA FISICA,10,excelente profesor.,Positivo,0.9060,Alegría,0.9409,No detectado,0.0124,0.0121,0.0102
FACULTAD DE INGENIERIA Y ARQUITECTURA,ACMF,IC05,INGENIERÍA CIVIL EN COMPUTACIÓN E INFORMÁTICA PLAN 2017,14700,INTRODUCCION A LA FISICA,10,explica lo suficiente y deja espacio para poder estudiar nosotros.,Neutral,0.5079,Otro,0.9916,No detectado,0.0242,0.0063,0.0131
FACULTAD DE INGENIERIA Y ARQUITECTURA,ACMF,IC05,INGENIERÍA CIVIL EN COMPUTACIÓN E INFORMÁTICA PLAN 2017,14700,INTRODUCCION A LA FISICA,10,"hay aveces que no todos podemos entender su metodologia de enseñanza lo cual lleva al estudio propio no es que este mal si no, si no entiendo al profesor tendre que estudiar sin profesor y no se si esta bien o mal.",Negativo,0.9096,Otro,0.9592,No detectado,0.0378,0.0051,0.0156
FACULTAD DE INGENIERIA Y ARQUITECTURA,ACMF,IC05,INGENIERÍA CIVIL EN COMPUTACIÓN E INFORMÁTICA PLAN 2017,14700,INTRODUCCION A LA FISICA,10,impecable.,Positivo,0.8809,Alegría,0.9745,No detectado,0.0551,0.0238,0.0291
FACULTAD DE INGENIERIA Y ARQUITECTURA,ACMF,IC05,INGENIERÍA CIVIL EN COMPUTACIÓN E INFORMÁTICA PLAN 2017,14700,INTRODUCCION A LA FISICA,10,motivador y preocupado por sus estudiantes.,Positivo,0.8628,Otro,0.5817,No detectado,0.0170,0.0111,0.0098
FACULTAD DE INGENIERIA Y ARQUITECTURA,ACMF,IC05,INGENIERÍA CIVIL EN COMPUTACIÓN E INFORMÁTICA PLAN 2017,14700,INTRODUCCION A LA FISICA,10,muy buen profesor ademas de su manera de enseñar era muy buena disposicion ademas que hablaba con pasion.,Positivo,0.9646,Otro,0.8481,No detectado,0.0154,0.0129,0.0119
FACULTAD DE INGENIERIA Y ARQUITECTURA,ACMF,IC05,INGENIERÍA CIVIL EN COMPUTACIÓN E INFORMÁTICA PLAN 2017,14700,INTRODUCCION A LA FISICA,10,"muy buen profesor, bastante comprensivo y paciente, realmente disfrute su calidad de clase.",Positivo,0.9786,Alegría,0.8874,No detectado,0.0102,0.0100,0.0085
FACULTAD DE INGENIERIA Y ARQUITECTURA,ACMF,IC05,INGENIERÍA CIVIL EN COMPUTACIÓN E INFORMÁTICA PLAN 2017,14700,INTRODUCCION A LA FISICA,10,"muy buen profesor, da oportunidades y explica bien.",Positivo,0.9717,Alegría,0.7021,No detectado,0.0127,0.0091,0.0089
FACULTAD DE INGENIERIA Y ARQUITECTURA,ACMF,IC05,INGENIERÍA CIVIL EN COMPUTACIÓN E INFORMÁTICA PLAN 2017,14700,INTRODUCCION A LA FISICA,10,"muy buen profesor, siempre busca que todos aprendan y que podamos avanzar como sección.",Positivo,0.9708,Alegría,0.8249,No detectado,0.0111,0.0081,0.0069
FACULTAD DE INGENIERIA Y ARQUITECTURA,ACMF,IC05,INGENIERÍA CIVIL EN COMPUTACIÓN E INFORMÁTICA PLAN 2017,14700,INTRODUCCION A LA FISICA,10,"muy buen profesor,muy paciente con sus estudiantes que no entienden la materia,entrega mucho material para que nos vaya bn,también nos motiva a mejorar y a nunca rendirnos en nuestra vida universitaria,lo recomiendo mucho.",Positivo,0.9729,Alegría,0.9845,No detectado,0.0161,0.0048,0.0091
FACULTAD DE INGENIERIA Y ARQUITECTURA,ACMF,IC05,INGENIERÍA CIVIL EN COMPUTACIÓN E INFORMÁTICA PLAN 2017,14700,INTRODUCCION A LA FISICA,10,nada que decir.,Neutral,0.5090,Otro,0.8319,No detectado,0.0262,0.0117,0.0171
FACULTAD DE INGENIERIA Y ARQUITECTURA,ACMF,IC05,INGENIERÍA CIVIL EN COMPUTACIÓN E INFORMÁTICA PLAN 2017,14700,INTRODUCCION A LA FISICA,10,"posiblemente el profesor debería asegurarse de que todos entiendan la materia, antes de dar ejercicio tras ejercicio.",Neutral,0.7874,Otro,0.9955,No detectado,0.0135,0.0066,0.0071
FACULTAD DE INGENIERIA Y ARQUITECTURA,ACMF,GE02,GEOLOGÍA PLAN 2017,14700,INTRODUCCION A LA FISICA,10,"profesor muy dedicado, se nota su vocación, siempre estuvo cuando necesite preguntar dudas y resolver ejercicios, respondiendo de manera rápida y amable, clases agradables y didácticas, siempre motivando a sus alumnos a no solo ser buenos profesorsionales, sino que también ser grandes personas, excelente profesor preocupado por sus alumnos.",Positivo,0.9672,Alegría,0.9744,No detectado,0.0137,0.0052,0.0088
FACULTAD DE INGENIERIA Y ARQUITECTURA,ACMF,IC05,INGENIERÍA CIVIL EN COMPUTACIÓN E INFORMÁTICA PLAN 2017,14700,INTRODUCCION A LA FISICA,10,siento que explica muy rapido para algunos pero fuera de eso es muy buen profesor.,Positivo,0.9404,Otro,0.9801,No detectado,0.0120,0.0076,0.0076
FACULTAD DE INGENIERIA Y ARQUITECTURA,ACMF,IC05,INGENIERÍA CIVIL EN COMPUTACIÓN E INFORMÁTICA PLAN 2017,14700,INTRODUCCION A LA FISICA,10,"sinceramente, un muy buen profesor ya que manda la materia en el aula y ejercicios.",Positivo,0.9508,Otro,0.9247,No detectado,0.0140,0.0084,0.0087
FACULTAD DE INGENIERIA Y ARQUITECTURA,ACMF,IC05,INGENIERÍA CIVIL EN COMPUTACIÓN E INFORMÁTICA PLAN 2017,14700,INTRODUCCION A LA FISICA,10,sus clases fueron realmente interesantes y debo admitir que el profesor me resultó de mucha ayuda en un momento de estrés.,Positivo,0.9746,Alegría,0.9052,No detectado,0.0113,0.0067,0.0085
FACULTAD DE INGENIERIA Y ARQUITECTURA,ACMF,IC05,INGENIERÍA CIVIL EN COMPUTACIÓN E INFORMÁTICA PLAN 2017,14700,INTRODUCCION A LA FISICA,10,ta bien.,Neutral,0.4342,Otro,0.8298,No detectado,0.0830,0.0283,0.0477
FACULTAD DE INGENIERIA Y ARQUITECTURA,ACMF,IC05,INGENIERÍA CIVIL EN COMPUTACIÓN E INFORMÁTICA PLAN 2017,14700,INTRODUCCION A LA FISICA,10,un profesor el cual se enfoca en el aprendizaje de sus alumnos; y el cual busca únicamente el progreso y bienestar de estos.,Positivo,0.7389,Otro,0.9805,No detectado,0.0162,0.0078,0.0092
FACULTAD DE INGENIERIA Y ARQUITECTURA,ACMF,IC05,INGENIERÍA CIVIL EN COMPUTACIÓN E INFORMÁTICA PLAN 2017,14700,INTRODUCCION A LA FISICA,10,un profesor preocupado por los estudiantes que vela por que todos podamos aprender.,Positivo,0.4159,Otro,0.8103,No detectado,0.0165,0.0079,0.0071
FACULTAD DE INGENIERIA Y ARQUITECTURA,ACMF,IC05,INGENIERÍA CIVIL EN COMPUTACIÓN E INFORMÁTICA PLAN 2017,14700,INTRODUCCION A LA FISICA,10,un profesor que explica muy bien llega a tiempo todas sus clases.,Positivo,0.9503,Otro,0.9759,No detectado,0.0277,0.0075,0.0103
FACULTAD DE INGENIERIA Y ARQUITECTURA,FDFA,ARS1,ARQUITECTURA (LA SERENA),11075,DISEÑO URBANO,210,buen docente.,Positivo,0.8689,Alegría,0.8098,No detectado,0.0230,0.0187,0.0216
FACULTAD DE INGENIERIA Y ARQUITECTURA,FDFA,ARS1,ARQUITECTURA (LA SERENA),11075,DISEÑO URBANO,210,"buen profesor, explica bien y sirve en general para todo.",Positivo,0.9659,Otro,0.8303,No detectado,0.0134,0.0095,0.0097
FACULTAD DE INGENIERIA Y ARQUITECTURA,FDFA,ARS1,ARQUITECTURA (LA SERENA),11075,DISEÑO URBANO,210,buen profesor.,Positivo,0.8798,Alegría,0.6186,No detectado,0.0201,0.0141,0.0145
FACULTAD DE INGENIERIA Y ARQUITECTURA,FDFA,ARS1,ARQUITECTURA (LA SERENA),11073,TALLER VII MATERIALIDAD Y SUSTENTABILIDAD,210,buen profesor.,Positivo,0.8798,Alegría,0.6186,No detectado,0.0201,0.0141,0.0145
FACULTAD DE INGENIERIA Y ARQUITECTURA,FDFA,ARS1,ARQUITECTURA (LA SERENA),11075,DISEÑO URBANO,210,"buen profesor, muy inteligente.",Positivo,0.9723,Alegría,0.8641,No detectado,0.0171,0.0145,0.0112
FACULTAD DE INGENIERIA Y ARQUITECTURA,FDFA,ARS1,ARQUITECTURA (LA SERENA),11077,TALLER VIII PROYECTO CONTEMPORANEO Y PROGRAMAS EMERGENTES,210,"buena metodaologia, y modo de exigencia , falta mejorar en cuanto al criterio de diseño y compocicion de laminas.",Positivo,0.5480,Otro,0.9899,No detectado,0.0314,0.0074,0.0135
FACULTAD DE INGENIERIA Y ARQUITECTURA,FDFA,ARS1,ARQUITECTURA (LA SERENA),11073,TALLER VII MATERIALIDAD Y SUSTENTABILIDAD,210,debería llevar una mejor organización con su asignatura.,Neutral,0.7023,Otro,0.9899,No detectado,0.0402,0.0152,0.0143
FACULTAD DE INGENIERIA Y ARQUITECTURA,FDFA,ARS1,ARQUITECTURA (LA SERENA),11077,TALLER VIII PROYECTO CONTEMPORANEO Y PROGRAMAS EMERGENTES,210,"demuestra un gran conocimiento de lo que enseña, pero como recomendación cambiar métodos de evaluación, no poner tantas notas para no sobreexplotar a sus estudiantes.",Neutral,0.6653,Otro,0.9914,No detectado,0.0185,0.0056,0.0096
FACULTAD DE INGENIERIA Y ARQUITECTURA,FDFA,ARS1,ARQUITECTURA (LA SERENA),11073,TALLER VII MATERIALIDAD Y SUSTENTABILIDAD,210,"durante el semestre, la exigencia desproporcionada del curso impartido por el profesor fernando ha impedido el desarrollo adecuado de mi práctica profesorsional. la carga de trabajo excesiva y la falta de flexibilidad en los plazos de entrega y asistencia me han obligado a abandonar mi horario laboral en múltiples ocasiones. las expectativas del profesor no han sido realistas para estudiantes que también están en prácticas profesorsionales, generando estrés adicional y afectando negativamente mi desempeño tanto académico como laboral. recomiendo ajustar la carga de trabajo, implementar flexibilidad en los plazos y establecer expectativas alcanzables para equilibrar mejor las responsabilidades académicas y profesorsionales de los estudiantes.",Negativo,0.9575,Ira,0.6952,No detectado,0.0356,0.0041,0.0203
FACULTAD DE INGENIERIA Y ARQUITECTURA,FDFA,ARS1,ARQUITECTURA (LA SERENA),11073,TALLER VII MATERIALIDAD Y SUSTENTABILIDAD,210,"el profesor es muy conciso para los encargos, si hay problemas ayuda a solucionarlos y da distintas opciones para seguir avanzando, las correcciones son personales por persona e incluso fuera de horarios de clase.",Neutral,0.6180,Otro,0.9939,No detectado,0.0332,0.0036,0.0132
FACULTAD DE INGENIERIA Y ARQUITECTURA,FDFA,ARS1,ARQUITECTURA (LA SERENA),11085,SEMINARIO profesorSIONAL,210,"el profesor debe cambiar su metodología de enseñanza, considerando que las clases deben ser más dinámicas, para mejores resultados esperados.",Neutral,0.6284,Otro,0.9963,No detectado,0.0245,0.0054,0.0103
FACULTAD DE INGENIERIA Y ARQUITECTURA,FDFA,ARS1,ARQUITECTURA (LA SERENA),11085,SEMINARIO profesorSIONAL,210,"el profesor demuestra tener los conocimientos necesarios para poder dar una retroalimentación a cada estudiando respecto a su tema (tema de arquitectura) a tratar en el ramo. sin embargo, creo que debería aprender otras metodologías para transmitir la información, que se vuelva una clase más dinámica.",Neutral,0.5314,Otro,0.9954,No detectado,0.0139,0.0058,0.0072
FACULTAD DE INGENIERIA Y ARQUITECTURA,FDFA,ARS1,ARQUITECTURA (LA SERENA),11073,TALLER VII MATERIALIDAD Y SUSTENTABILIDAD,210,"el profesor tiene gran conocimiento de todas las áreas que enseña, pero no tiene buen tacto en comunicar las cosas con sus alumnos.",Negativo,0.8190,Otro,0.9719,No detectado,0.0160,0.0063,0.0075
FACULTAD DE INGENIERIA Y ARQUITECTURA,FDFA,ARS1,ARQUITECTURA (LA SERENA),11073,TALLER VII MATERIALIDAD Y SUSTENTABILIDAD,210,el profesor tiene muchos conocimientos importantes pero el trato con los alumnos en muchas no corresponde y pareciera tener favoritismos.,Negativo,0.9281,Otro,0.9398,No detectado,0.0166,0.0043,0.0088
FACULTAD DE INGENIERIA Y ARQUITECTURA,FDFA,ARS1,ARQUITECTURA (LA SERENA),11077,TALLER VIII PROYECTO CONTEMPORANEO Y PROGRAMAS EMERGENTES,210,"encuentro que el profesor al menos en el ramo de taller impone todos sus ideales de diseño por mas que el diga que solo son ""opiniones"", o ""es lo que yo haria"" por que en realidad se preocupa 0 de que nosotros seamos los que diseñemos y propongamos nuestra manera de diseñar, casi que el proyecto al final termina perteneciendo mas a el que a los propios alumnos, no me gusta su manera de enseñar, se preocupa mucho de cantidad en vez de calidad.",Negativo,0.9431,Ira,0.7793,No detectado,0.0408,0.0047,0.0142
FACULTAD DE INGENIERIA Y ARQUITECTURA,FDFA,ARS1,ARQUITECTURA (LA SERENA),11073,TALLER VII MATERIALIDAD Y SUSTENTABILIDAD,210,"es muy buen profesor, enseña muy acorde de que esperarán de uno como profesorsional, pero ignora las situaciones de los alumnos, exprimiendo sus problemas logrando que se agranden mas, tanto mentales como fí­sicos.",Negativo,0.4863,Otro,0.8342,No detectado,0.0196,0.0047,0.0102
FACULTAD DE INGENIERIA Y ARQUITECTURA,FDFA,ARS1,ARQUITECTURA (LA SERENA),11075,DISEÑO URBANO,210,explica bien.,Positivo,0.5603,Otro,0.8542,No detectado,0.0433,0.0177,0.0324
FACULTAD DE INGENIERIA Y ARQUITECTURA,FDFA,ARS1,ARQUITECTURA (LA SERENA),11085,SEMINARIO profesorSIONAL,210,falta dinamismo a sus clases.,Neutral,0.5391,Otro,0.9612,No detectado,0.0835,0.0060,0.0248
FACULTAD DE INGENIERIA Y ARQUITECTURA,FDFA,ARS1,ARQUITECTURA (LA SERENA),11085,SEMINARIO profesorSIONAL,210,falto mas planificación para la ultima nota.,Negativo,0.8120,Otro,0.9673,No detectado,0.0792,0.0222,0.0235
FACULTAD DE INGENIERIA Y ARQUITECTURA,FDFA,ARS1,ARQUITECTURA (LA SERENA),11085,SEMINARIO profesorSIONAL,210,"hubo momentos con falta de comunicación, nada más.",Negativo,0.7273,Otro,0.7556,No detectado,0.0278,0.0066,0.0159
FACULTAD DE INGENIERIA Y ARQUITECTURA,FDFA,ARS1,ARQUITECTURA (LA SERENA),11073,TALLER VII MATERIALIDAD Y SUSTENTABILIDAD,210,interesante forma de enseñar cuando el valor de aprender se refleja entre estudiantes.,Positivo,0.8723,Otro,0.9851,No detectado,0.0164,0.0055,0.0073
FACULTAD DE INGENIERIA Y ARQUITECTURA,FDFA,ARS1,ARQUITECTURA (LA SERENA),11073,TALLER VII MATERIALIDAD Y SUSTENTABILIDAD,210,interesante taller.,Positivo,0.7978,Otro,0.9247,No detectado,0.0151,0.0109,0.0127
FACULTAD DE INGENIERIA Y ARQUITECTURA,FDFA,ARS1,ARQUITECTURA (LA SERENA),11075,DISEÑO URBANO,210,la clase de ser mas dinamica.,Positivo,0.7517,Otro,0.9824,No detectado,0.1358,0.0422,0.0492
FACULTAD DE INGENIERIA Y ARQUITECTURA,FDFA,ARS1,ARQUITECTURA (LA SERENA),11073,TALLER VII MATERIALIDAD Y SUSTENTABILIDAD,210,la clase debe ser mas dinamica.,Neutral,0.6723,Otro,0.9933,No detectado,0.3190,0.0752,0.1062
FACULTAD DE INGENIERIA Y ARQUITECTURA,FDFA,ARS1,ARQUITECTURA (LA SERENA),11085,SEMINARIO profesorSIONAL,210,"más participación con los estudiantes, incorporar la retroalimentación de cada uno.",Neutral,0.5672,Otro,0.8631,No detectado,0.0240,0.0052,0.0087
FACULTAD DE INGENIERIA Y ARQUITECTURA,FDFA,ARS1,ARQUITECTURA (LA SERENA),11075,DISEÑO URBANO,210,"me disgusta el hecho de que el profesor lea tal cual lo que muestra en el pdf, para eso preferirí­a que me mandara simplemente el pdf y me quedo en mi casa, creo que su metodologia de enseñanza es muy ortodoxa, y deberia ser mas dinamica.",Negativo,0.7087,Otro,0.9763,No detectado,0.0808,0.0181,0.0374
FACULTAD DE INGENIERIA Y ARQUITECTURA,FDFA,ARS1,ARQUITECTURA (LA SERENA),11085,SEMINARIO profesorSIONAL,210,me gusta su clase espero que siga.,Positivo,0.9681,Alegría,0.9504,No detectado,0.0233,0.0181,0.0121
FACULTAD DE INGENIERIA Y ARQUITECTURA,FDFA,ARS1,ARQUITECTURA (LA SERENA),11075,DISEÑO URBANO,210,muy buen profesor y demuestra un gran conocimiento sobre la asignatura.,Positivo,0.9714,Alegría,0.6699,No detectado,0.0102,0.0086,0.0071
FACULTAD DE INGENIERIA Y ARQUITECTURA,FDFA,ARS1,ARQUITECTURA (LA SERENA),11075,DISEÑO URBANO,210,"muy buen profesor, controla los temas explicados de buena manera y los sabe explicar de manera sencilla y concisa.",Positivo,0.9705,Alegría,0.5438,No detectado,0.0149,0.0070,0.0087
FACULTAD DE INGENIERIA Y ARQUITECTURA,FDFA,ARS1,ARQUITECTURA (LA SERENA),11085,SEMINARIO profesorSIONAL,210,"no se entiende lo que explica, colocó las mismas calificaciones a todo el curso, dando a entender que no revisa los trabajos, no utiliza el aula virtual, es desordenado y desorganizado, no maneja bien los tiempos de entregas y confunde a los alumnos con la información de dichas entregas, a cada alumno le dice una versión distinta, provocando confusión entre todos los del curso, no recomiendo a este profesor para seguir en esta asignatura.",Negativo,0.9796,Ira,0.6648,No detectado,0.0371,0.0062,0.0179
FACULTAD DE INGENIERIA Y ARQUITECTURA,FDFA,ARS1,ARQUITECTURA (LA SERENA),11085,SEMINARIO profesorSIONAL,210,"no se puede negar que tiene mucho conocimiento teórico en la carrera, sin embargo, las clases se vuelven monótonas, muchos compañeros no asisten por lo mismo y porque generalmente no se pasa asistencia. tampoco hubo respuesta a las correcciones mediante pautas o rúbricas. no se utilizó el medio oficial del aula virtual, si no que se utilizaba google drive, dejando a compañeros fuera. no estoy conforme considerando que es asignatura de nivel avanzado.",Negativo,0.9525,Otro,0.8589,No detectado,0.0403,0.0035,0.0158
FACULTAD DE INGENIERIA Y ARQUITECTURA,FDFA,ARS1,ARQUITECTURA (LA SERENA),11073,TALLER VII MATERIALIDAD Y SUSTENTABILIDAD,210,"no tengo nada que decir, supongo que ya les han llegado varios reclamos...",Neutral,0.7859,Otro,0.9938,No detectado,0.0307,0.0047,0.0150
FACULTAD DE INGENIERIA Y ARQUITECTURA,FDFA,ARS1,ARQUITECTURA (LA SERENA),11075,DISEÑO URBANO,210,no tiene vocación de profesor.,Negativo,0.8796,Otro,0.9940,No detectado,0.0167,0.0120,0.0105
FACULTAD DE INGENIERIA Y ARQUITECTURA,FDFA,ARS1,ARQUITECTURA (LA SERENA),11085,SEMINARIO profesorSIONAL,210,nose.,Neutral,0.6317,Otro,0.8166,No detectado,0.1861,0.0430,0.0825
FACULTAD DE INGENIERIA Y ARQUITECTURA,FDFA,ARS1,ARQUITECTURA (LA SERENA),11073,TALLER VII MATERIALIDAD Y SUSTENTABILIDAD,210,"pesimo docente, no muestra habilidades a la hora de enseñar y maltrata estudiantes verbalmente.",Negativo,0.9798,Ira,0.8738,No detectado,0.0218,0.0079,0.0150
FACULTAD DE INGENIERIA Y ARQUITECTURA,FDFA,ARS1,ARQUITECTURA (LA SERENA),11075,DISEÑO URBANO,210,"profesor con amplio conocimiento, su clase es mas bien una charla que sirve para entender y aplicar los conocimientos.",Positivo,0.8439,Otro,0.9972,No detectado,0.0259,0.0084,0.0120
FACULTAD DE INGENIERIA Y ARQUITECTURA,FDFA,ARS1,ARQUITECTURA (LA SERENA),11073,TALLER VII MATERIALIDAD Y SUSTENTABILIDAD,210,profesor exigente con amplio conocimiento y capacidad de enseñar y criticar proyectos de manera constructiva.,Positivo,0.7852,Otro,0.9944,No detectado,0.0131,0.0060,0.0079
FACULTAD DE INGENIERIA Y ARQUITECTURA,FDFA,ARS1,ARQUITECTURA (LA SERENA),11073,TALLER VII MATERIALIDAD Y SUSTENTABILIDAD,210,que se jubile.,Neutral,0.5743,Otro,0.8896,No detectado,0.0380,0.0192,0.0224
FACULTAD DE INGENIERIA Y ARQUITECTURA,FDFA,ARS1,ARQUITECTURA (LA SERENA),11075,DISEÑO URBANO,210,"se entienen las formas el cual se aplican en cada ensayo, se aprecia el grado de dificultad al continuar el curso hasta su analisis final.",Neutral,0.8254,Otro,0.9952,No detectado,0.0154,0.0053,0.0081
FACULTAD DE INGENIERIA Y ARQUITECTURA,FDFA,ARS1,ARQUITECTURA (LA SERENA),11075,DISEÑO URBANO,210,sin comentarios.,Neutral,0.4468,Otro,0.6370,No detectado,0.0500,0.0090,0.0231
FACULTAD DE INGENIERIA Y ARQUITECTURA,FDFA,ARS1,ARQUITECTURA (LA SERENA),11075,DISEÑO URBANO,210,sin comentarios.,Neutral,0.4468,Otro,0.6370,No detectado,0.0500,0.0090,0.0231
FACULTAD DE INGENIERIA Y ARQUITECTURA,FDFA,ARS1,ARQUITECTURA (LA SERENA),11073,TALLER VII MATERIALIDAD Y SUSTENTABILIDAD,210,sin comentarios.,Neutral,0.4468,Otro,0.6370,No detectado,0.0500,0.0090,0.0231
FACULTAD DE INGENIERIA Y ARQUITECTURA,DOBF,IMS1,INGENIERIA CIVIL EN MINAS LA SERENA,56003,TOPOGRAFIA,211,"a pesar de ser un ramo con una materia algo confusa, el profesor logro entregar los conocimientos de manera clara y precisa.",Positivo,0.8361,Otro,0.9941,No detectado,0.0183,0.0075,0.0092
FACULTAD DE INGENIERIA Y ARQUITECTURA,DOBF,IMS1,INGENIERIA CIVIL EN MINAS LA SERENA,56003,TOPOGRAFIA,210,"a pesar de ser un ramo con una materia algo confusa, el profesor logro entregar los conocimientos de manera clara y precisa.",Positivo,0.8361,Otro,0.9941,No detectado,0.0183,0.0075,0.0092
FACULTAD DE INGENIERIA Y ARQUITECTURA,DOBF,CI03,INGENIERÍA CIVIL INDUSTRIAL (LA SERENA),3850,DIBUJO GRAFICO COMPUTACIONAL,221,a veces se tira comentarios incomodos.,Negativo,0.9199,Otro,0.9765,No detectado,0.0773,0.0105,0.0281
FACULTAD DE INGENIERIA Y ARQUITECTURA,DOBF,CI03,INGENIERÍA CIVIL INDUSTRIAL (LA SERENA),3850,DIBUJO GRAFICO COMPUTACIONAL,220,a veces se tira sus comentarios demás q pueden incomodar a los alumnos.,Negativo,0.9407,Otro,0.9538,No detectado,0.0278,0.0042,0.0159
FACULTAD DE INGENIERIA Y ARQUITECTURA,DOBF,IMS1,INGENIERIA CIVIL EN MINAS LA SERENA,56003,TOPOGRAFIA,211,bien.,Positivo,0.7325,Alegría,0.8209,No detectado,0.0506,0.0188,0.0390
FACULTAD DE INGENIERIA Y ARQUITECTURA,DOBF,IMS1,INGENIERIA CIVIL EN MINAS LA SERENA,56003,TOPOGRAFIA,210,bien.,Positivo,0.7325,Alegría,0.8209,No detectado,0.0506,0.0188,0.0390
FACULTAD DE INGENIERIA Y ARQUITECTURA,DOBF,IMS1,INGENIERIA CIVIL EN MINAS LA SERENA,56003,TOPOGRAFIA,220,bien.,Positivo,0.7325,Alegría,0.8209,No detectado,0.0506,0.0188,0.0390
FACULTAD DE INGENIERIA Y ARQUITECTURA,DOBF,IMS1,INGENIERIA CIVIL EN MINAS LA SERENA,3850,DIBUJO GRAFICO COMPUTACIONAL,221,buen.,Neutral,0.5028,Otro,0.4687,No detectado,0.0265,0.0154,0.0256
FACULTAD DE INGENIERIA Y ARQUITECTURA,DOBF,IMS1,INGENIERIA CIVIL EN MINAS LA SERENA,56003,TOPOGRAFIA,221,buen docente.,Positivo,0.8689,Alegría,0.8098,No detectado,0.0230,0.0187,0.0216
FACULTAD DE INGENIERIA Y ARQUITECTURA,DOBF,IMS1,INGENIERIA CIVIL EN MINAS LA SERENA,56003,TOPOGRAFIA,221,buen docente.,Positivo,0.8689,Alegría,0.8098,No detectado,0.0230,0.0187,0.0216
FACULTAD DE INGENIERIA Y ARQUITECTURA,DOBF,IMS1,INGENIERIA CIVIL EN MINAS LA SERENA,3850,DIBUJO GRAFICO COMPUTACIONAL,221,buen profesor.,Positivo,0.8798,Alegría,0.6186,No detectado,0.0201,0.0141,0.0145
FACULTAD DE INGENIERIA Y ARQUITECTURA,DOBF,IMS1,INGENIERIA CIVIL EN MINAS LA SERENA,3850,DIBUJO GRAFICO COMPUTACIONAL,220,buen profesor.,Positivo,0.8798,Alegría,0.6186,No detectado,0.0201,0.0141,0.0145
FACULTAD DE INGENIERIA Y ARQUITECTURA,DOBF,IMS1,INGENIERIA CIVIL EN MINAS LA SERENA,56003,TOPOGRAFIA,211,buen profesor.,Positivo,0.8798,Alegría,0.6186,No detectado,0.0201,0.0141,0.0145
FACULTAD DE INGENIERIA Y ARQUITECTURA,DOBF,IMS1,INGENIERIA CIVIL EN MINAS LA SERENA,56003,TOPOGRAFIA,211,buen profesor.,Positivo,0.8798,Alegría,0.6186,No detectado,0.0201,0.0141,0.0145
FACULTAD DE INGENIERIA Y ARQUITECTURA,DOBF,IMS1,INGENIERIA CIVIL EN MINAS LA SERENA,56003,TOPOGRAFIA,210,buen profesor.,Positivo,0.8798,Alegría,0.6186,No detectado,0.0201,0.0141,0.0145
FACULTAD DE INGENIERIA Y ARQUITECTURA,DOBF,IMS1,INGENIERIA CIVIL EN MINAS LA SERENA,56003,TOPOGRAFIA,220,buen profesor.,Positivo,0.8798,Alegría,0.6186,No detectado,0.0201,0.0141,0.0145
FACULTAD DE INGENIERIA Y ARQUITECTURA,DOBF,CI03,INGENIERÍA CIVIL INDUSTRIAL (LA SERENA),3850,DIBUJO GRAFICO COMPUTACIONAL,221,buen profesor.,Positivo,0.8798,Alegría,0.6186,No detectado,0.0201,0.0141,0.0145
FACULTAD DE INGENIERIA Y ARQUITECTURA,DOBF,CI03,INGENIERÍA CIVIL INDUSTRIAL (LA SERENA),3850,DIBUJO GRAFICO COMPUTACIONAL,220,buen profesor.,Positivo,0.8798,Alegría,0.6186,No detectado,0.0201,0.0141,0.0145
FACULTAD DE INGENIERIA Y ARQUITECTURA,DOBF,CI03,INGENIERÍA CIVIL INDUSTRIAL (LA SERENA),3850,DIBUJO GRAFICO COMPUTACIONAL,221,buen profesor.,Positivo,0.8798,Alegría,0.6186,No detectado,0.0201,0.0141,0.0145
FACULTAD DE INGENIERIA Y ARQUITECTURA,DOBF,IMS1,INGENIERIA CIVIL EN MINAS LA SERENA,3850,DIBUJO GRAFICO COMPUTACIONAL,221,buen profesor.,Positivo,0.8798,Alegría,0.6186,No detectado,0.0201,0.0141,0.0145
FACULTAD DE INGENIERIA Y ARQUITECTURA,DOBF,IMS1,INGENIERIA CIVIL EN MINAS LA SERENA,3850,DIBUJO GRAFICO COMPUTACIONAL,220,buen profesor.,Positivo,0.8798,Alegría,0.6186,No detectado,0.0201,0.0141,0.0145
FACULTAD DE INGENIERIA Y ARQUITECTURA,DOBF,IMS1,INGENIERIA CIVIL EN MINAS LA SERENA,3850,DIBUJO GRAFICO COMPUTACIONAL,221,buen profesor.,Positivo,0.8798,Alegría,0.6186,No detectado,0.0201,0.0141,0.0145
FACULTAD DE INGENIERIA Y ARQUITECTURA,DOBF,IMS1,INGENIERIA CIVIL EN MINAS LA SERENA,56003,TOPOGRAFIA,211,buen profesor.,Positivo,0.8798,Alegría,0.6186,No detectado,0.0201,0.0141,0.0145
FACULTAD DE INGENIERIA Y ARQUITECTURA,DOBF,IMS1,INGENIERIA CIVIL EN MINAS LA SERENA,56003,TOPOGRAFIA,210,buen profesor.,Positivo,0.8798,Alegría,0.6186,No detectado,0.0201,0.0141,0.0145
FACULTAD DE INGENIERIA Y ARQUITECTURA,DOBF,IMS1,INGENIERIA CIVIL EN MINAS LA SERENA,56003,TOPOGRAFIA,210,buen profesor.,Positivo,0.8798,Alegría,0.6186,No detectado,0.0201,0.0141,0.0145
FACULTAD DE INGENIERIA Y ARQUITECTURA,DOBF,IMS1,INGENIERIA CIVIL EN MINAS LA SERENA,56003,TOPOGRAFIA,221,buen profesor.,Positivo,0.8798,Alegría,0.6186,No detectado,0.0201,0.0141,0.0145
FACULTAD DE INGENIERIA Y ARQUITECTURA,DOBF,IMS1,INGENIERIA CIVIL EN MINAS LA SERENA,56003,TOPOGRAFIA,220,buen profesor.,Positivo,0.8798,Alegría,0.6186,No detectado,0.0201,0.0141,0.0145
FACULTAD DE INGENIERIA Y ARQUITECTURA,DOBF,IMS1,INGENIERIA CIVIL EN MINAS LA SERENA,56003,TOPOGRAFIA,211,buen profesor.,Positivo,0.8798,Alegría,0.6186,No detectado,0.0201,0.0141,0.0145
FACULTAD DE INGENIERIA Y ARQUITECTURA,DOBF,IMS1,INGENIERIA CIVIL EN MINAS LA SERENA,56003,TOPOGRAFIA,210,buen profesor.,Positivo,0.8798,Alegría,0.6186,No detectado,0.0201,0.0141,0.0145
FACULTAD DE INGENIERIA Y ARQUITECTURA,DOBF,IMS1,INGENIERIA CIVIL EN MINAS LA SERENA,56003,TOPOGRAFIA,211,buen profesor.,Positivo,0.8798,Alegría,0.6186,No detectado,0.0201,0.0141,0.0145
FACULTAD DE INGENIERIA Y ARQUITECTURA,DOBF,IMS1,INGENIERIA CIVIL EN MINAS LA SERENA,56003,TOPOGRAFIA,210,buen profesor.,Positivo,0.8798,Alegría,0.6186,No detectado,0.0201,0.0141,0.0145
FACULTAD DE INGENIERIA Y ARQUITECTURA,DOBF,IMS1,INGENIERIA CIVIL EN MINAS LA SERENA,56003,TOPOGRAFIA,220,buen profesor.,Positivo,0.8798,Alegría,0.6186,No detectado,0.0201,0.0141,0.0145
FACULTAD DE INGENIERIA Y ARQUITECTURA,DOBF,IMS1,INGENIERIA CIVIL EN MINAS LA SERENA,56003,TOPOGRAFIA,211,buen profesor.,Positivo,0.8798,Alegría,0.6186,No detectado,0.0201,0.0141,0.0145
FACULTAD DE INGENIERIA Y ARQUITECTURA,DOBF,IMS1,INGENIERIA CIVIL EN MINAS LA SERENA,56003,TOPOGRAFIA,211,buen profesor.,Positivo,0.8798,Alegría,0.6186,No detectado,0.0201,0.0141,0.0145
FACULTAD DE INGENIERIA Y ARQUITECTURA,DOBF,IMS1,INGENIERIA CIVIL EN MINAS LA SERENA,56003,TOPOGRAFIA,210,buen profesor.,Positivo,0.8798,Alegría,0.6186,No detectado,0.0201,0.0141,0.0145
FACULTAD DE INGENIERIA Y ARQUITECTURA,DOBF,IMS1,INGENIERIA CIVIL EN MINAS LA SERENA,56003,TOPOGRAFIA,220,buen profesor.,Positivo,0.8798,Alegría,0.6186,No detectado,0.0201,0.0141,0.0145
FACULTAD DE INGENIERIA Y ARQUITECTURA,DOBF,IMS1,INGENIERIA CIVIL EN MINAS LA SERENA,56003,TOPOGRAFIA,211,buen profesor.,Positivo,0.8798,Alegría,0.6186,No detectado,0.0201,0.0141,0.0145
FACULTAD DE INGENIERIA Y ARQUITECTURA,DOBF,IMS1,INGENIERIA CIVIL EN MINAS LA SERENA,56003,TOPOGRAFIA,210,buen profesor.,Positivo,0.8798,Alegría,0.6186,No detectado,0.0201,0.0141,0.0145
FACULTAD DE INGENIERIA Y ARQUITECTURA,DOBF,IMS1,INGENIERIA CIVIL EN MINAS LA SERENA,56003,TOPOGRAFIA,211,buen profesor enseña muy bien la materia y la conoces muy bien lo recomiendo mucho ademas cuando te equivoca el mismo seda el tiempo de corregir al estudiante.,Positivo,0.9681,Otro,0.9702,No detectado,0.0121,0.0078,0.0084
FACULTAD DE INGENIERIA Y ARQUITECTURA,DOBF,IMS1,INGENIERIA CIVIL EN MINAS LA SERENA,56003,TOPOGRAFIA,210,buen profesor enseña muy bien la materia y la conoces muy bien lo recomiendo mucho ademas cuando te equivoca el mismo seda el tiempo de corregir al estudiante.,Positivo,0.9681,Otro,0.9702,No detectado,0.0121,0.0078,0.0084
FACULTAD DE INGENIERIA Y ARQUITECTURA,DOBF,IMS1,INGENIERIA CIVIL EN MINAS LA SERENA,56003,TOPOGRAFIA,220,buen profesor pero muy largas sus pruebas.,Negativo,0.8215,Otro,0.9860,No detectado,0.1426,0.0180,0.0569
FACULTAD DE INGENIERIA Y ARQUITECTURA,DOBF,IMS1,INGENIERIA CIVIL EN MINAS LA SERENA,56003,TOPOGRAFIA,221,buen profesor sabe enseñar bien.,Positivo,0.9154,Otro,0.5970,No detectado,0.0137,0.0110,0.0105
FACULTAD DE INGENIERIA Y ARQUITECTURA,DOBF,IMS1,INGENIERIA CIVIL EN MINAS LA SERENA,56003,TOPOGRAFIA,210,"buen profesor, buena forma de llevar sus conocimientos a la hora de explicar la asignatura.",Positivo,0.9585,Otro,0.8498,No detectado,0.0121,0.0073,0.0068
FACULTAD DE INGENIERIA Y ARQUITECTURA,DOBF,IMS1,INGENIERIA CIVIL EN MINAS LA SERENA,56003,TOPOGRAFIA,211,"buen profesor, buena metodologia de explicacion a la hora de impartitr la asignatura.",Positivo,0.9209,Otro,0.7992,No detectado,0.0159,0.0077,0.0093
FACULTAD DE INGENIERIA Y ARQUITECTURA,DOBF,IMS1,INGENIERIA CIVIL EN MINAS LA SERENA,56003,TOPOGRAFIA,221,"buen profesor, pruebas muy largas.",Negativo,0.4806,Otro,0.9362,No detectado,0.0716,0.0089,0.0273
FACULTAD DE INGENIERIA Y ARQUITECTURA,DOBF,IMS1,INGENIERIA CIVIL EN MINAS LA SERENA,56003,TOPOGRAFIA,211,buen profesor.,Positivo,0.8798,Alegría,0.6186,No detectado,0.0201,0.0141,0.0145
FACULTAD DE INGENIERIA Y ARQUITECTURA,DOBF,IMS1,INGENIERIA CIVIL EN MINAS LA SERENA,56003,TOPOGRAFIA,210,buen profesor.,Positivo,0.8798,Alegría,0.6186,No detectado,0.0201,0.0141,0.0145
FACULTAD DE INGENIERIA Y ARQUITECTURA,DOBF,CI03,INGENIERÍA CIVIL INDUSTRIAL (LA SERENA),3850,DIBUJO GRAFICO COMPUTACIONAL,221,buena metodología de enseñanza.,Positivo,0.9304,Otro,0.8890,No detectado,0.0187,0.0093,0.0112
FACULTAD DE INGENIERIA Y ARQUITECTURA,DOBF,CI03,INGENIERÍA CIVIL INDUSTRIAL (LA SERENA),3850,DIBUJO GRAFICO COMPUTACIONAL,220,buena metodología de enseñanza.,Positivo,0.9304,Otro,0.8890,No detectado,0.0187,0.0093,0.0112
FACULTAD DE INGENIERIA Y ARQUITECTURA,DOBF,IMS1,INGENIERIA CIVIL EN MINAS LA SERENA,3850,DIBUJO GRAFICO COMPUTACIONAL,220,bueno.,Neutral,0.4849,Otro,0.8337,No detectado,0.0527,0.0147,0.0360
FACULTAD DE INGENIERIA Y ARQUITECTURA,DOBF,IMS1,INGENIERIA CIVIL EN MINAS LA SERENA,56003,TOPOGRAFIA,221,bueno.,Neutral,0.4849,Otro,0.8337,No detectado,0.0527,0.0147,0.0360
FACULTAD DE INGENIERIA Y ARQUITECTURA,DOBF,IMS1,INGENIERIA CIVIL EN MINAS LA SERENA,56003,TOPOGRAFIA,220,bueno.,Neutral,0.4849,Otro,0.8337,No detectado,0.0527,0.0147,0.0360
FACULTAD DE INGENIERIA Y ARQUITECTURA,DOBF,IMS1,INGENIERIA CIVIL EN MINAS LA SERENA,56003,TOPOGRAFIA,211,bueno.,Neutral,0.4849,Otro,0.8337,No detectado,0.0527,0.0147,0.0360
FACULTAD DE INGENIERIA Y ARQUITECTURA,DOBF,IMS1,INGENIERIA CIVIL EN MINAS LA SERENA,56003,TOPOGRAFIA,210,bueno.,Neutral,0.4849,Otro,0.8337,No detectado,0.0527,0.0147,0.0360
FACULTAD DE INGENIERIA Y ARQUITECTURA,DOBF,IMS1,INGENIERIA CIVIL EN MINAS LA SERENA,56003,TOPOGRAFIA,211,bueno.,Neutral,0.4849,Otro,0.8337,No detectado,0.0527,0.0147,0.0360
FACULTAD DE INGENIERIA Y ARQUITECTURA,DOBF,IMS1,INGENIERIA CIVIL EN MINAS LA SERENA,56003,TOPOGRAFIA,210,bueno.,Neutral,0.4849,Otro,0.8337,No detectado,0.0527,0.0147,0.0360
FACULTAD DE INGENIERIA Y ARQUITECTURA,DOBF,CI03,INGENIERÍA CIVIL INDUSTRIAL (LA SERENA),3850,DIBUJO GRAFICO COMPUTACIONAL,220,congele estudioos.,Neutral,0.6561,Otro,0.8504,No detectado,0.0850,0.0129,0.0345
FACULTAD DE INGENIERIA Y ARQUITECTURA,DOBF,CI03,INGENIERÍA CIVIL INDUSTRIAL (LA SERENA),3850,DIBUJO GRAFICO COMPUTACIONAL,221,congele estudios.,Neutral,0.7978,Otro,0.9656,No detectado,0.0415,0.0096,0.0183
FACULTAD DE INGENIERIA Y ARQUITECTURA,DOBF,IMS1,INGENIERIA CIVIL EN MINAS LA SERENA,56003,TOPOGRAFIA,211,consistente.,Neutral,0.5644,Otro,0.9030,No detectado,0.0812,0.0271,0.0361
FACULTAD DE INGENIERIA Y ARQUITECTURA,DOBF,IMS1,INGENIERIA CIVIL EN MINAS LA SERENA,56003,TOPOGRAFIA,210,consistente.,Neutral,0.5644,Otro,0.9030,No detectado,0.0812,0.0271,0.0361
FACULTAD DE INGENIERIA Y ARQUITECTURA,DOBF,IMS1,INGENIERIA CIVIL EN MINAS LA SERENA,56003,TOPOGRAFIA,220,"costaba entender las clases del profesor darí­o, ya que en varias oportunidades no se mostró acorde a el comportamiento que requiere un profesor y llevado a esto desconcentraba a los alumnos, pero no es mal profesor. saludos.",Negativo,0.9417,Otro,0.9293,No detectado,0.0124,0.0057,0.0092
FACULTAD DE INGENIERIA Y ARQUITECTURA,DOBF,IMS1,INGENIERIA CIVIL EN MINAS LA SERENA,56003,TOPOGRAFIA,210,el profesor darí­o debe ser claro con lo que exige y evitar contradicciones.,Neutral,0.5363,Otro,0.9946,No detectado,0.0166,0.0060,0.0088
FACULTAD DE INGENIERIA Y ARQUITECTURA,DOBF,IMS1,INGENIERIA CIVIL EN MINAS LA SERENA,56003,TOPOGRAFIA,221,el profesor se esfuerza para que la mayorí­a de los estudiantes entiendan realmente.,Positivo,0.6063,Otro,0.9943,No detectado,0.0166,0.0059,0.0070
FACULTAD DE INGENIERIA Y ARQUITECTURA,DOBF,IMS1,INGENIERIA CIVIL EN MINAS LA SERENA,56003,TOPOGRAFIA,221,en laboratorio falto equipo para que fuera mas rapida las mediciones.,Negativo,0.6465,Otro,0.9714,No detectado,0.3680,0.0155,0.0696
FACULTAD DE INGENIERIA Y ARQUITECTURA,DOBF,IMS1,INGENIERIA CIVIL EN MINAS LA SERENA,56003,TOPOGRAFIA,221,en varias oportunidades el profesor desconcentró a los alumnos y llevado a esto no me gustó su metodología y también no me gustó su trato hacia mis compañeras mujeres utilizando un lenguaje poco prudente hacia ellas.,Negativo,0.9821,Ira,0.8881,No detectado,0.1084,0.0055,0.0210
FACULTAD DE INGENIERIA Y ARQUITECTURA,DOBF,IMS1,INGENIERIA CIVIL EN MINAS LA SERENA,56003,TOPOGRAFIA,211,enseña mal.,Negativo,0.8238,Tristeza,0.7003,No detectado,0.1124,0.0335,0.1188
FACULTAD DE INGENIERIA Y ARQUITECTURA,DOBF,IMS1,INGENIERIA CIVIL EN MINAS LA SERENA,56003,TOPOGRAFIA,210,enseña mal.,Negativo,0.8238,Tristeza,0.7003,No detectado,0.1124,0.0335,0.1188
FACULTAD DE INGENIERIA Y ARQUITECTURA,DOBF,CI03,INGENIERÍA CIVIL INDUSTRIAL (LA SERENA),3850,DIBUJO GRAFICO COMPUTACIONAL,220,"es buen profesor, comprometido con sus alumnos y da buena soluciones a los problemas.",Positivo,0.9285,Alegría,0.7919,No detectado,0.0147,0.0074,0.0091
FACULTAD DE INGENIERIA Y ARQUITECTURA,DOBF,IMS1,INGENIERIA CIVIL EN MINAS LA SERENA,56003,TOPOGRAFIA,210,es muy buen profesor.,Positivo,0.9688,Otro,0.9128,No detectado,0.0128,0.0108,0.0085
FACULTAD DE INGENIERIA Y ARQUITECTURA,DOBF,IMS1,INGENIERIA CIVIL EN MINAS LA SERENA,56003,TOPOGRAFIA,220,es muy buen profesor y explica con claridad si no entiendes a la primera.,Positivo,0.8755,Otro,0.9883,No detectado,0.0113,0.0094,0.0085
FACULTAD DE INGENIERIA Y ARQUITECTURA,DOBF,IMS1,INGENIERIA CIVIL EN MINAS LA SERENA,56003,TOPOGRAFIA,211,es muy buen profesorsro.,Positivo,0.9586,Otro,0.9298,No detectado,0.0130,0.0109,0.0098
FACULTAD DE INGENIERIA Y ARQUITECTURA,DOBF,IMS1,INGENIERIA CIVIL EN MINAS LA SERENA,56003,TOPOGRAFIA,210,es un buen apoyo en temas academicos brinda ayuda.,Positivo,0.9462,Otro,0.8461,No detectado,0.0183,0.0071,0.0085
FACULTAD DE INGENIERIA Y ARQUITECTURA,DOBF,IMS1,INGENIERIA CIVIL EN MINAS LA SERENA,3850,DIBUJO GRAFICO COMPUTACIONAL,220,es un buen profesor y enseña en conjunto a materia de otro ramo como debería de ser.,Positivo,0.9527,Otro,0.9484,No detectado,0.0132,0.0084,0.0076
FACULTAD DE INGENIERIA Y ARQUITECTURA,DOBF,IMS1,INGENIERIA CIVIL EN MINAS LA SERENA,56003,TOPOGRAFIA,211,excelente.,Positivo,0.8434,Alegría,0.9649,No detectado,0.0368,0.0149,0.0255
FACULTAD DE INGENIERIA Y ARQUITECTURA,DOBF,IMS1,INGENIERIA CIVIL EN MINAS LA SERENA,56003,TOPOGRAFIA,211,excelente docente.,Positivo,0.9139,Alegría,0.9727,No detectado,0.0162,0.0167,0.0130
FACULTAD DE INGENIERIA Y ARQUITECTURA,DOBF,IMS1,INGENIERIA CIVIL EN MINAS LA SERENA,56003,TOPOGRAFIA,210,excelente docente.,Positivo,0.9139,Alegría,0.9727,No detectado,0.0162,0.0167,0.0130
FACULTAD DE INGENIERIA Y ARQUITECTURA,DOBF,IMS1,INGENIERIA CIVIL EN MINAS LA SERENA,56003,TOPOGRAFIA,210,excelente profesor.,Positivo,0.9060,Alegría,0.9409,No detectado,0.0124,0.0121,0.0102
FACULTAD DE INGENIERIA Y ARQUITECTURA,DOBF,IMS1,INGENIERIA CIVIL EN MINAS LA SERENA,56003,TOPOGRAFIA,221,excelente profesor.,Positivo,0.9060,Alegría,0.9409,No detectado,0.0124,0.0121,0.0102
FACULTAD DE INGENIERIA Y ARQUITECTURA,DOBF,IMS1,INGENIERIA CIVIL EN MINAS LA SERENA,56003,TOPOGRAFIA,220,excelente profesor.,Positivo,0.9060,Alegría,0.9409,No detectado,0.0124,0.0121,0.0102
FACULTAD DE INGENIERIA Y ARQUITECTURA,DOBF,IMS1,INGENIERIA CIVIL EN MINAS LA SERENA,56003,TOPOGRAFIA,221,excelente profesor.,Positivo,0.9060,Alegría,0.9409,No detectado,0.0124,0.0121,0.0102
FACULTAD DE INGENIERIA Y ARQUITECTURA,DOBF,IMS1,INGENIERIA CIVIL EN MINAS LA SERENA,56003,TOPOGRAFIA,210,excelente profesor.,Positivo,0.9060,Alegría,0.9409,No detectado,0.0124,0.0121,0.0102
FACULTAD DE INGENIERIA Y ARQUITECTURA,DOBF,IMS1,INGENIERIA CIVIL EN MINAS LA SERENA,56003,TOPOGRAFIA,221,excelente profesor.,Positivo,0.9060,Alegría,0.9409,No detectado,0.0124,0.0121,0.0102
FACULTAD DE INGENIERIA Y ARQUITECTURA,DOBF,IMS1,INGENIERIA CIVIL EN MINAS LA SERENA,56003,TOPOGRAFIA,220,excelente profesor maneja los conceptos y los explica claramente.,Positivo,0.9592,Otro,0.9439,No detectado,0.0130,0.0063,0.0082
FACULTAD DE INGENIERIA Y ARQUITECTURA,DOBF,IMS1,INGENIERIA CIVIL EN MINAS LA SERENA,3850,DIBUJO GRAFICO COMPUTACIONAL,221,explica de manera entendible para todos.,Neutral,0.4997,Otro,0.9959,No detectado,0.0187,0.0068,0.0086
FACULTAD DE INGENIERIA Y ARQUITECTURA,DOBF,IMS1,INGENIERIA CIVIL EN MINAS LA SERENA,56003,TOPOGRAFIA,210,falta de intrumentos para laboratorio.,Negativo,0.7444,Otro,0.9811,No detectado,0.0683,0.0071,0.0200
FACULTAD DE INGENIERIA Y ARQUITECTURA,DOBF,IMS1,INGENIERIA CIVIL EN MINAS LA SERENA,56003,TOPOGRAFIA,211,falta de intrumentos para topografia.,Negativo,0.7101,Otro,0.9805,No detectado,0.0340,0.0076,0.0151
FACULTAD DE INGENIERIA Y ARQUITECTURA,DOBF,IMS1,INGENIERIA CIVIL EN MINAS LA SERENA,56003,TOPOGRAFIA,211,laboratorio fue enriquecido en aprendizaje.,Positivo,0.8956,Alegría,0.6027,No detectado,0.0132,0.0081,0.0075
FACULTAD DE INGENIERIA Y ARQUITECTURA,DOBF,IMS1,INGENIERIA CIVIL EN MINAS LA SERENA,56003,TOPOGRAFIA,211,mal profesor.,Negativo,0.8246,Ira,0.3689,No detectado,0.0291,0.0193,0.0236
FACULTAD DE INGENIERIA Y ARQUITECTURA,DOBF,IMS1,INGENIERIA CIVIL EN MINAS LA SERENA,56003,TOPOGRAFIA,210,mal profesor.,Negativo,0.8246,Ira,0.3689,No detectado,0.0291,0.0193,0.0236
FACULTAD DE INGENIERIA Y ARQUITECTURA,DOBF,IMS1,INGENIERIA CIVIL EN MINAS LA SERENA,56003,TOPOGRAFIA,210,muy buen profesor.,Positivo,0.9677,Alegría,0.9051,No detectado,0.0123,0.0104,0.0094
FACULTAD DE INGENIERIA Y ARQUITECTURA,DOBF,IMS1,INGENIERIA CIVIL EN MINAS LA SERENA,56003,TOPOGRAFIA,221,"muy buen profesor, tiene dedicación.",Positivo,0.9765,Alegría,0.9430,No detectado,0.0114,0.0115,0.0086
FACULTAD DE INGENIERIA Y ARQUITECTURA,DOBF,IMS1,INGENIERIA CIVIL EN MINAS LA SERENA,56003,TOPOGRAFIA,211,muy poca ejercitación no se aprende a realizar los ejercicios.,Negativo,0.8756,Otro,0.9429,No detectado,0.0271,0.0036,0.0118
FACULTAD DE INGENIERIA Y ARQUITECTURA,DOBF,IMS1,INGENIERIA CIVIL EN MINAS LA SERENA,56003,TOPOGRAFIA,210,muy poco serio en clases y no realiza ejercicio para aprendizaje.,Negativo,0.9448,Ira,0.8663,No detectado,0.0450,0.0185,0.0209
FACULTAD DE INGENIERIA Y ARQUITECTURA,DOBF,IMS1,INGENIERIA CIVIL EN MINAS LA SERENA,56003,TOPOGRAFIA,211,nada.,Neutral,0.4837,Otro,0.8243,No detectado,0.0509,0.0136,0.0305
FACULTAD DE INGENIERIA Y ARQUITECTURA,DOBF,IMS1,INGENIERIA CIVIL EN MINAS LA SERENA,56003,TOPOGRAFIA,210,nada.,Neutral,0.4837,Otro,0.8243,No detectado,0.0509,0.0136,0.0305
FACULTAD DE INGENIERIA Y ARQUITECTURA,DOBF,IMS1,INGENIERIA CIVIL EN MINAS LA SERENA,56003,TOPOGRAFIA,210,nada que agregar.,Neutral,0.4990,Otro,0.6519,No detectado,0.0217,0.0132,0.0143
FACULTAD DE INGENIERIA Y ARQUITECTURA,DOBF,IMS1,INGENIERIA CIVIL EN MINAS LA SERENA,56003,TOPOGRAFIA,211,nada que decir.,Neutral,0.5090,Otro,0.8319,No detectado,0.0262,0.0117,0.0171
FACULTAD DE INGENIERIA Y ARQUITECTURA,DOBF,IMS1,INGENIERIA CIVIL EN MINAS LA SERENA,56003,TOPOGRAFIA,211,necesita hacer los documentos power point con más detalle.,Neutral,0.7677,Otro,0.9942,No detectado,0.0351,0.0092,0.0136
FACULTAD DE INGENIERIA Y ARQUITECTURA,DOBF,IMS1,INGENIERIA CIVIL EN MINAS LA SERENA,56003,TOPOGRAFIA,210,necesita hacer los documentos power point con más detalle.,Neutral,0.7677,Otro,0.9942,No detectado,0.0351,0.0092,0.0136
FACULTAD DE INGENIERIA Y ARQUITECTURA,DOBF,IMS1,INGENIERIA CIVIL EN MINAS LA SERENA,56003,TOPOGRAFIA,211,ningún otro.,Neutral,0.6196,Otro,0.9152,No detectado,0.0394,0.0195,0.0273
FACULTAD DE INGENIERIA Y ARQUITECTURA,DOBF,IMS1,INGENIERIA CIVIL EN MINAS LA SERENA,56003,TOPOGRAFIA,210,ningún otro.,Neutral,0.6196,Otro,0.9152,No detectado,0.0394,0.0195,0.0273
FACULTAD DE INGENIERIA Y ARQUITECTURA,DOBF,IMS1,INGENIERIA CIVIL EN MINAS LA SERENA,56003,TOPOGRAFIA,210,"no recomendable , no trata con respeto a los estudiantes .
solo hace leer los ppt.",Negativo,0.9371,Ira,0.5879,No detectado,0.0193,0.0117,0.0156
FACULTAD DE INGENIERIA Y ARQUITECTURA,DOBF,IMS1,INGENIERIA CIVIL EN MINAS LA SERENA,3850,DIBUJO GRAFICO COMPUTACIONAL,221,no tengo otro comentario sobre el profesor.,Neutral,0.6158,Otro,0.9971,No detectado,0.0166,0.0110,0.0097
FACULTAD DE INGENIERIA Y ARQUITECTURA,DOBF,IMS1,INGENIERIA CIVIL EN MINAS LA SERENA,56003,TOPOGRAFIA,221,no tengo otro comentario sobre el profesor.,Neutral,0.6158,Otro,0.9971,No detectado,0.0166,0.0110,0.0097
FACULTAD DE INGENIERIA Y ARQUITECTURA,DOBF,IMS1,INGENIERIA CIVIL EN MINAS LA SERENA,56003,TOPOGRAFIA,220,no tengo otro comentario sobre el profesor.,Neutral,0.6158,Otro,0.9971,No detectado,0.0166,0.0110,0.0097
FACULTAD DE INGENIERIA Y ARQUITECTURA,DOBF,IMS1,INGENIERIA CIVIL EN MINAS LA SERENA,3850,DIBUJO GRAFICO COMPUTACIONAL,220,no tengo otro comentario sobre el profesor.,Neutral,0.6158,Otro,0.9971,No detectado,0.0166,0.0110,0.0097
FACULTAD DE INGENIERIA Y ARQUITECTURA,DOBF,IMS1,INGENIERIA CIVIL EN MINAS LA SERENA,56003,TOPOGRAFIA,211,no trata con respeto a sus estudiantes.,Negativo,0.9648,Ira,0.8711,No detectado,0.0543,0.0087,0.0209
FACULTAD DE INGENIERIA Y ARQUITECTURA,DOBF,IMS1,INGENIERIA CIVIL EN MINAS LA SERENA,56003,TOPOGRAFIA,211,nos deja con una buena base.,Positivo,0.8188,Tristeza,0.5718,No detectado,0.0665,0.0140,0.0235
FACULTAD DE INGENIERIA Y ARQUITECTURA,DOBF,CI03,INGENIERÍA CIVIL INDUSTRIAL (LA SERENA),3850,DIBUJO GRAFICO COMPUTACIONAL,221,profesor consciente con la carga academica.,Negativo,0.5312,Otro,0.9908,No detectado,0.0555,0.0162,0.0215
FACULTAD DE INGENIERIA Y ARQUITECTURA,DOBF,CI03,INGENIERÍA CIVIL INDUSTRIAL (LA SERENA),3850,DIBUJO GRAFICO COMPUTACIONAL,220,profesor consciente con la carga academica.,Negativo,0.5312,Otro,0.9908,No detectado,0.0555,0.0162,0.0215
FACULTAD DE INGENIERIA Y ARQUITECTURA,DOBF,CI03,INGENIERÍA CIVIL INDUSTRIAL (LA SERENA),3850,DIBUJO GRAFICO COMPUTACIONAL,220,profesor dispuesto a enseñar y con conocimiento en su area.,Positivo,0.6720,Otro,0.9763,No detectado,0.0272,0.0082,0.0109
FACULTAD DE INGENIERIA Y ARQUITECTURA,DOBF,CI03,INGENIERÍA CIVIL INDUSTRIAL (LA SERENA),3850,DIBUJO GRAFICO COMPUTACIONAL,221,profesor toma en tiempo en enseñar y que entendamos.,Neutral,0.6510,Otro,0.9903,No detectado,0.0224,0.0066,0.0107
FACULTAD DE INGENIERIA Y ARQUITECTURA,DOBF,IMS1,INGENIERIA CIVIL EN MINAS LA SERENA,56003,TOPOGRAFIA,211,relaciona bien lo enseñado con la practica.,Positivo,0.7306,Otro,0.9561,No detectado,0.0469,0.0105,0.0171
FACULTAD DE INGENIERIA Y ARQUITECTURA,DOBF,IMS1,INGENIERIA CIVIL EN MINAS LA SERENA,56003,TOPOGRAFIA,210,tener más salidas a terreno a proyectls mineros o museos de rocas.,Neutral,0.7306,Otro,0.9908,No detectado,0.0890,0.0040,0.0239
FACULTAD DE INGENIERIA Y ARQUITECTURA,DOBF,IMS1,INGENIERIA CIVIL EN MINAS LA SERENA,56003,TOPOGRAFIA,211,tener más salidas a terreno como a proyectos mineros o museos de rocas.,Neutral,0.7671,Otro,0.9919,No detectado,0.1048,0.0040,0.0241
FACULTAD DE INGENIERIA Y ARQUITECTURA,DOBF,IMS1,INGENIERIA CIVIL EN MINAS LA SERENA,56003,TOPOGRAFIA,220,tiene muy buena metodología.,Positivo,0.9693,Otro,0.9863,No detectado,0.0169,0.0120,0.0098
FACULTAD DE INGENIERIA Y ARQUITECTURA,DOBF,IMS1,INGENIERIA CIVIL EN MINAS LA SERENA,3850,DIBUJO GRAFICO COMPUTACIONAL,220,un profesor simpático y dinámico.,Positivo,0.9425,Alegría,0.7537,No detectado,0.0331,0.0145,0.0141
FACULTAD DE INGENIERIA Y ARQUITECTURA,LRMA,IC05,INGENIERÍA CIVIL EN COMPUTACIÓN E INFORMÁTICA PLAN 2017,14704,MECANICA,12,a profesor le importa mas el diseño de los informes más que el propio contenido no lo recomiendo para nada.,Negativo,0.9639,Otro,0.6593,No detectado,0.0144,0.0053,0.0088
FACULTAD DE INGENIERIA Y ARQUITECTURA,LRMA,IC05,INGENIERÍA CIVIL EN COMPUTACIÓN E INFORMÁTICA PLAN 2017,14703,ELECTRICIDAD Y MAGNETISMO,20,best profesor.,Positivo,0.7359,Alegría,0.8201,No detectado,0.0167,0.0185,0.0178
FACULTAD DE INGENIERIA Y ARQUITECTURA,LRMA,CO05,INGENIERÍA EN CONSTRUCCIÓN PLAN 2017,14704,MECANICA,21,buen docente.,Positivo,0.8689,Alegría,0.8098,No detectado,0.0230,0.0187,0.0216
FACULTAD DE INGENIERIA Y ARQUITECTURA,LRMA,IM02,INGENIERÍA CIVIL EN MINAS PLAN 2017,14703,ELECTRICIDAD Y MAGNETISMO,20,buen profesor.,Positivo,0.8798,Alegría,0.6186,No detectado,0.0201,0.0141,0.0145
FACULTAD DE INGENIERIA Y ARQUITECTURA,LRMA,IC05,INGENIERÍA CIVIL EN COMPUTACIÓN E INFORMÁTICA PLAN 2017,14704,MECANICA,12,buen profesor.,Positivo,0.8798,Alegría,0.6186,No detectado,0.0201,0.0141,0.0145
FACULTAD DE INGENIERIA Y ARQUITECTURA,LRMA,IC05,INGENIERÍA CIVIL EN COMPUTACIÓN E INFORMÁTICA PLAN 2017,14703,ELECTRICIDAD Y MAGNETISMO,20,"buen profesor, a veces un tanto disperso, pero nada malo que decir.",Positivo,0.6669,Otro,0.9654,No detectado,0.0155,0.0090,0.0110
FACULTAD DE INGENIERIA Y ARQUITECTURA,LRMA,IC05,INGENIERÍA CIVIL EN COMPUTACIÓN E INFORMÁTICA PLAN 2017,14703,ELECTRICIDAD Y MAGNETISMO,20,"buen profesor, yo soy el mal estudiante.",Negativo,0.6637,Otro,0.9833,No detectado,0.0739,0.0192,0.0283
FACULTAD DE INGENIERIA Y ARQUITECTURA,LRMA,IM02,INGENIERÍA CIVIL EN MINAS PLAN 2017,14704,MECANICA,21,buen profesorsional con grandes conocimientos pero a veces se olvida que los que están en su clase no tienen esos estudios.,Neutral,0.5617,Otro,0.9862,No detectado,0.0317,0.0065,0.0145
FACULTAD DE INGENIERIA Y ARQUITECTURA,LRMA,CI02,INGENIERÍA CIVIL INDUSTRIAL (PLAN 2015),14703,ELECTRICIDAD Y MAGNETISMO,20,buen profesor.,Positivo,0.8798,Alegría,0.6186,No detectado,0.0201,0.0141,0.0145
FACULTAD DE INGENIERIA Y ARQUITECTURA,LRMA,IM02,INGENIERÍA CIVIL EN MINAS PLAN 2017,14704,MECANICA,12,buen profesor.,Positivo,0.8798,Alegría,0.6186,No detectado,0.0201,0.0141,0.0145
FACULTAD DE INGENIERIA Y ARQUITECTURA,LRMA,IC05,INGENIERÍA CIVIL EN COMPUTACIÓN E INFORMÁTICA PLAN 2017,14704,MECANICA,12,buen profesor.,Positivo,0.8798,Alegría,0.6186,No detectado,0.0201,0.0141,0.0145
FACULTAD DE INGENIERIA Y ARQUITECTURA,LRMA,IC05,INGENIERÍA CIVIL EN COMPUTACIÓN E INFORMÁTICA PLAN 2017,14704,MECANICA,12,buen profesor se aprende a la ves que es muy exigente cuando pide los informes.,Neutral,0.5196,Otro,0.9825,No detectado,0.0155,0.0079,0.0087
FACULTAD DE INGENIERIA Y ARQUITECTURA,LRMA,CI02,INGENIERÍA CIVIL INDUSTRIAL (PLAN 2015),14704,MECANICA,12,"buen profesor, bien exigente con tema de informes.",Positivo,0.8522,Otro,0.9563,No detectado,0.0210,0.0110,0.0117
FACULTAD DE INGENIERIA Y ARQUITECTURA,LRMA,GE02,GEOLOGÍA PLAN 2017,14704,MECANICA,12,"buen profesor, lamentablemente aun que sigan su rubrica jamás es suficiente.",Negativo,0.5912,Tristeza,0.9294,No detectado,0.0224,0.0097,0.0140
FACULTAD DE INGENIERIA Y ARQUITECTURA,LRMA,OB07,INGENIERÍA CIVIL EN OBRAS CIVILES PLAN 2017,14704,MECANICA,12,buena forma de enseñar.,Positivo,0.8595,Otro,0.6650,No detectado,0.0196,0.0123,0.0134
FACULTAD DE INGENIERIA Y ARQUITECTURA,LRMA,IC05,INGENIERÍA CIVIL EN COMPUTACIÓN E INFORMÁTICA PLAN 2017,14703,ELECTRICIDAD Y MAGNETISMO,20,bueno.,Neutral,0.4849,Otro,0.8337,No detectado,0.0527,0.0147,0.0360
FACULTAD DE INGENIERIA Y ARQUITECTURA,LRMA,IC05,INGENIERÍA CIVIL EN COMPUTACIÓN E INFORMÁTICA PLAN 2017,14704,MECANICA,12,"clase horrible, desperdicia una de las 4 clases de trabajo haciendo un taller, cambia el formato establecido de los informes por otro lleno de condiciones innecesarias y especí­ficas, excesivamente exigente y perfeccionista. (como queja personal, una compañera de otra sección fue a preguntarle por qué nuestro grupo tení­a bajas notas, el profesor le dejó en claro que le caemos mal e incluso trató a un compañero de flojo cuando este ha sido el más preocupado por los experimentos/informes).",Negativo,0.9788,Ira,0.9583,No detectado,0.2045,0.0083,0.0631
FACULTAD DE INGENIERIA Y ARQUITECTURA,LRMA,GE02,GEOLOGÍA PLAN 2017,14703,ELECTRICIDAD Y MAGNETISMO,20,cuesta adaptarse a su método de enseñanza.,Negativo,0.7806,Otro,0.7158,No detectado,0.0228,0.0074,0.0129
FACULTAD DE INGENIERIA Y ARQUITECTURA,LRMA,CI02,INGENIERÍA CIVIL INDUSTRIAL (PLAN 2015),14703,ELECTRICIDAD Y MAGNETISMO,20,"el profesor demuestra claro conocimiento sobre la materia y ha mostrado, mejorias con respecto a semestres anteriores, pero sus evaluaciones siguen encontrándose injustas.",Negativo,0.9025,Otro,0.7522,No detectado,0.0202,0.0048,0.0107
FACULTAD DE INGENIERIA Y ARQUITECTURA,LRMA,GE02,GEOLOGÍA PLAN 2017,14703,ELECTRICIDAD Y MAGNETISMO,20,el profesor mostro interés y pasión en el desarrollo del curso.,Positivo,0.9600,Otro,0.9328,No detectado,0.0090,0.0087,0.0066
FACULTAD DE INGENIERIA Y ARQUITECTURA,LRMA,IM02,INGENIERÍA CIVIL EN MINAS PLAN 2017,14703,ELECTRICIDAD Y MAGNETISMO,20,enseña bien los contenidos en cátedra.,Neutral,0.5233,Otro,0.9913,No detectado,0.0390,0.0112,0.0158
FACULTAD DE INGENIERIA Y ARQUITECTURA,LRMA,GE02,GEOLOGÍA PLAN 2017,14703,ELECTRICIDAD Y MAGNETISMO,20,"enseña bien, buena manera de evaluar, deja bastante material de estudio.",Positivo,0.9707,Otro,0.4942,No detectado,0.0133,0.0079,0.0081
FACULTAD DE INGENIERIA Y ARQUITECTURA,LRMA,GE02,GEOLOGÍA PLAN 2017,14703,ELECTRICIDAD Y MAGNETISMO,20,"es buen profesor, domina muy bien sus temas de clases, tambien se nota que a tenido cambios para bien en temas de como trabajar con los estudiantes en clases, entrega las notas a tiempo y ademas de material de estudio que eso ayuda bastante para el aprendizaje.",Positivo,0.9588,Otro,0.7944,No detectado,0.0160,0.0072,0.0093
FACULTAD DE INGENIERIA Y ARQUITECTURA,LRMA,IC05,INGENIERÍA CIVIL EN COMPUTACIÓN E INFORMÁTICA PLAN 2017,14704,MECANICA,21,"es realmente exigente a la hora de evaluar, es realmente bueno en exigir cosas que nos serán útiles.",Positivo,0.7755,Otro,0.9935,No detectado,0.0223,0.0051,0.0093
FACULTAD DE INGENIERIA Y ARQUITECTURA,LRMA,IC05,INGENIERÍA CIVIL EN COMPUTACIÓN E INFORMÁTICA PLAN 2017,14703,ELECTRICIDAD Y MAGNETISMO,20,es un ejemplo a seguir en como usa el aula a diferencia del restro de profesores.,Positivo,0.8531,Otro,0.9893,No detectado,0.0254,0.0076,0.0113
FACULTAD DE INGENIERIA Y ARQUITECTURA,LRMA,GE02,GEOLOGÍA PLAN 2017,14704,MECANICA,12,"es un poco complicado el profesor en el ámbito de laboratorio, demasiada exigencia a la hora de evaluar y un feedback no muy agradable a la hora de revisar los trabajos pedidos.",Negativo,0.9764,Otro,0.9335,No detectado,0.0174,0.0051,0.0093
FACULTAD DE INGENIERIA Y ARQUITECTURA,LRMA,IC05,INGENIERÍA CIVIL EN COMPUTACIÓN E INFORMÁTICA PLAN 2017,14703,ELECTRICIDAD Y MAGNETISMO,20,"gracias profesor, por usted entendí­ y fui capaz de pasar el ramo.",Positivo,0.9225,Otro,0.7499,No detectado,0.0117,0.0094,0.0076
FACULTAD DE INGENIERIA Y ARQUITECTURA,LRMA,IM02,INGENIERÍA CIVIL EN MINAS PLAN 2017,14703,ELECTRICIDAD Y MAGNETISMO,20,gran profesor.,Positivo,0.8978,Alegría,0.5446,No detectado,0.0136,0.0122,0.0107
FACULTAD DE INGENIERIA Y ARQUITECTURA,LRMA,IC05,INGENIERÍA CIVIL EN COMPUTACIÓN E INFORMÁTICA PLAN 2017,14704,MECANICA,21,la clase perfecta.,Positivo,0.8828,Alegría,0.8763,No detectado,0.0629,0.0172,0.0267
FACULTAD DE INGENIERIA Y ARQUITECTURA,LRMA,IM02,INGENIERÍA CIVIL EN MINAS PLAN 2017,14703,ELECTRICIDAD Y MAGNETISMO,20,"la metodología de enseñanza no me ayudó mucho, sin embargo, es excelente y responsable con los materiales de estudio, es excelente en esa área.",Positivo,0.9238,Otro,0.8897,No detectado,0.0179,0.0100,0.0099
FACULTAD DE INGENIERIA Y ARQUITECTURA,LRMA,IC05,INGENIERÍA CIVIL EN COMPUTACIÓN E INFORMÁTICA PLAN 2017,14703,ELECTRICIDAD Y MAGNETISMO,20,"lo bueno de este profesor es la cantidad de material y ayudas que deja en el aula virtual, pero su forma de explicar no me gustó para nada, pocas veces le entendí­ en clases.",Negativo,0.5393,Otro,0.9700,No detectado,0.0131,0.0074,0.0094
FACULTAD DE INGENIERIA Y ARQUITECTURA,LRMA,CI02,INGENIERÍA CIVIL INDUSTRIAL (PLAN 2015),14704,MECANICA,12,me gustó como explica la materia aveces se enreda pero si me gusta como profesor.,Positivo,0.8452,Alegría,0.5569,No detectado,0.0134,0.0128,0.0091
FACULTAD DE INGENIERIA Y ARQUITECTURA,LRMA,IC05,INGENIERÍA CIVIL EN COMPUTACIÓN E INFORMÁTICA PLAN 2017,14703,ELECTRICIDAD Y MAGNETISMO,20,muy buen profesor.,Positivo,0.9677,Alegría,0.9051,No detectado,0.0123,0.0104,0.0094
FACULTAD DE INGENIERIA Y ARQUITECTURA,LRMA,GE02,GEOLOGÍA PLAN 2017,14704,MECANICA,12,"muy buen profesor, solo debe hacer más retroalimentación para mejorar los informes.",Positivo,0.9001,Otro,0.9891,No detectado,0.0212,0.0076,0.0101
FACULTAD DE INGENIERIA Y ARQUITECTURA,LRMA,CI02,INGENIERÍA CIVIL INDUSTRIAL (PLAN 2015),14704,MECANICA,12,"muy exigente con los informes, lo cual beneficia al estudiante con que se esfuerce por hacer informes de calidad.",Positivo,0.5230,Otro,0.9883,No detectado,0.0214,0.0059,0.0093
FACULTAD DE INGENIERIA Y ARQUITECTURA,LRMA,IC05,INGENIERÍA CIVIL EN COMPUTACIÓN E INFORMÁTICA PLAN 2017,14703,ELECTRICIDAD Y MAGNETISMO,20,nada.,Neutral,0.4837,Otro,0.8243,No detectado,0.0509,0.0136,0.0305
FACULTAD DE INGENIERIA Y ARQUITECTURA,LRMA,IM02,INGENIERÍA CIVIL EN MINAS PLAN 2017,14703,ELECTRICIDAD Y MAGNETISMO,20,"nada que decir sobre el profesor, yo debí­ poner más atención en clases y de mi voluntad.",Neutral,0.4753,Otro,0.9959,No detectado,0.0210,0.0148,0.0148
FACULTAD DE INGENIERIA Y ARQUITECTURA,LRMA,CI02,INGENIERÍA CIVIL INDUSTRIAL (PLAN 2015),14704,MECANICA,12,no.,Neutral,0.4675,Otro,0.5628,No detectado,0.0628,0.0154,0.0316
FACULTAD DE INGENIERIA Y ARQUITECTURA,LRMA,CI02,INGENIERÍA CIVIL INDUSTRIAL (PLAN 2015),14704,MECANICA,21,no.,Neutral,0.4675,Otro,0.5628,No detectado,0.0628,0.0154,0.0316
FACULTAD DE INGENIERIA Y ARQUITECTURA,LRMA,GE02,GEOLOGÍA PLAN 2017,14703,ELECTRICIDAD Y MAGNETISMO,20,"no me gusta este profesor porque no logro entender su forma de enseñar a los alumnos, pero lamentablemente no habí­an muchas opciones para tomar ramo con otro profesor.",Negativo,0.9576,Tristeza,0.8349,No detectado,0.0202,0.0070,0.0110
FACULTAD DE INGENIERIA Y ARQUITECTURA,LRMA,IC05,INGENIERÍA CIVIL EN COMPUTACIÓN E INFORMÁTICA PLAN 2017,14704,MECANICA,12,"no recomendarí­a a este profesor, si bien tiene conocimiento también tiene actitudes muy desagradables estás reclamados por varios alumnos, e escuchado varias quejas de que toma actitudes personales contra los alumnos, en este caso fue contra mi al parecer, quedo en evidencia cuando una compañera pregunta si algo a nombre de mi grupo este se refirió a nosotros de forma despectiva haciendo énfasis especial en mi persona. no revisa las correcciones de informes que el mismo pide y por lo anterior mencionado se ve una falta de profesorsionalismo y una actitud muy infantil de su parte. hay más pero por la capacidad máxima de este recuadro tengo que resumirlo de esta forma.",Negativo,0.9649,Ira,0.9290,No detectado,0.0342,0.0078,0.0309
FACULTAD DE INGENIERIA Y ARQUITECTURA,LRMA,IC05,INGENIERÍA CIVIL EN COMPUTACIÓN E INFORMÁTICA PLAN 2017,14703,ELECTRICIDAD Y MAGNETISMO,20,que no haga más clases de electro xfa.,Negativo,0.8457,Otro,0.8452,No detectado,0.0284,0.0143,0.0178
FACULTAD DE INGENIERIA Y ARQUITECTURA,LRMA,IC05,INGENIERÍA CIVIL EN COMPUTACIÓN E INFORMÁTICA PLAN 2017,14703,ELECTRICIDAD Y MAGNETISMO,20,"sube todo a la hora, los ejercicios que pone en clase y sube al aula, ayudan bastante para prepararse para las pruebas.",Positivo,0.8617,Otro,0.9482,No detectado,0.0267,0.0068,0.0123
FACULTAD DE INGENIERIA Y ARQUITECTURA,LRMA,GE02,GEOLOGÍA PLAN 2017,14703,ELECTRICIDAD Y MAGNETISMO,20,todo bien.,Positivo,0.7033,Otro,0.7826,No detectado,0.0408,0.0222,0.0283
FACULTAD DE INGENIERIA Y ARQUITECTURA,LRMA,CI02,INGENIERÍA CIVIL INDUSTRIAL (PLAN 2015),14704,MECANICA,12,"un gran profesor, preocupado de enseñarnos a todos y todas. da muchos ejemplos que ayudan a entender los temas planteados y además usa ejemplos muy interesantes respecto a temas similares de la vida real y nuestra carrera.",Positivo,0.9652,Otro,0.9780,No detectado,0.0107,0.0050,0.0063
FACULTAD DE INGENIERIA Y ARQUITECTURA,LRMA,CI02,INGENIERÍA CIVIL INDUSTRIAL (PLAN 2015),14703,ELECTRICIDAD Y MAGNETISMO,20,"un profesor, que se presenta a sus alumnos diciendo, que mientras menos gente pase su curso el mas feliz es.",Positivo,0.8522,Alegría,0.6991,No detectado,0.0211,0.0064,0.0099
FACULTAD DE INGENIERIA Y ARQUITECTURA,FHCA,CI02,INGENIERÍA CIVIL INDUSTRIAL (PLAN 2015),14704,MECANICA,31,4/10.,Neutral,0.4771,Alegría,0.7276,No detectado,0.0596,0.0392,0.0363
FACULTAD DE INGENIERIA Y ARQUITECTURA,FHCA,CO05,INGENIERÍA EN CONSTRUCCIÓN PLAN 2017,14704,MECANICA,31,aveces las clases se vuelven algo incomodas.,Negativo,0.9171,Otro,0.8468,No detectado,0.1477,0.0067,0.0404
FACULTAD DE INGENIERIA Y ARQUITECTURA,FHCA,CO05,INGENIERÍA EN CONSTRUCCIÓN PLAN 2017,14704,MECANICA,30,aveces las clases se vuelven incomodas.,Negativo,0.9195,Otro,0.8879,No detectado,0.1596,0.0071,0.0439
FACULTAD DE INGENIERIA Y ARQUITECTURA,FHCA,GE02,GEOLOGÍA PLAN 2017,58000,INTRODUCCION A LAS MATEMATICAS,61,bien.,Positivo,0.7325,Alegría,0.8209,No detectado,0.0506,0.0188,0.0390
FACULTAD DE INGENIERIA Y ARQUITECTURA,FHCA,GE02,GEOLOGÍA PLAN 2017,14704,MECANICA,30,buen profesor nada que decir de el.,Positivo,0.8057,Otro,0.9842,No detectado,0.0173,0.0114,0.0104
FACULTAD DE INGENIERIA Y ARQUITECTURA,FHCA,CI02,INGENIERÍA CIVIL INDUSTRIAL (PLAN 2015),58000,INTRODUCCION A LAS MATEMATICAS,61,buen profesor.,Positivo,0.8798,Alegría,0.6186,No detectado,0.0201,0.0141,0.0145
FACULTAD DE INGENIERIA Y ARQUITECTURA,FHCA,CI02,INGENIERÍA CIVIL INDUSTRIAL (PLAN 2015),58000,INTRODUCCION A LAS MATEMATICAS,60,buen profesor.,Positivo,0.8798,Alegría,0.6186,No detectado,0.0201,0.0141,0.0145
FACULTAD DE INGENIERIA Y ARQUITECTURA,FHCA,IM02,INGENIERÍA CIVIL EN MINAS PLAN 2017,58000,INTRODUCCION A LAS MATEMATICAS,61,buen profesor.,Positivo,0.8798,Alegría,0.6186,No detectado,0.0201,0.0141,0.0145
FACULTAD DE INGENIERIA Y ARQUITECTURA,FHCA,CI02,INGENIERÍA CIVIL INDUSTRIAL (PLAN 2015),14704,MECANICA,31,buen profesor.,Positivo,0.8798,Alegría,0.6186,No detectado,0.0201,0.0141,0.0145
FACULTAD DE INGENIERIA Y ARQUITECTURA,FHCA,IM02,INGENIERÍA CIVIL EN MINAS PLAN 2017,14704,MECANICA,30,buen profesor.,Positivo,0.8798,Alegría,0.6186,No detectado,0.0201,0.0141,0.0145
FACULTAD DE INGENIERIA Y ARQUITECTURA,FHCA,IC05,INGENIERÍA CIVIL EN COMPUTACIÓN E INFORMÁTICA PLAN 2017,3248,"ONDAS, OPTICA Y CALOR",20,buen profesor.,Positivo,0.8798,Alegría,0.6186,No detectado,0.0201,0.0141,0.0145
FACULTAD DE INGENIERIA Y ARQUITECTURA,FHCA,IC05,INGENIERÍA CIVIL EN COMPUTACIÓN E INFORMÁTICA PLAN 2017,14704,MECANICA,30,"buen profesor, la clase es muy dificil.",Negativo,0.7902,Otro,0.9882,No detectado,0.0815,0.0323,0.0410
FACULTAD DE INGENIERIA Y ARQUITECTURA,FHCA,CI02,INGENIERÍA CIVIL INDUSTRIAL (PLAN 2015),14700,INTRODUCCION A LA FISICA,92,conocer como se comporta la universidad dar mejor ayuda en las clases para poder llegar al objetivo.,Positivo,0.7955,Otro,0.9895,No detectado,0.0276,0.0079,0.0095
FACULTAD DE INGENIERIA Y ARQUITECTURA,FHCA,IM02,INGENIERÍA CIVIL EN MINAS PLAN 2017,14704,MECANICA,30,cumple su funcion de enseñar.,Positivo,0.7501,Otro,0.9464,No detectado,0.0195,0.0185,0.0127
FACULTAD DE INGENIERIA Y ARQUITECTURA,FHCA,IC05,INGENIERÍA CIVIL EN COMPUTACIÓN E INFORMÁTICA PLAN 2017,58000,INTRODUCCION A LAS MATEMATICAS,61,el profesor da ejemplos en todo lo que el explica.,Neutral,0.5708,Otro,0.9965,No detectado,0.0201,0.0088,0.0074
FACULTAD DE INGENIERIA Y ARQUITECTURA,FHCA,CI02,INGENIERÍA CIVIL INDUSTRIAL (PLAN 2015),58000,INTRODUCCION A LAS MATEMATICAS,60,"el profesor demuestra pleno conocimiento en la materia, también es más interesado por enseñarla que otros profesores, pero su comportamiento o su irresponsabilidad lo perjudican. muchas veces el profesor se altera de la nada y comienza a levantar el tono de voz o hay veces donde llega a ser desagradable, también falta mucho a clases.",Negativo,0.9556,Ira,0.6625,No detectado,0.0236,0.0048,0.0113
FACULTAD DE INGENIERIA Y ARQUITECTURA,FHCA,CI02,INGENIERÍA CIVIL INDUSTRIAL (PLAN 2015),58000,INTRODUCCION A LAS MATEMATICAS,61,el profesor enseña bien y se dedicaba en esta sección a explicar y ayudar si se requerí­a.,Positivo,0.5500,Otro,0.9918,No detectado,0.0251,0.0095,0.0146
FACULTAD DE INGENIERIA Y ARQUITECTURA,FHCA,CI02,INGENIERÍA CIVIL INDUSTRIAL (PLAN 2015),14700,INTRODUCCION A LA FISICA,92,el profesor es humillante con respecto al tema de las dudas.,Negativo,0.9649,Otro,0.6063,No detectado,0.0218,0.0067,0.0111
FACULTAD DE INGENIERIA Y ARQUITECTURA,FHCA,CI02,INGENIERÍA CIVIL INDUSTRIAL (PLAN 2015),14704,MECANICA,30,"el profesor es prepotente de buenas a primeras, cuando está en clases exige a un estudiante contestar una pregunta (que él hace) y si el estudiante le responde lo correcto, este comienza a decir que lo explique de diferente manera para que él lo entienda siendo que es un concepto que obviamente maneja, además de si un estudiante no quiere participar lo obliga, siendo que estos pueden experimentar ansiedad y estrés en exceso por estos comportamientos, agregando que a la larga pueden desarrollar ataques de ansiedad o cosas peores. en un futuro esto puede generar también que el estudiante se ausente a clases por estos comportamientos.",Negativo,0.9016,Ira,0.8843,No detectado,0.0442,0.0036,0.0182
FACULTAD DE INGENIERIA Y ARQUITECTURA,FHCA,IM02,INGENIERÍA CIVIL EN MINAS PLAN 2017,58000,INTRODUCCION A LAS MATEMATICAS,60,"el profesor falto alrededor de 12 clases y las que no falto la mayorí­a llegó tarde a causa de esto no pudimos avanzar con la materia y no pasamos casi nada para la prueba n3 tuvimos que estudiar por nuestra cuenta, el profesor trata de manera despectiva a los estudiantes impone sus creencias sobre todos y reta mucho a varios compañeros a las clases que llegó tarde por lo menos 30 minutos y sin dar explicación alguna, realizó 0 controles y un solo taller.",Negativo,0.9720,Ira,0.9441,No detectado,0.0442,0.0066,0.0232
FACULTAD DE INGENIERIA Y ARQUITECTURA,FHCA,CI02,INGENIERÍA CIVIL INDUSTRIAL (PLAN 2015),58000,INTRODUCCION A LAS MATEMATICAS,60,"el profesor habí­a veces que llegaba tarde (ya pasado los 15 min de espera) y aún así hacia las clases, no le importaba la regla de los 15 min. 
faltaba mucho a clases pero trataba de hacer clases recuperativas.",Neutral,0.5527,Otro,0.9883,No detectado,0.0564,0.0085,0.0257
FACULTAD DE INGENIERIA Y ARQUITECTURA,FHCA,IM02,INGENIERÍA CIVIL EN MINAS PLAN 2017,58000,INTRODUCCION A LAS MATEMATICAS,61,el profesor la mayorí­a de las clases faltaba.,Neutral,0.5189,Otro,0.9962,No detectado,0.0570,0.0165,0.0219
FACULTAD DE INGENIERIA Y ARQUITECTURA,FHCA,CI02,INGENIERÍA CIVIL INDUSTRIAL (PLAN 2015),58000,INTRODUCCION A LAS MATEMATICAS,60,"el profesor no da una enseñanza acorde a lo que deberia, ya que yo estoy pagando para que se me haga un servicio de enseñanza y el profesor no cumple con eso porque no da material ni se da la molestia de explicar temas o dar materia.",Negativo,0.9703,Ira,0.8399,No detectado,0.0404,0.0079,0.0189
FACULTAD DE INGENIERIA Y ARQUITECTURA,FHCA,CI02,INGENIERÍA CIVIL INDUSTRIAL (PLAN 2015),58000,INTRODUCCION A LAS MATEMATICAS,60,el profesor no sabe resolver dudad y se dirige con malos tratos hacia los estudiantes.,Negativo,0.9751,Otro,0.9586,No detectado,0.0395,0.0060,0.0178
FACULTAD DE INGENIERIA Y ARQUITECTURA,FHCA,CO05,INGENIERÍA EN CONSTRUCCIÓN PLAN 2017,14704,MECANICA,30,"el profesor repetidamente llega tarde a las clases y a las pruebas sin darnos una explicacion ,nos entrego las notas la ultima semana de clases ya que se le habia extrabiado una nota ,se ponia a hablar supuestamente en ruso sin ningun motivo ,a casi todas las clases llegaba enojado ,en conclusion muy mal profesor si no quiere enseñar que ejor busque otra profesorsion ya que por culpa de estos profesors a uno se le quitan las ganas de estudiar y entrar a sus clases.",Negativo,0.9758,Ira,0.9387,No detectado,0.2967,0.0153,0.1246
FACULTAD DE INGENIERIA Y ARQUITECTURA,FHCA,CI02,INGENIERÍA CIVIL INDUSTRIAL (PLAN 2015),58000,INTRODUCCION A LAS MATEMATICAS,61,el profesor se altera mucho y llega a ser pesado y desagradable en situaciones.,Negativo,0.9741,Otro,0.9323,No detectado,0.0142,0.0080,0.0115
FACULTAD DE INGENIERIA Y ARQUITECTURA,FHCA,CI02,INGENIERÍA CIVIL INDUSTRIAL (PLAN 2015),58000,INTRODUCCION A LAS MATEMATICAS,60,"el profesor siempre falta a las clases nos deja esperandolo, aveces tenemos prueba o talleres y el profesor falta a las clases de repaso tambien toma talleres o controles sin haber avisado previamente en el aula y si avisa es el dia anterior en la noche tambien nos dice que vengamos a ciertos horarios para poder repasar y siempre nos cancela.",Negativo,0.6622,Otro,0.7047,No detectado,0.1434,0.0112,0.0554
FACULTAD DE INGENIERIA Y ARQUITECTURA,FHCA,CI02,INGENIERÍA CIVIL INDUSTRIAL (PLAN 2015),14700,INTRODUCCION A LA FISICA,92,"el profesor solia equivocarse al explicar haciendo que muchosbde sus alumnos se enreden en su materia, ademas del mal trato que tenia aveces hacia los estudiantes de vez en cuando, era bipolar.",Negativo,0.9441,Otro,0.5304,No detectado,0.0344,0.0079,0.0192
FACULTAD DE INGENIERIA Y ARQUITECTURA,FHCA,CI02,INGENIERÍA CIVIL INDUSTRIAL (PLAN 2015),14704,MECANICA,31,"en los primeros laboratorios el profesor tení­a una exigencia que era de otro mundo, no seguí­a ni los tiempos estipulados de entrega de informes, se generaban malentendidos con los formatos, hasta que en un punto comenzó a dar a entender como querí­a los formatos (que según él es un formato que nosotros querí­amos, pero es el formato que él solicitaba, en fin.",Negativo,0.7771,Otro,0.8313,No detectado,0.0573,0.0068,0.0199
FACULTAD DE INGENIERIA Y ARQUITECTURA,FHCA,CI02,INGENIERÍA CIVIL INDUSTRIAL (PLAN 2015),58000,INTRODUCCION A LAS MATEMATICAS,61,"en respecto a las clases normales con el respectivo profesor, en ejercicios respeta más al resto, aunque el aprendizaje sea autodidacta.",Neutral,0.8087,Otro,0.9961,No detectado,0.0200,0.0066,0.0098
FACULTAD DE INGENIERIA Y ARQUITECTURA,FHCA,CI02,INGENIERÍA CIVIL INDUSTRIAL (PLAN 2015),58000,INTRODUCCION A LAS MATEMATICAS,60,en varias ocasiones personalmente tuve indiferencia en opinión respecto en algunos trabajos en donde el profesor no contestaba de buena manera y tenia poco interes en resolver el conflico.,Negativo,0.9559,Otro,0.7105,No detectado,0.0176,0.0058,0.0121
FACULTAD DE INGENIERIA Y ARQUITECTURA,FHCA,CI02,INGENIERÍA CIVIL INDUSTRIAL (PLAN 2015),58000,INTRODUCCION A LAS MATEMATICAS,60,enseña bien pero su actitud a veces no es acorde a la situación.,Negativo,0.8487,Otro,0.8736,No detectado,0.0286,0.0132,0.0132
FACULTAD DE INGENIERIA Y ARQUITECTURA,FHCA,CI02,INGENIERÍA CIVIL INDUSTRIAL (PLAN 2015),14700,INTRODUCCION A LA FISICA,92,"es muy duro para esta materia en particular, quiza debido a lo mucho que estabamos atrasados, pero enseña muy bien, efectivo pero muy duro.",Negativo,0.7644,Otro,0.8852,No detectado,0.0290,0.0079,0.0137
FACULTAD DE INGENIERIA Y ARQUITECTURA,FHCA,CI02,INGENIERÍA CIVIL INDUSTRIAL (PLAN 2015),58000,INTRODUCCION A LAS MATEMATICAS,60,es super pesao y no sabe explicar.,Negativo,0.9761,Ira,0.9085,No detectado,0.0116,0.0124,0.0084
FACULTAD DE INGENIERIA Y ARQUITECTURA,FHCA,CI02,INGENIERÍA CIVIL INDUSTRIAL (PLAN 2015),14700,INTRODUCCION A LA FISICA,92,"es un buen profesor, puede que a muchos no les guste su genio pero enseña muy bien se entiende su falta a clases por su salud.",Positivo,0.9376,Otro,0.9851,No detectado,0.0114,0.0075,0.0071
FACULTAD DE INGENIERIA Y ARQUITECTURA,FHCA,CI02,INGENIERÍA CIVIL INDUSTRIAL (PLAN 2015),14700,INTRODUCCION A LA FISICA,92,es un profesor que sabe mucho sobre los contenidos estipulados pero muchas veces su forma de explicar no era la mejor y hubieron ocasiones en donde contestaba preguntas de los alumnos de mala forma ya que el decía que nosotros debíamos saber tales cosas para entrar a la universidad.,Negativo,0.9067,Otro,0.9569,No detectado,0.0192,0.0049,0.0091
FACULTAD DE INGENIERIA Y ARQUITECTURA,FHCA,CI02,INGENIERÍA CIVIL INDUSTRIAL (PLAN 2015),14700,INTRODUCCION A LA FISICA,92,es un profesor super pesado que no sabe explicar cuando tienes dudas.,Negativo,0.9834,Otro,0.7940,No detectado,0.0158,0.0109,0.0121
FACULTAD DE INGENIERIA Y ARQUITECTURA,FHCA,CI02,INGENIERÍA CIVIL INDUSTRIAL (PLAN 2015),58000,INTRODUCCION A LAS MATEMATICAS,60,"esta clase fue la peor de todas, era estresarse cada dia jueves y solo ibas por obligacion por el laboratorio ya que este ramo no se puede faltar, pero aqui sufriamos malos tratos por parte del profesor lo cual no nos inspiraba en la clase.",Negativo,0.9635,Ira,0.7311,No detectado,0.2489,0.0268,0.0910
FACULTAD DE INGENIERIA Y ARQUITECTURA,FHCA,GE02,GEOLOGÍA PLAN 2017,14704,MECANICA,31,"este profesor explica muy bien y sabe mucho, es muy recomendable ya que me ayudo mucho en los estudios.",Positivo,0.9815,Alegría,0.8988,No detectado,0.0098,0.0080,0.0073
FACULTAD DE INGENIERIA Y ARQUITECTURA,FHCA,IM02,INGENIERÍA CIVIL EN MINAS PLAN 2017,58000,INTRODUCCION A LAS MATEMATICAS,61,este profesor hacia pasar momentos incomodos a varios alumnos porque te sacaba a resolver algún ejercicio y si no sabías seguía insistiendo que lo hagas sin ayudarte o algo relacionado.,Negativo,0.9229,Otro,0.9697,No detectado,0.0226,0.0073,0.0146
FACULTAD DE INGENIERIA Y ARQUITECTURA,FHCA,CI02,INGENIERÍA CIVIL INDUSTRIAL (PLAN 2015),58000,INTRODUCCION A LAS MATEMATICAS,60,explica como las weas.,Negativo,0.8900,Ira,0.4812,No detectado,0.0937,0.0299,0.0574
FACULTAD DE INGENIERIA Y ARQUITECTURA,FHCA,IC05,INGENIERÍA CIVIL EN COMPUTACIÓN E INFORMÁTICA PLAN 2017,14704,MECANICA,30,explicaciones en español que hacen entender la materia mucho más fácil.,Positivo,0.9222,Otro,0.9892,No detectado,0.0212,0.0053,0.0093
FACULTAD DE INGENIERIA Y ARQUITECTURA,FHCA,IM02,INGENIERÍA CIVIL EN MINAS PLAN 2017,58000,INTRODUCCION A LAS MATEMATICAS,60,faltó reiteradas veces seguidas las últimas semanas de clases sin avisar a los estudiantes.,Negativo,0.8583,Ira,0.4990,No detectado,0.0477,0.0034,0.0173
FACULTAD DE INGENIERIA Y ARQUITECTURA,FHCA,CI02,INGENIERÍA CIVIL INDUSTRIAL (PLAN 2015),58000,INTRODUCCION A LAS MATEMATICAS,61,"he tenido la oportunidad de estar en las clases del profesor fernando y no hay duda de que su dominio del contenido y su eficacia metodológica son realmente destacables. sus clases están bien estructuradas. sin embargo, he notado que en ocasiones, el profesor fernando recurre a un tono elevado y a comportamientos que pueden resultar humillantes. a veces grita o hace comentarios despectivos que afectan negativamente la dinámica del aula.",Negativo,0.7793,Otro,0.7666,No detectado,0.0157,0.0045,0.0100
FACULTAD DE INGENIERIA Y ARQUITECTURA,FHCA,CI02,INGENIERÍA CIVIL INDUSTRIAL (PLAN 2015),58000,INTRODUCCION A LAS MATEMATICAS,60,"he tenido la oportunidad de estar en las clases del profesor fernando y no hay duda de que su dominio del contenido y su eficacia metodológica son realmente destacables. sus clases están bien estructuradas. sin embargo, he notado que en ocasiones, el profesor fernando recurre a un tono elevado y a comportamientos que pueden resultar humillantes. a veces grita o hace comentarios despectivos que afectan negativamente la dinámica del aula.",Negativo,0.7793,Otro,0.7666,No detectado,0.0157,0.0045,0.0100
FACULTAD DE INGENIERIA Y ARQUITECTURA,FHCA,CI02,INGENIERÍA CIVIL INDUSTRIAL (PLAN 2015),58000,INTRODUCCION A LAS MATEMATICAS,60,irresponsabilidad al momento de colocar las notas.,Negativo,0.7462,Ira,0.8214,No detectado,0.0283,0.0072,0.0117
FACULTAD DE INGENIERIA Y ARQUITECTURA,FHCA,CI02,INGENIERÍA CIVIL INDUSTRIAL (PLAN 2015),58000,INTRODUCCION A LAS MATEMATICAS,60,"la actitud y comentarios del profesor a diversas personas dentro de la sala a sido despectiva y con una total falta de respeto, afectando el ambiente, motivación y desempeño general, aparte del hecho de repetidas inasistencias sin aviso, lo cual afecta el contenido visto, la continuidad del mismo.",Negativo,0.9796,Ira,0.9486,No detectado,0.0143,0.0054,0.0098
FACULTAD DE INGENIERIA Y ARQUITECTURA,FHCA,CI02,INGENIERÍA CIVIL INDUSTRIAL (PLAN 2015),58000,INTRODUCCION A LAS MATEMATICAS,61,la puntualidad no le juega a favor.,Negativo,0.8093,Otro,0.9749,No detectado,0.0346,0.0082,0.0117
FACULTAD DE INGENIERIA Y ARQUITECTURA,FHCA,CI02,INGENIERÍA CIVIL INDUSTRIAL (PLAN 2015),14700,INTRODUCCION A LA FISICA,92,la unica queja que tengo es que no solucionaba dudas y eso generaba un estrés.,Negativo,0.9667,Otro,0.7480,No detectado,0.0229,0.0075,0.0133
FACULTAD DE INGENIERIA Y ARQUITECTURA,FHCA,CI02,INGENIERÍA CIVIL INDUSTRIAL (PLAN 2015),58000,INTRODUCCION A LAS MATEMATICAS,60,lo único que le juega en contra es la puntualidad.,Negativo,0.9609,Otro,0.8635,No detectado,0.0682,0.0143,0.0185
FACULTAD DE INGENIERIA Y ARQUITECTURA,FHCA,IC05,INGENIERÍA CIVIL EN COMPUTACIÓN E INFORMÁTICA PLAN 2017,14704,MECANICA,30,"mal docente, no sabe explicar, inentendible su materia y falta regularmente a clases. pésimo profesor.",Negativo,0.9824,Ira,0.9210,No detectado,0.0291,0.0166,0.0240
FACULTAD DE INGENIERIA Y ARQUITECTURA,FHCA,GE02,GEOLOGÍA PLAN 2017,14704,MECANICA,30,"mi experiencia con el profesor hugo cifuentes es positiva. aunque tiene una personalidad fuerte que puede chocar o molestar a algún alumno, siempre trata con respeto y entiende muy bien la relación entre alumno y profesor. es evidente que tiene experiencia en lo que hace, explicando las veces que sea necesario para asegurar el entendimiento de los estudiantes. si bien hay un aspecto negativo, y es que en diversas situaciones no respetó los horarios establecidos, por lo demás es un excelente profesorsional.",Positivo,0.5373,Otro,0.9768,No detectado,0.0113,0.0058,0.0084
FACULTAD DE INGENIERIA Y ARQUITECTURA,FHCA,CI02,INGENIERÍA CIVIL INDUSTRIAL (PLAN 2015),58000,INTRODUCCION A LAS MATEMATICAS,61,muchas faltas.,Negativo,0.7823,Otro,0.5285,No detectado,0.0850,0.0083,0.0320
FACULTAD DE INGENIERIA Y ARQUITECTURA,FHCA,CI02,INGENIERÍA CIVIL INDUSTRIAL (PLAN 2015),14700,INTRODUCCION A LA FISICA,92,muy alzado.,Negativo,0.5182,Otro,0.7148,No detectado,0.0791,0.0318,0.0370
FACULTAD DE INGENIERIA Y ARQUITECTURA,FHCA,CI02,INGENIERÍA CIVIL INDUSTRIAL (PLAN 2015),58000,INTRODUCCION A LAS MATEMATICAS,60,muy alzado.,Negativo,0.5182,Otro,0.7148,No detectado,0.0791,0.0318,0.0370
FACULTAD DE INGENIERIA Y ARQUITECTURA,FHCA,CI02,INGENIERÍA CIVIL INDUSTRIAL (PLAN 2015),58000,INTRODUCCION A LAS MATEMATICAS,60,"muy bien profesor, como tal nada que decir súper bien pero me molesto personalmente el tema de avisar con anterioridad las cosas, me vine a enterar mucho tiempo después de notas que hice a principio de años, asistir a clases dónde no llego nunca y me hizo gastar pasaje innecesariamente más de un dí­a, no utilizaba el medio de aula virtual para avisar con tiempo sino que a último momento pero como profesor un 10 le gusta enseñar y me gusta su metodo.",Negativo,0.5746,Ira,0.6758,No detectado,0.0223,0.0089,0.0150
FACULTAD DE INGENIERIA Y ARQUITECTURA,FHCA,IC05,INGENIERÍA CIVIL EN COMPUTACIÓN E INFORMÁTICA PLAN 2017,14704,MECANICA,30,muy buen profesor la verdad.,Positivo,0.9737,Alegría,0.4923,No detectado,0.0097,0.0083,0.0073
FACULTAD DE INGENIERIA Y ARQUITECTURA,FHCA,IC05,INGENIERÍA CIVIL EN COMPUTACIÓN E INFORMÁTICA PLAN 2017,58000,INTRODUCCION A LAS MATEMATICAS,61,nada que decir.,Neutral,0.5090,Otro,0.8319,No detectado,0.0262,0.0117,0.0171
FACULTAD DE INGENIERIA Y ARQUITECTURA,FHCA,OB07,INGENIERÍA CIVIL EN OBRAS CIVILES PLAN 2017,14704,MECANICA,30,nada que decir buen profesor.,Neutral,0.5523,Otro,0.9940,No detectado,0.0176,0.0158,0.0123
FACULTAD DE INGENIERIA Y ARQUITECTURA,FHCA,IM02,INGENIERÍA CIVIL EN MINAS PLAN 2017,14704,MECANICA,31,no entrega notas a tiempo.,Negativo,0.7310,Otro,0.9928,No detectado,0.0286,0.0145,0.0142
FACULTAD DE INGENIERIA Y ARQUITECTURA,FHCA,CO05,INGENIERÍA EN CONSTRUCCIÓN PLAN 2017,14704,MECANICA,30,no explica muy bien el profesor y todo tiene que ser a su manera.,Negativo,0.9573,Otro,0.9864,No detectado,0.0228,0.0092,0.0127
FACULTAD DE INGENIERIA Y ARQUITECTURA,FHCA,CI02,INGENIERÍA CIVIL INDUSTRIAL (PLAN 2015),58000,INTRODUCCION A LAS MATEMATICAS,60,"no iba nunca a clases, sus clases no ayudaban a prepararse para la prueba.",Negativo,0.8677,Otro,0.9909,No detectado,0.0592,0.0077,0.0238
FACULTAD DE INGENIERIA Y ARQUITECTURA,FHCA,CI02,INGENIERÍA CIVIL INDUSTRIAL (PLAN 2015),14700,INTRODUCCION A LA FISICA,92,no sabe explicar y siempre está de mal humor.,Negativo,0.9605,Otro,0.6036,No detectado,0.0169,0.0109,0.0123
FACULTAD DE INGENIERIA Y ARQUITECTURA,FHCA,IM02,INGENIERÍA CIVIL EN MINAS PLAN 2017,58000,INTRODUCCION A LAS MATEMATICAS,61,no se no me tocó con el.,Neutral,0.5731,Otro,0.9745,No detectado,0.0411,0.0166,0.0172
FACULTAD DE INGENIERIA Y ARQUITECTURA,FHCA,CI02,INGENIERÍA CIVIL INDUSTRIAL (PLAN 2015),3248,"ONDAS, OPTICA Y CALOR",20,"no tuve clase con este profesor, ya que me cambie de sección.",Negativo,0.9165,Otro,0.9954,No detectado,0.0505,0.0318,0.0404
FACULTAD DE INGENIERIA Y ARQUITECTURA,FHCA,IM02,INGENIERÍA CIVIL EN MINAS PLAN 2017,14704,MECANICA,30,nunca entrega las notas y cuando las subio fue un dia antes de la prueba recuperativa dejandolos sin conocimiento de nuestras notas y sin poder saber que prueba recuperar hasta el ultimo dia.,Negativo,0.8742,Otro,0.8739,No detectado,0.1019,0.0104,0.0370
FACULTAD DE INGENIERIA Y ARQUITECTURA,FHCA,OB07,INGENIERÍA CIVIL EN OBRAS CIVILES PLAN 2017,14704,MECANICA,30,"pésimo profesor, sus clases no tení­an coherencia, hacia ejercicios y ejercicio, confusos.
no aprendí nada en su clase, me tuve que entrar a otra sala de mecánica para poder entender la materia y pasar el ramo.",Negativo,0.9755,Ira,0.8966,No detectado,0.0318,0.0078,0.0219
FACULTAD DE INGENIERIA Y ARQUITECTURA,FHCA,IM02,INGENIERÍA CIVIL EN MINAS PLAN 2017,58000,INTRODUCCION A LAS MATEMATICAS,60,"peor profesor que he tenido en la vida, iba cuando querí­a, nunca avisaba, impuntual, comentarios pasivo agresivos, explicaciones filosóficas y no matemáticas, materia no relacionada a las evaluaciones, no responde nunca los correos, para que te respondiera habí­a que casi rogarle, no contestaba dudas si andaba enojado, para que estudio si no le enseñar.",Negativo,0.9756,Ira,0.9652,No detectado,0.0392,0.0075,0.0269
FACULTAD DE INGENIERIA Y ARQUITECTURA,FHCA,CI02,INGENIERÍA CIVIL INDUSTRIAL (PLAN 2015),14700,INTRODUCCION A LA FISICA,92,"pesé a que es un buen profesor respecto a la asignatura, con nuestro grupo se traspapelo con las fechas de entrega de guías generando en más de una ocasión estres al grupo.",Positivo,0.5067,Otro,0.9831,No detectado,0.0135,0.0066,0.0066
FACULTAD DE INGENIERIA Y ARQUITECTURA,FHCA,IM02,INGENIERÍA CIVIL EN MINAS PLAN 2017,58000,INTRODUCCION A LAS MATEMATICAS,60,"pesimo, faltaba muy seguido a sus clases y nisiquiera daba aviso, muchas veces llego tarde e hizo trabajos con nota que terminaron perjudicando a mas de alguien que si habí­a asistido, ojala no vuelva a tocarme con este profesor , totalmente irresponsable con sus estudiantes.",Negativo,0.9821,Ira,0.9005,No detectado,0.0449,0.0086,0.0264
FACULTAD DE INGENIERIA Y ARQUITECTURA,FHCA,CI02,INGENIERÍA CIVIL INDUSTRIAL (PLAN 2015),58000,INTRODUCCION A LAS MATEMATICAS,60,"profesor llega tarde varias clases, al momento de tener prueba no s esabe que contenido entrara. se cancelan clases.",Negativo,0.6559,Otro,0.9924,No detectado,0.0362,0.0065,0.0166
FACULTAD DE INGENIERIA Y ARQUITECTURA,FHCA,IM02,INGENIERÍA CIVIL EN MINAS PLAN 2017,58000,INTRODUCCION A LAS MATEMATICAS,60,"profesor nunca asiste a clases muestra poca motivación a la hora de enseñar algo a los estudiantes cuando llega tarde no avisa ni por correo electrónico muestra muy poco compromiso con los estudiantes además de un maltrato con los estudiantes, maleducado inadecuado, ofensivo y humillante muchas veces a la hora de enseñar y casi que humilla a los estudiantes a la hora de enseñar, llega tarde siempre a clases y no motiva a querer aprender mas.",Negativo,0.9823,Ira,0.9283,No detectado,0.0189,0.0056,0.0141
FACULTAD DE INGENIERIA Y ARQUITECTURA,FHCA,CI02,INGENIERÍA CIVIL INDUSTRIAL (PLAN 2015),58000,INTRODUCCION A LAS MATEMATICAS,60,profesor tiene mucho conocimiento pero poca empatia.,Negativo,0.8972,Ira,0.7619,No detectado,0.0335,0.0119,0.0142
FACULTAD DE INGENIERIA Y ARQUITECTURA,FHCA,CI02,INGENIERÍA CIVIL INDUSTRIAL (PLAN 2015),58000,INTRODUCCION A LAS MATEMATICAS,60,que los ejercicios este pensados para resolver una prueba.,Neutral,0.8295,Otro,0.9948,No detectado,0.0693,0.0083,0.0183
FACULTAD DE INGENIERIA Y ARQUITECTURA,FHCA,IC05,INGENIERÍA CIVIL EN COMPUTACIÓN E INFORMÁTICA PLAN 2017,14704,MECANICA,30,quizás una leve falta de empatía.,Negativo,0.7795,Otro,0.3870,No detectado,0.0254,0.0103,0.0147
FACULTAD DE INGENIERIA Y ARQUITECTURA,FHCA,CI02,INGENIERÍA CIVIL INDUSTRIAL (PLAN 2015),14704,MECANICA,31,se conversa durante el semestre con la coordinadora de ciencias básica acerca del problema que se tuvo con la sección en general.,Negativo,0.4988,Otro,0.9965,No detectado,0.0120,0.0092,0.0073
FACULTAD DE INGENIERIA Y ARQUITECTURA,FHCA,IM02,INGENIERÍA CIVIL EN MINAS PLAN 2017,14704,MECANICA,30,se demora en dar las notas.,Negativo,0.9294,Otro,0.8896,No detectado,0.0997,0.0385,0.0373
FACULTAD DE INGENIERIA Y ARQUITECTURA,FHCA,CI02,INGENIERÍA CIVIL INDUSTRIAL (PLAN 2015),58000,INTRODUCCION A LAS MATEMATICAS,60,"se nota que el profesor sabe de la materia, pero su problema es su actitud, siempre está a la defensiva y de mal humor, también falta la mayorí­a de las clases del dí­a jueves y no pasa toda la materia del semestre.",Negativo,0.9777,Otro,0.6443,No detectado,0.0245,0.0106,0.0150
FACULTAD DE INGENIERIA Y ARQUITECTURA,FHCA,IM02,INGENIERÍA CIVIL EN MINAS PLAN 2017,58000,INTRODUCCION A LAS MATEMATICAS,61,"si no sabía algo de la materia no se da el tiempo de explicar y lleva a un grupo para que en el grupo explicaran siendo que él es el profesor.
solo colocaba ejercicios en la pizarra y pedí­a que los desarrollaramos.",Negativo,0.7197,Otro,0.9936,No detectado,0.0474,0.0091,0.0205
FACULTAD DE INGENIERIA Y ARQUITECTURA,FHCA,CI02,INGENIERÍA CIVIL INDUSTRIAL (PLAN 2015),58000,INTRODUCCION A LAS MATEMATICAS,60,"siempre entendi la materia, pero en las evaluaciones o controles no se veia el mismo desempeño de las clases, en las clases se veian cosas mucho menos avanzadas que en las evaluaciones. varias clases el profesor no asistió y no aviso sobre su falta o retraso.
en algunas ocasiones el profesor se encontraba de mal humor.",Negativo,0.8439,Otro,0.9577,No detectado,0.0460,0.0048,0.0206
FACULTAD DE INGENIERIA Y ARQUITECTURA,FHCA,CI02,INGENIERÍA CIVIL INDUSTRIAL (PLAN 2015),58000,INTRODUCCION A LAS MATEMATICAS,60,"siento que es un profesor efectivo, pero no para todo el mundo, se le considera mala onda a veces, pero sólo quiere lo mejor para los estudiantes.",Negativo,0.7320,Otro,0.9227,No detectado,0.0231,0.0074,0.0097
FACULTAD DE INGENIERIA Y ARQUITECTURA,FHCA,IM02,INGENIERÍA CIVIL EN MINAS PLAN 2017,58000,INTRODUCCION A LAS MATEMATICAS,61,sin comentarios.,Neutral,0.4468,Otro,0.6370,No detectado,0.0500,0.0090,0.0231
FACULTAD DE INGENIERIA Y ARQUITECTURA,FHCA,GE02,GEOLOGÍA PLAN 2017,14704,MECANICA,31,sin comentarios.,Neutral,0.4468,Otro,0.6370,No detectado,0.0500,0.0090,0.0231
FACULTAD DE INGENIERIA Y ARQUITECTURA,FHCA,GE02,GEOLOGÍA PLAN 2017,14704,MECANICA,30,sin comentarios.,Neutral,0.4468,Otro,0.6370,No detectado,0.0500,0.0090,0.0231
FACULTAD DE INGENIERIA Y ARQUITECTURA,FHCA,IC05,INGENIERÍA CIVIL EN COMPUTACIÓN E INFORMÁTICA PLAN 2017,14704,MECANICA,31,sin comentarios que añadir.,Negativo,0.4413,Sorpresa,0.4566,No detectado,0.0156,0.0084,0.0104
FACULTAD DE INGENIERIA Y ARQUITECTURA,FHCA,IC05,INGENIERÍA CIVIL EN COMPUTACIÓN E INFORMÁTICA PLAN 2017,14704,MECANICA,30,sin comentarios que añadir.,Negativo,0.4413,Sorpresa,0.4566,No detectado,0.0156,0.0084,0.0104
FACULTAD DE INGENIERIA Y ARQUITECTURA,FHCA,CI02,INGENIERÍA CIVIL INDUSTRIAL (PLAN 2015),14704,MECANICA,31,"solo tome calculo 1 y 2 con danitza por que es la jefa de ciencias basicas y pasa la materia que entra en la prueba por lo demas es una profesora bastante humillante que se cree que esta por encima de los demas, jamas tomarí­a calculo con ella otra vez.",Negativo,0.9089,Ira,0.8527,Agresivo,0.9170,0.8496,0.7984
FACULTAD DE INGENIERIA Y ARQUITECTURA,FHCA,CI02,INGENIERÍA CIVIL INDUSTRIAL (PLAN 2015),58000,INTRODUCCION A LAS MATEMATICAS,61,su actitud no es buena.,Negativo,0.9403,Ira,0.4463,Odio,0.5166,0.2988,0.2828
FACULTAD DE INGENIERIA Y ARQUITECTURA,FHCA,CI02,INGENIERÍA CIVIL INDUSTRIAL (PLAN 2015),58000,INTRODUCCION A LAS MATEMATICAS,60,"su enseñanza es muy buena, pero en varias ocasiones se equivoca al resolver ejercicios que son medios complejos, generando confusión en los estudiantes.",Negativo,0.8720,Otro,0.9771,No detectado,0.0206,0.0047,0.0097
FACULTAD DE INGENIERIA Y ARQUITECTURA,FHCA,IC05,INGENIERÍA CIVIL EN COMPUTACIÓN E INFORMÁTICA PLAN 2017,14704,MECANICA,30,"su forma de enseñanza no es muy buena, se enreda el mismo con los ejercicos, habla muchas cosas que no son de la asignatura y a la hora de explicar cuensta entender.",Negativo,0.9527,Otro,0.9614,No detectado,0.0198,0.0076,0.0127
FACULTAD DE INGENIERIA Y ARQUITECTURA,FHCA,CI02,INGENIERÍA CIVIL INDUSTRIAL (PLAN 2015),14700,INTRODUCCION A LA FISICA,92,su metodo de aprendizaje es muy estricto siempre se equivoca al enseí?ar y despues lo corrije muchas clases falta y nos trata como si ya tuvieramos el titulos siendo que estamos estudiando para eso.,Negativo,0.7710,Otro,0.9185,No detectado,0.0524,0.0103,0.0266
FACULTAD DE INGENIERIA Y ARQUITECTURA,FHCA,CI02,INGENIERÍA CIVIL INDUSTRIAL (PLAN 2015),14700,INTRODUCCION A LA FISICA,92,"su metodo de enseñanza da mucho que desear, ya que al no entender un tema en especifico, repite de mala manera o simplemente no lo hace , tambien en referencia a lo anterior argumenta su no enseñanza diciendo ""ustedes son ingenieros, haganlo"" cuando ni siquiera ha dado materia.",Negativo,0.9729,Ira,0.8519,No detectado,0.0314,0.0061,0.0144
FACULTAD DE INGENIERIA Y ARQUITECTURA,FHCA,CI02,INGENIERÍA CIVIL INDUSTRIAL (PLAN 2015),14700,INTRODUCCION A LA FISICA,92,"un profesor que denota conocimiento de la materia, sin embargo su trato hacia los estudiantes es nefasto. 
grita y hace malos tratos a los estudiantes, no demuestra vocación para explicar y resolver dudas de los alumnos, además de que en varias ocasiones llegó a gritar a sus alumnos por no ""entender"" lo que él explicaba.
no recomiendo en absoluto a este profesor, además de que no respeta plazos para entrega de notas, falta a clases y/o llega atrasado, no ayuda a los alumnos pero si exige que apliquen conocimientos, los cuales él no es capaz de compartir.",Negativo,0.9850,Ira,0.9329,No detectado,0.0342,0.0050,0.0212
FACULTAD DE INGENIERIA Y ARQUITECTURA,FHCA,CI02,INGENIERÍA CIVIL INDUSTRIAL (PLAN 2015),58000,INTRODUCCION A LAS MATEMATICAS,60,"un profesor que regularmente falta a las clases sin comunicar motivo alguno y/o llega atrasado a la hora de la clase. no demuestra buena voluntad para ayudar a los alumnos, ya que al querer consultarle algo, la gran mayorí­a de veces responde con comentarios sarcásticos y/o humillantes a los alumnos, en repetidas ocasiones gritaba dentro de la sala de clases cuando un alumno no entendía lo que él trataba de explicar. el profesor jamás trabajó de acuerdo al syllabus, nunca comunicó con claridad fechas de evaluaciones, ni el temario de estas.",Negativo,0.9506,Ira,0.6531,No detectado,0.0263,0.0039,0.0143
FACULTAD DE INGENIERIA Y ARQUITECTURA,FHCA,CI02,INGENIERÍA CIVIL INDUSTRIAL (PLAN 2015),58000,INTRODUCCION A LAS MATEMATICAS,61,ya envié comentarios.,Neutral,0.6965,Otro,0.9828,No detectado,0.0486,0.0079,0.0187
FACULTAD DE INGENIERIA Y ARQUITECTURA,FIZI,AR03,ARQUITECTURA PLAN 2015,11111,PRETITULO,20,bueno.,Neutral,0.4849,Otro,0.8337,No detectado,0.0527,0.0147,0.0360
FACULTAD DE INGENIERIA Y ARQUITECTURA,LSTM,CI03,INGENIERÍA CIVIL INDUSTRIAL (LA SERENA),14704,MECANICA,210,7/10.,Positivo,0.5227,Alegría,0.8208,No detectado,0.0476,0.0330,0.0317
FACULTAD DE INGENIERIA Y ARQUITECTURA,LSTM,CI03,INGENIERÍA CIVIL INDUSTRIAL (LA SERENA),14704,MECANICA,210,a veces era complicado seguirle la linea de lo que explicaba sin embargo su idea si se lograba comprender.,Neutral,0.5652,Otro,0.9903,No detectado,0.0239,0.0100,0.0125
FACULTAD DE INGENIERIA Y ARQUITECTURA,LSTM,CI03,INGENIERÍA CIVIL INDUSTRIAL (LA SERENA),14704,MECANICA,210,a veces se explaya mucho en una explicación y se llega a confundir (uno como estudiante).,Negativo,0.8924,Otro,0.9387,No detectado,0.0263,0.0066,0.0108
FACULTAD DE INGENIERIA Y ARQUITECTURA,LSTM,CI03,INGENIERÍA CIVIL INDUSTRIAL (LA SERENA),58000,INTRODUCCION A LAS MATEMATICAS,221,al igual que en introducción a matemáticas fue un excelente profesor.,Positivo,0.9619,Otro,0.9533,No detectado,0.0096,0.0097,0.0070
FACULTAD DE INGENIERIA Y ARQUITECTURA,LSTM,CI03,INGENIERÍA CIVIL INDUSTRIAL (LA SERENA),14704,MECANICA,211,algunos labs eran complicados pero nada nuevo.,Neutral,0.6820,Otro,0.9843,No detectado,0.0403,0.0046,0.0198
FACULTAD DE INGENIERIA Y ARQUITECTURA,LSTM,IC06,INGENIERÍA CIVIL EN COMPUTACIÓN E INFORMÁTICA (LA SERENA),14703,ELECTRICIDAD Y MAGNETISMO,221,bien.,Positivo,0.7325,Alegría,0.8209,No detectado,0.0506,0.0188,0.0390
FACULTAD DE INGENIERIA Y ARQUITECTURA,LSTM,CI03,INGENIERÍA CIVIL INDUSTRIAL (LA SERENA),58000,INTRODUCCION A LAS MATEMATICAS,221,biuen profesor.,Positivo,0.8565,Alegría,0.7936,No detectado,0.0137,0.0089,0.0102
FACULTAD DE INGENIERIA Y ARQUITECTURA,LSTM,CI03,INGENIERÍA CIVIL INDUSTRIAL (LA SERENA),14704,MECANICA,210,buen desempeño a la hora de actividades.,Positivo,0.8941,Otro,0.8855,No detectado,0.0136,0.0061,0.0092
FACULTAD DE INGENIERIA Y ARQUITECTURA,LSTM,CI03,INGENIERÍA CIVIL INDUSTRIAL (LA SERENA),14704,MECANICA,210,buen docente.,Positivo,0.8689,Alegría,0.8098,No detectado,0.0230,0.0187,0.0216
FACULTAD DE INGENIERIA Y ARQUITECTURA,LSTM,CI03,INGENIERÍA CIVIL INDUSTRIAL (LA SERENA),14704,MECANICA,211,buen docente.,Positivo,0.8689,Alegría,0.8098,No detectado,0.0230,0.0187,0.0216
FACULTAD DE INGENIERIA Y ARQUITECTURA,LSTM,CI03,INGENIERÍA CIVIL INDUSTRIAL (LA SERENA),14704,MECANICA,210,buen docente.,Positivo,0.8689,Alegría,0.8098,No detectado,0.0230,0.0187,0.0216
FACULTAD DE INGENIERIA Y ARQUITECTURA,LSTM,IMS1,INGENIERIA CIVIL EN MINAS LA SERENA,3252,MECANICA DE FLUIDOS,211,buen docente.,Positivo,0.8689,Alegría,0.8098,No detectado,0.0230,0.0187,0.0216
FACULTAD DE INGENIERIA Y ARQUITECTURA,LSTM,IMS1,INGENIERIA CIVIL EN MINAS LA SERENA,3252,MECANICA DE FLUIDOS,210,buen docente.,Positivo,0.8689,Alegría,0.8098,No detectado,0.0230,0.0187,0.0216
FACULTAD DE INGENIERIA Y ARQUITECTURA,LSTM,CI03,INGENIERÍA CIVIL INDUSTRIAL (LA SERENA),14704,MECANICA,211,buen docente. conoce su ramo y enseña bien. se preocupa de que todos aprendan.,Positivo,0.9333,Otro,0.4988,No detectado,0.0160,0.0103,0.0093
FACULTAD DE INGENIERIA Y ARQUITECTURA,LSTM,CI03,INGENIERÍA CIVIL INDUSTRIAL (LA SERENA),14704,MECANICA,210,buen docente. conoce su ramo y enseña bien. se preocupa de que todos entendamos y nos da facilidades cuando algo nos complica.,Positivo,0.9006,Otro,0.9227,No detectado,0.0195,0.0072,0.0092
FACULTAD DE INGENIERIA Y ARQUITECTURA,LSTM,IC06,INGENIERÍA CIVIL EN COMPUTACIÓN E INFORMÁTICA (LA SERENA),14703,ELECTRICIDAD Y MAGNETISMO,221,buen profesor.,Positivo,0.8798,Alegría,0.6186,No detectado,0.0201,0.0141,0.0145
FACULTAD DE INGENIERIA Y ARQUITECTURA,LSTM,IMS1,INGENIERIA CIVIL EN MINAS LA SERENA,14700,INTRODUCCION A LA FISICA,210,buen profesor.,Positivo,0.8798,Alegría,0.6186,No detectado,0.0201,0.0141,0.0145
FACULTAD DE INGENIERIA Y ARQUITECTURA,LSTM,CI03,INGENIERÍA CIVIL INDUSTRIAL (LA SERENA),58000,INTRODUCCION A LAS MATEMATICAS,220,buen profesor.,Positivo,0.8798,Alegría,0.6186,No detectado,0.0201,0.0141,0.0145
FACULTAD DE INGENIERIA Y ARQUITECTURA,LSTM,CI03,INGENIERÍA CIVIL INDUSTRIAL (LA SERENA),58000,INTRODUCCION A LAS MATEMATICAS,221,buen profesor.,Positivo,0.8798,Alegría,0.6186,No detectado,0.0201,0.0141,0.0145
FACULTAD DE INGENIERIA Y ARQUITECTURA,LSTM,IMS1,INGENIERIA CIVIL EN MINAS LA SERENA,58000,INTRODUCCION A LAS MATEMATICAS,221,buen profesor.,Positivo,0.8798,Alegría,0.6186,No detectado,0.0201,0.0141,0.0145
FACULTAD DE INGENIERIA Y ARQUITECTURA,LSTM,IC06,INGENIERÍA CIVIL EN COMPUTACIÓN E INFORMÁTICA (LA SERENA),58000,INTRODUCCION A LAS MATEMATICAS,221,buen profesor.,Positivo,0.8798,Alegría,0.6186,No detectado,0.0201,0.0141,0.0145
FACULTAD DE INGENIERIA Y ARQUITECTURA,LSTM,IC06,INGENIERÍA CIVIL EN COMPUTACIÓN E INFORMÁTICA (LA SERENA),58000,INTRODUCCION A LAS MATEMATICAS,221,buen profesor.,Positivo,0.8798,Alegría,0.6186,No detectado,0.0201,0.0141,0.0145
FACULTAD DE INGENIERIA Y ARQUITECTURA,LSTM,IC06,INGENIERÍA CIVIL EN COMPUTACIÓN E INFORMÁTICA (LA SERENA),58000,INTRODUCCION A LAS MATEMATICAS,220,buen profesor.,Positivo,0.8798,Alegría,0.6186,No detectado,0.0201,0.0141,0.0145
FACULTAD DE INGENIERIA Y ARQUITECTURA,LSTM,CI03,INGENIERÍA CIVIL INDUSTRIAL (LA SERENA),14704,MECANICA,210,buen profesor.,Positivo,0.8798,Alegría,0.6186,No detectado,0.0201,0.0141,0.0145
FACULTAD DE INGENIERIA Y ARQUITECTURA,LSTM,CI03,INGENIERÍA CIVIL INDUSTRIAL (LA SERENA),14704,MECANICA,211,buen profesor.,Positivo,0.8798,Alegría,0.6186,No detectado,0.0201,0.0141,0.0145
FACULTAD DE INGENIERIA Y ARQUITECTURA,LSTM,CI03,INGENIERÍA CIVIL INDUSTRIAL (LA SERENA),14704,MECANICA,211,buen profesor explica bien.,Positivo,0.9342,Otro,0.8378,No detectado,0.0166,0.0110,0.0113
FACULTAD DE INGENIERIA Y ARQUITECTURA,LSTM,IMS1,INGENIERIA CIVIL EN MINAS LA SERENA,3252,MECANICA DE FLUIDOS,211,"buen profesor, buena metodologia.",Positivo,0.9620,Alegría,0.7090,No detectado,0.0202,0.0107,0.0121
FACULTAD DE INGENIERIA Y ARQUITECTURA,LSTM,CI03,INGENIERÍA CIVIL INDUSTRIAL (LA SERENA),14703,ELECTRICIDAD Y MAGNETISMO,221,buen profesor.,Positivo,0.8798,Alegría,0.6186,No detectado,0.0201,0.0141,0.0145
FACULTAD DE INGENIERIA Y ARQUITECTURA,LSTM,IC06,INGENIERÍA CIVIL EN COMPUTACIÓN E INFORMÁTICA (LA SERENA),14703,ELECTRICIDAD Y MAGNETISMO,221,buen profesor.,Positivo,0.8798,Alegría,0.6186,No detectado,0.0201,0.0141,0.0145
FACULTAD DE INGENIERIA Y ARQUITECTURA,LSTM,CI03,INGENIERÍA CIVIL INDUSTRIAL (LA SERENA),14700,INTRODUCCION A LA FISICA,210,buen profesor.,Positivo,0.8798,Alegría,0.6186,No detectado,0.0201,0.0141,0.0145
FACULTAD DE INGENIERIA Y ARQUITECTURA,LSTM,CI03,INGENIERÍA CIVIL INDUSTRIAL (LA SERENA),14700,INTRODUCCION A LA FISICA,210,buen profesor.,Positivo,0.8798,Alegría,0.6186,No detectado,0.0201,0.0141,0.0145
FACULTAD DE INGENIERIA Y ARQUITECTURA,LSTM,CI03,INGENIERÍA CIVIL INDUSTRIAL (LA SERENA),14700,INTRODUCCION A LA FISICA,210,buen profesor.,Positivo,0.8798,Alegría,0.6186,No detectado,0.0201,0.0141,0.0145
FACULTAD DE INGENIERIA Y ARQUITECTURA,LSTM,IMS1,INGENIERIA CIVIL EN MINAS LA SERENA,58000,INTRODUCCION A LAS MATEMATICAS,220,buen profesor.,Positivo,0.8798,Alegría,0.6186,No detectado,0.0201,0.0141,0.0145
FACULTAD DE INGENIERIA Y ARQUITECTURA,LSTM,IMS1,INGENIERIA CIVIL EN MINAS LA SERENA,58000,INTRODUCCION A LAS MATEMATICAS,220,buen profesor.,Positivo,0.8798,Alegría,0.6186,No detectado,0.0201,0.0141,0.0145
FACULTAD DE INGENIERIA Y ARQUITECTURA,LSTM,CI03,INGENIERÍA CIVIL INDUSTRIAL (LA SERENA),14704,MECANICA,211,buen profesor.,Positivo,0.8798,Alegría,0.6186,No detectado,0.0201,0.0141,0.0145
FACULTAD DE INGENIERIA Y ARQUITECTURA,LSTM,CI03,INGENIERÍA CIVIL INDUSTRIAL (LA SERENA),14704,MECANICA,210,buen profesor.,Positivo,0.8798,Alegría,0.6186,No detectado,0.0201,0.0141,0.0145
FACULTAD DE INGENIERIA Y ARQUITECTURA,LSTM,CI03,INGENIERÍA CIVIL INDUSTRIAL (LA SERENA),14704,MECANICA,211,buen profesor.,Positivo,0.8798,Alegría,0.6186,No detectado,0.0201,0.0141,0.0145
FACULTAD DE INGENIERIA Y ARQUITECTURA,LSTM,CI03,INGENIERÍA CIVIL INDUSTRIAL (LA SERENA),14704,MECANICA,210,buen profesor.,Positivo,0.8798,Alegría,0.6186,No detectado,0.0201,0.0141,0.0145
FACULTAD DE INGENIERIA Y ARQUITECTURA,LSTM,CI03,INGENIERÍA CIVIL INDUSTRIAL (LA SERENA),14704,MECANICA,211,buen profesor.,Positivo,0.8798,Alegría,0.6186,No detectado,0.0201,0.0141,0.0145
FACULTAD DE INGENIERIA Y ARQUITECTURA,LSTM,CI03,INGENIERÍA CIVIL INDUSTRIAL (LA SERENA),14704,MECANICA,210,buen profesor.,Positivo,0.8798,Alegría,0.6186,No detectado,0.0201,0.0141,0.0145
FACULTAD DE INGENIERIA Y ARQUITECTURA,LSTM,CI03,INGENIERÍA CIVIL INDUSTRIAL (LA SERENA),14704,MECANICA,211,buen profesor.,Positivo,0.8798,Alegría,0.6186,No detectado,0.0201,0.0141,0.0145
FACULTAD DE INGENIERIA Y ARQUITECTURA,LSTM,CI03,INGENIERÍA CIVIL INDUSTRIAL (LA SERENA),14704,MECANICA,210,buen profesor.,Positivo,0.8798,Alegría,0.6186,No detectado,0.0201,0.0141,0.0145
FACULTAD DE INGENIERIA Y ARQUITECTURA,LSTM,IMS1,INGENIERIA CIVIL EN MINAS LA SERENA,14704,MECANICA,211,buen profesor.,Positivo,0.8798,Alegría,0.6186,No detectado,0.0201,0.0141,0.0145
FACULTAD DE INGENIERIA Y ARQUITECTURA,LSTM,IMS1,INGENIERIA CIVIL EN MINAS LA SERENA,14704,MECANICA,210,buen profesor.,Positivo,0.8798,Alegría,0.6186,No detectado,0.0201,0.0141,0.0145
FACULTAD DE INGENIERIA Y ARQUITECTURA,LSTM,IC06,INGENIERÍA CIVIL EN COMPUTACIÓN E INFORMÁTICA (LA SERENA),14704,MECANICA,211,buen profesor.,Positivo,0.8798,Alegría,0.6186,No detectado,0.0201,0.0141,0.0145
FACULTAD DE INGENIERIA Y ARQUITECTURA,LSTM,IC06,INGENIERÍA CIVIL EN COMPUTACIÓN E INFORMÁTICA (LA SERENA),14704,MECANICA,210,buen profesor.,Positivo,0.8798,Alegría,0.6186,No detectado,0.0201,0.0141,0.0145
FACULTAD DE INGENIERIA Y ARQUITECTURA,LSTM,CI03,INGENIERÍA CIVIL INDUSTRIAL (LA SERENA),3252,MECANICA DE FLUIDOS,210,buen profesor.,Positivo,0.8798,Alegría,0.6186,No detectado,0.0201,0.0141,0.0145
FACULTAD DE INGENIERIA Y ARQUITECTURA,LSTM,CI03,INGENIERÍA CIVIL INDUSTRIAL (LA SERENA),3252,MECANICA DE FLUIDOS,211,buen profesor.,Positivo,0.8798,Alegría,0.6186,No detectado,0.0201,0.0141,0.0145
FACULTAD DE INGENIERIA Y ARQUITECTURA,LSTM,CI03,INGENIERÍA CIVIL INDUSTRIAL (LA SERENA),3252,MECANICA DE FLUIDOS,210,buen profesor.,Positivo,0.8798,Alegría,0.6186,No detectado,0.0201,0.0141,0.0145
FACULTAD DE INGENIERIA Y ARQUITECTURA,LSTM,IMS1,INGENIERIA CIVIL EN MINAS LA SERENA,3252,MECANICA DE FLUIDOS,210,buen profesor.,Positivo,0.8798,Alegría,0.6186,No detectado,0.0201,0.0141,0.0145
FACULTAD DE INGENIERIA Y ARQUITECTURA,LSTM,IMS1,INGENIERIA CIVIL EN MINAS LA SERENA,3252,MECANICA DE FLUIDOS,211,buen profesor.,Positivo,0.8798,Alegría,0.6186,No detectado,0.0201,0.0141,0.0145
FACULTAD DE INGENIERIA Y ARQUITECTURA,LSTM,IMS1,INGENIERIA CIVIL EN MINAS LA SERENA,3252,MECANICA DE FLUIDOS,210,buen profesor.,Positivo,0.8798,Alegría,0.6186,No detectado,0.0201,0.0141,0.0145
FACULTAD DE INGENIERIA Y ARQUITECTURA,LSTM,IMS1,INGENIERIA CIVIL EN MINAS LA SERENA,3252,MECANICA DE FLUIDOS,211,buen profesor.,Positivo,0.8798,Alegría,0.6186,No detectado,0.0201,0.0141,0.0145
FACULTAD DE INGENIERIA Y ARQUITECTURA,LSTM,CI03,INGENIERÍA CIVIL INDUSTRIAL (LA SERENA),14704,MECANICA,211,"buen profesor , explica bien.",Positivo,0.9519,Otro,0.8803,No detectado,0.0180,0.0127,0.0110
FACULTAD DE INGENIERIA Y ARQUITECTURA,LSTM,CI03,INGENIERÍA CIVIL INDUSTRIAL (LA SERENA),14703,ELECTRICIDAD Y MAGNETISMO,221,buen profesor para esta asignatura.,Positivo,0.5629,Otro,0.9798,No detectado,0.0193,0.0092,0.0092
FACULTAD DE INGENIERIA Y ARQUITECTURA,LSTM,IC06,INGENIERÍA CIVIL EN COMPUTACIÓN E INFORMÁTICA (LA SERENA),58000,INTRODUCCION A LAS MATEMATICAS,220,buen profesor pero se va por las ramas a la hora de explicar.,Negativo,0.9270,Otro,0.9781,No detectado,0.0118,0.0103,0.0084
FACULTAD DE INGENIERIA Y ARQUITECTURA,LSTM,CI03,INGENIERÍA CIVIL INDUSTRIAL (LA SERENA),14700,INTRODUCCION A LA FISICA,210,buen profesor y buena enseñanza en cada materia.,Positivo,0.9579,Alegría,0.9470,No detectado,0.0143,0.0090,0.0096
FACULTAD DE INGENIERIA Y ARQUITECTURA,LSTM,CI03,INGENIERÍA CIVIL INDUSTRIAL (LA SERENA),14700,INTRODUCCION A LA FISICA,210,buen profesor y buena metodología.,Positivo,0.9690,Alegría,0.6464,No detectado,0.0130,0.0098,0.0096
FACULTAD DE INGENIERIA Y ARQUITECTURA,LSTM,CI03,INGENIERÍA CIVIL INDUSTRIAL (LA SERENA),14704,MECANICA,210,buen profesor y sus evaluaciones son decentes y se pueden resolver con lo visto en clases.,Positivo,0.9443,Otro,0.9840,No detectado,0.0438,0.0049,0.0167
FACULTAD DE INGENIERIA Y ARQUITECTURA,LSTM,IC06,INGENIERÍA CIVIL EN COMPUTACIÓN E INFORMÁTICA (LA SERENA),14704,MECANICA,210,"buen profesor, clase entretenida.",Positivo,0.9675,Alegría,0.8647,No detectado,0.0173,0.0113,0.0129
FACULTAD DE INGENIERIA Y ARQUITECTURA,LSTM,IC06,INGENIERÍA CIVIL EN COMPUTACIÓN E INFORMÁTICA (LA SERENA),14700,INTRODUCCION A LA FISICA,210,"buen profesor, con mucha vocación.",Positivo,0.9528,Otro,0.7296,No detectado,0.0205,0.0121,0.0103
FACULTAD DE INGENIERIA Y ARQUITECTURA,LSTM,IMS1,INGENIERIA CIVIL EN MINAS LA SERENA,14700,INTRODUCCION A LA FISICA,210,"buen profesor, explica a detalle los procedimientos de los ejercicios y los conceptos, casi imposible perderse en su clase, y si pasa, no tiene problema en explicar nuevamente.",Positivo,0.9267,Otro,0.6904,No detectado,0.0145,0.0055,0.0092
FACULTAD DE INGENIERIA Y ARQUITECTURA,LSTM,CI03,INGENIERÍA CIVIL INDUSTRIAL (LA SERENA),14704,MECANICA,211,"buen profesor, explica bien los contenidos y sube varios materiales de apoyo para el estudio.",Positivo,0.9612,Otro,0.8733,No detectado,0.0116,0.0076,0.0080
FACULTAD DE INGENIERIA Y ARQUITECTURA,LSTM,CI03,INGENIERÍA CIVIL INDUSTRIAL (LA SERENA),14704,MECANICA,210,"buen profesor, explica bien y resuelve dudas.",Positivo,0.9522,Otro,0.7048,No detectado,0.0169,0.0082,0.0112
FACULTAD DE INGENIERIA Y ARQUITECTURA,LSTM,IMS1,INGENIERIA CIVIL EN MINAS LA SERENA,58000,INTRODUCCION A LAS MATEMATICAS,220,"buen profesor, explica detenidamente cada proceso o dudas que tuvieramos hasta ver que lo logramos entender.",Positivo,0.7545,Otro,0.9956,No detectado,0.0119,0.0051,0.0068
FACULTAD DE INGENIERIA Y ARQUITECTURA,LSTM,IC06,INGENIERÍA CIVIL EN COMPUTACIÓN E INFORMÁTICA (LA SERENA),14703,ELECTRICIDAD Y MAGNETISMO,221,"buen profesor, hací­a bastante dinámico las clases y el laboratorio se hizo muy ameno.",Positivo,0.9778,Otro,0.7255,No detectado,0.0174,0.0093,0.0108
FACULTAD DE INGENIERIA Y ARQUITECTURA,LSTM,IC06,INGENIERÍA CIVIL EN COMPUTACIÓN E INFORMÁTICA (LA SERENA),14704,MECANICA,211,"buen profesor, me hubiese gustado una retroalimentación después de cada laboratorio.",Positivo,0.7657,Otro,0.9918,No detectado,0.0208,0.0093,0.0104
FACULTAD DE INGENIERIA Y ARQUITECTURA,LSTM,IC06,INGENIERÍA CIVIL EN COMPUTACIÓN E INFORMÁTICA (LA SERENA),58000,INTRODUCCION A LAS MATEMATICAS,221,"buen profesor, pero se va por las ramas a la hora de explicar.",Negativo,0.9149,Otro,0.9815,No detectado,0.0128,0.0106,0.0087
FACULTAD DE INGENIERIA Y ARQUITECTURA,LSTM,IC06,INGENIERÍA CIVIL EN COMPUTACIÓN E INFORMÁTICA (LA SERENA),14703,ELECTRICIDAD Y MAGNETISMO,221,buen profesor.,Positivo,0.8798,Alegría,0.6186,No detectado,0.0201,0.0141,0.0145
FACULTAD DE INGENIERIA Y ARQUITECTURA,LSTM,CI03,INGENIERÍA CIVIL INDUSTRIAL (LA SERENA),3252,MECANICA DE FLUIDOS,211,buen profesor.,Positivo,0.8798,Alegría,0.6186,No detectado,0.0201,0.0141,0.0145
FACULTAD DE INGENIERIA Y ARQUITECTURA,LSTM,CI03,INGENIERÍA CIVIL INDUSTRIAL (LA SERENA),14704,MECANICA,210,buen profesor.,Positivo,0.8798,Alegría,0.6186,No detectado,0.0201,0.0141,0.0145
FACULTAD DE INGENIERIA Y ARQUITECTURA,LSTM,IMS1,INGENIERIA CIVIL EN MINAS LA SERENA,3252,MECANICA DE FLUIDOS,211,buena clase.,Positivo,0.6993,Alegría,0.9698,No detectado,0.0294,0.0152,0.0227
FACULTAD DE INGENIERIA Y ARQUITECTURA,LSTM,CI03,INGENIERÍA CIVIL INDUSTRIAL (LA SERENA),14704,MECANICA,210,buena enseñanza en las clases.,Positivo,0.8687,Otro,0.7930,No detectado,0.0287,0.0094,0.0161
FACULTAD DE INGENIERIA Y ARQUITECTURA,LSTM,CI03,INGENIERÍA CIVIL INDUSTRIAL (LA SERENA),58000,INTRODUCCION A LAS MATEMATICAS,221,buena manera de enseñar la materia.,Positivo,0.9297,Otro,0.8269,No detectado,0.0297,0.0134,0.0132
FACULTAD DE INGENIERIA Y ARQUITECTURA,LSTM,IC06,INGENIERÍA CIVIL EN COMPUTACIÓN E INFORMÁTICA (LA SERENA),58000,INTRODUCCION A LAS MATEMATICAS,221,"buena metodología, respetuoso, puntual.",Positivo,0.9152,Alegría,0.7233,No detectado,0.0165,0.0106,0.0097
FACULTAD DE INGENIERIA Y ARQUITECTURA,LSTM,IC06,INGENIERÍA CIVIL EN COMPUTACIÓN E INFORMÁTICA (LA SERENA),14703,ELECTRICIDAD Y MAGNETISMO,221,bueno.,Neutral,0.4849,Otro,0.8337,No detectado,0.0527,0.0147,0.0360
FACULTAD DE INGENIERIA Y ARQUITECTURA,LSTM,CI03,INGENIERÍA CIVIL INDUSTRIAL (LA SERENA),58000,INTRODUCCION A LAS MATEMATICAS,221,bueno.,Neutral,0.4849,Otro,0.8337,No detectado,0.0527,0.0147,0.0360
FACULTAD DE INGENIERIA Y ARQUITECTURA,LSTM,IMS1,INGENIERIA CIVIL EN MINAS LA SERENA,58000,INTRODUCCION A LAS MATEMATICAS,221,bueno.,Neutral,0.4849,Otro,0.8337,No detectado,0.0527,0.0147,0.0360
FACULTAD DE INGENIERIA Y ARQUITECTURA,LSTM,CI03,INGENIERÍA CIVIL INDUSTRIAL (LA SERENA),14704,MECANICA,210,bueno.,Neutral,0.4849,Otro,0.8337,No detectado,0.0527,0.0147,0.0360
FACULTAD DE INGENIERIA Y ARQUITECTURA,LSTM,CI03,INGENIERÍA CIVIL INDUSTRIAL (LA SERENA),14704,MECANICA,210,bueno.,Neutral,0.4849,Otro,0.8337,No detectado,0.0527,0.0147,0.0360
FACULTAD DE INGENIERIA Y ARQUITECTURA,LSTM,CI03,INGENIERÍA CIVIL INDUSTRIAL (LA SERENA),3252,MECANICA DE FLUIDOS,211,bueno.,Neutral,0.4849,Otro,0.8337,No detectado,0.0527,0.0147,0.0360
FACULTAD DE INGENIERIA Y ARQUITECTURA,LSTM,CI03,INGENIERÍA CIVIL INDUSTRIAL (LA SERENA),3252,MECANICA DE FLUIDOS,210,bueno.,Neutral,0.4849,Otro,0.8337,No detectado,0.0527,0.0147,0.0360
FACULTAD DE INGENIERIA Y ARQUITECTURA,LSTM,IC06,INGENIERÍA CIVIL EN COMPUTACIÓN E INFORMÁTICA (LA SERENA),14700,INTRODUCCION A LA FISICA,210,"clases ""activas"" y buen manejo de material para enseñar.",Positivo,0.8904,Otro,0.9680,No detectado,0.0273,0.0051,0.0108
FACULTAD DE INGENIERIA Y ARQUITECTURA,LSTM,IC06,INGENIERÍA CIVIL EN COMPUTACIÓN E INFORMÁTICA (LA SERENA),14704,MECANICA,211,clases faciles de entender y el profesor hace la clase atractiva.,Positivo,0.4392,Otro,0.9867,No detectado,0.0492,0.0083,0.0166
FACULTAD DE INGENIERIA Y ARQUITECTURA,LSTM,IC06,INGENIERÍA CIVIL EN COMPUTACIÓN E INFORMÁTICA (LA SERENA),14704,MECANICA,210,clases faciles de entender y el profesor hace la clase atractiva.,Positivo,0.4392,Otro,0.9867,No detectado,0.0492,0.0083,0.0166
FACULTAD DE INGENIERIA Y ARQUITECTURA,LSTM,IMS1,INGENIERIA CIVIL EN MINAS LA SERENA,14700,INTRODUCCION A LA FISICA,210,comprometido con nosotros y eso lo demuestra a través de sus clases.,Positivo,0.8841,Alegría,0.9344,No detectado,0.0174,0.0132,0.0097
FACULTAD DE INGENIERIA Y ARQUITECTURA,LSTM,CI03,INGENIERÍA CIVIL INDUSTRIAL (LA SERENA),14700,INTRODUCCION A LA FISICA,210,considero que es un profesor que enseña bien y de una forma didáctica.,Positivo,0.9628,Otro,0.9805,No detectado,0.0110,0.0080,0.0066
FACULTAD DE INGENIERIA Y ARQUITECTURA,LSTM,IC06,INGENIERÍA CIVIL EN COMPUTACIÓN E INFORMÁTICA (LA SERENA),14703,ELECTRICIDAD Y MAGNETISMO,221,de los mejores profesores que he tenido.,Positivo,0.9605,Alegría,0.9894,No detectado,0.0121,0.0076,0.0094
FACULTAD DE INGENIERIA Y ARQUITECTURA,LSTM,IMS1,INGENIERIA CIVIL EN MINAS LA SERENA,14700,INTRODUCCION A LA FISICA,210,"de los mejores profesores que he tenido, muy acertado en las formas que usa de enseñar, siempre con la mejor disposicion para resolver dudas y siguiendo al pie de la letra la planificacion en el syllabus. destaco el material que usa en clases donde todo lo facilita dentro del aulavirtual siendo de gran ayuda para estudiar.",Positivo,0.9684,Alegría,0.9096,No detectado,0.0174,0.0059,0.0101
FACULTAD DE INGENIERIA Y ARQUITECTURA,LSTM,IMS1,INGENIERIA CIVIL EN MINAS LA SERENA,14700,INTRODUCCION A LA FISICA,210,demuestra el conocimiento que tiene en cada clase.,Positivo,0.7222,Otro,0.9592,No detectado,0.0207,0.0116,0.0084
FACULTAD DE INGENIERIA Y ARQUITECTURA,LSTM,CI03,INGENIERÍA CIVIL INDUSTRIAL (LA SERENA),14700,INTRODUCCION A LA FISICA,210,"desempeña un excelente trabajo como profesor, y no tiene problema para repetir algo que un alumno no haya entendido.",Positivo,0.8389,Otro,0.9955,No detectado,0.0106,0.0072,0.0071
FACULTAD DE INGENIERIA Y ARQUITECTURA,LSTM,CI03,INGENIERÍA CIVIL INDUSTRIAL (LA SERENA),14700,INTRODUCCION A LA FISICA,210,el mejor profesor.,Positivo,0.9242,Alegría,0.9465,No detectado,0.0118,0.0128,0.0100
FACULTAD DE INGENIERIA Y ARQUITECTURA,LSTM,IMS1,INGENIERIA CIVIL EN MINAS LA SERENA,14700,INTRODUCCION A LA FISICA,210,el profesor ayuda y explica los temas a tratar de manera fácil de entender y contesta todo tipo de dudas.,Positivo,0.7683,Otro,0.9956,No detectado,0.0137,0.0050,0.0072
FACULTAD DE INGENIERIA Y ARQUITECTURA,LSTM,CI03,INGENIERÍA CIVIL INDUSTRIAL (LA SERENA),14700,INTRODUCCION A LA FISICA,210,"el profesor cumplio con todas las espectativas que requeria a la hora de cursar la asignatura, fue comprensivo e inclusivo durante el semestre.",Positivo,0.9285,Otro,0.6104,No detectado,0.0172,0.0086,0.0079
FACULTAD DE INGENIERIA Y ARQUITECTURA,LSTM,CI03,INGENIERÍA CIVIL INDUSTRIAL (LA SERENA),3252,MECANICA DE FLUIDOS,211,"el profesor demuestra interés a la hora de enseñar o en el momento en que surja algún tipo de duda respecto al laboratorio, sin embargo en el momento de entregar el resultado y/o feedback de los laboratorios revisados no se demuestra en el perí­odo que se deberían de entregar.",Neutral,0.6769,Otro,0.9923,No detectado,0.0136,0.0052,0.0077
FACULTAD DE INGENIERIA Y ARQUITECTURA,LSTM,CI03,INGENIERÍA CIVIL INDUSTRIAL (LA SERENA),58000,INTRODUCCION A LAS MATEMATICAS,221,el profesor explica bien y tiene varios métodos.,Positivo,0.9336,Otro,0.9955,No detectado,0.0202,0.0089,0.0098
FACULTAD DE INGENIERIA Y ARQUITECTURA,LSTM,CI03,INGENIERÍA CIVIL INDUSTRIAL (LA SERENA),58000,INTRODUCCION A LAS MATEMATICAS,220,"el profesor explica super bien y si no entiendes te vuelve a explicar, tiene varios métodos para explicar a un estudiante.",Positivo,0.8136,Otro,0.9891,No detectado,0.0161,0.0085,0.0090
FACULTAD DE INGENIERIA Y ARQUITECTURA,LSTM,IC06,INGENIERÍA CIVIL EN COMPUTACIÓN E INFORMÁTICA (LA SERENA),58000,INTRODUCCION A LAS MATEMATICAS,220,el profesor goza de un carisma que lo hace destacar a la hora de enseñar.,Positivo,0.9542,Otro,0.9060,No detectado,0.0114,0.0077,0.0063
FACULTAD DE INGENIERIA Y ARQUITECTURA,LSTM,IMS1,INGENIERIA CIVIL EN MINAS LA SERENA,3252,MECANICA DE FLUIDOS,210,"el profesor luis se da el tiempo de volver a explicar bien, hace hartos ejercicios para que aprendamos bien, me gusta como enseña y aprende­ harto con él. buen profesor.",Positivo,0.9783,Alegría,0.9859,No detectado,0.0114,0.0068,0.0075
FACULTAD DE INGENIERIA Y ARQUITECTURA,LSTM,IC06,INGENIERÍA CIVIL EN COMPUTACIÓN E INFORMÁTICA (LA SERENA),58000,INTRODUCCION A LAS MATEMATICAS,221,"el profesor luis sergio torres, es un gran profesor, me ayuda a entender mejor las matemáticas, a parte es simpático.",Positivo,0.9779,Alegría,0.8970,No detectado,0.0096,0.0074,0.0076
FACULTAD DE INGENIERIA Y ARQUITECTURA,LSTM,IC06,INGENIERÍA CIVIL EN COMPUTACIÓN E INFORMÁTICA (LA SERENA),58000,INTRODUCCION A LAS MATEMATICAS,220,"el profesor luis sergio torres, es un gran profesor, me ayuda a entender mejor las matemáticas, a parte es simpático.",Positivo,0.9779,Alegría,0.8970,No detectado,0.0096,0.0074,0.0076
FACULTAD DE INGENIERIA Y ARQUITECTURA,LSTM,CI03,INGENIERÍA CIVIL INDUSTRIAL (LA SERENA),58000,INTRODUCCION A LAS MATEMATICAS,220,el profesor respondí­a todas las dudas que cada uno tenia y muy buena disposición.,Positivo,0.8929,Otro,0.9903,No detectado,0.0160,0.0065,0.0086
FACULTAD DE INGENIERIA Y ARQUITECTURA,LSTM,CI03,INGENIERÍA CIVIL INDUSTRIAL (LA SERENA),58000,INTRODUCCION A LAS MATEMATICAS,220,"el profesor tiene una forma de enseñar muy buena, lo cual facilita la compresión de la materia.",Positivo,0.9535,Otro,0.9890,No detectado,0.0137,0.0070,0.0068
FACULTAD DE INGENIERIA Y ARQUITECTURA,LSTM,IMS1,INGENIERIA CIVIL EN MINAS LA SERENA,14700,INTRODUCCION A LA FISICA,210,el verdadero goat.,Positivo,0.7562,Alegría,0.5914,No detectado,0.0240,0.0117,0.0177
FACULTAD DE INGENIERIA Y ARQUITECTURA,LSTM,CI03,INGENIERÍA CIVIL INDUSTRIAL (LA SERENA),14704,MECANICA,211,en las clases de laboratorio puede ser mas pasable ya que simplemente explica la actividad y nos deja salir para poder realizar el informe con calma.,Positivo,0.6677,Otro,0.9968,No detectado,0.0353,0.0069,0.0128
FACULTAD DE INGENIERIA Y ARQUITECTURA,LSTM,CI03,INGENIERÍA CIVIL INDUSTRIAL (LA SERENA),14704,MECANICA,210,en mi opinion falta mas compromiso con el estudiante.,Neutral,0.4986,Otro,0.9623,No detectado,0.0430,0.0090,0.0148
FACULTAD DE INGENIERIA Y ARQUITECTURA,LSTM,IC06,INGENIERÍA CIVIL EN COMPUTACIÓN E INFORMÁTICA (LA SERENA),14703,ELECTRICIDAD Y MAGNETISMO,221,enseña bien.,Positivo,0.6398,Otro,0.5826,No detectado,0.0443,0.0204,0.0361
FACULTAD DE INGENIERIA Y ARQUITECTURA,LSTM,CI03,INGENIERÍA CIVIL INDUSTRIAL (LA SERENA),58000,INTRODUCCION A LAS MATEMATICAS,221,enseña bien.,Positivo,0.6398,Otro,0.5826,No detectado,0.0443,0.0204,0.0361
FACULTAD DE INGENIERIA Y ARQUITECTURA,LSTM,CI03,INGENIERÍA CIVIL INDUSTRIAL (LA SERENA),14700,INTRODUCCION A LA FISICA,210,"enseña bien, explica si lo necesitas y demuestra conocimiento y gusto por enseñar.",Positivo,0.8970,Otro,0.7425,No detectado,0.0127,0.0103,0.0103
FACULTAD DE INGENIERIA Y ARQUITECTURA,LSTM,CI03,INGENIERÍA CIVIL INDUSTRIAL (LA SERENA),14700,INTRODUCCION A LA FISICA,210,es alguien que sabe lo que enseña y lo enseña con gusto el cual te trasmite su amor por la materia.,Positivo,0.9593,Alegría,0.6170,No detectado,0.0133,0.0086,0.0069
FACULTAD DE INGENIERIA Y ARQUITECTURA,LSTM,CI03,INGENIERÍA CIVIL INDUSTRIAL (LA SERENA),14700,INTRODUCCION A LA FISICA,210,"es buen docente , siempre pregunta si tenemos dudas en todo el horario y si hay nos explica.",Positivo,0.8244,Otro,0.9949,No detectado,0.0170,0.0092,0.0093
FACULTAD DE INGENIERIA Y ARQUITECTURA,LSTM,IC06,INGENIERÍA CIVIL EN COMPUTACIÓN E INFORMÁTICA (LA SERENA),58000,INTRODUCCION A LAS MATEMATICAS,221,es buen profesor.,Positivo,0.9505,Otro,0.8144,No detectado,0.0160,0.0114,0.0095
FACULTAD DE INGENIERIA Y ARQUITECTURA,LSTM,IMS1,INGENIERIA CIVIL EN MINAS LA SERENA,58000,INTRODUCCION A LAS MATEMATICAS,221,es buen profesor ayuda mucho.,Positivo,0.9374,Otro,0.6735,No detectado,0.0145,0.0099,0.0102
FACULTAD DE INGENIERIA Y ARQUITECTURA,LSTM,IMS1,INGENIERIA CIVIL EN MINAS LA SERENA,14704,MECANICA,210,es muy buen profesor explica muy bien.,Positivo,0.9744,Otro,0.7708,No detectado,0.0119,0.0094,0.0083
FACULTAD DE INGENIERIA Y ARQUITECTURA,LSTM,IMS1,INGENIERIA CIVIL EN MINAS LA SERENA,14704,MECANICA,211,es muy buen profesor explica muy bien y se le entiendo todo el contenido que enseña.,Positivo,0.9813,Otro,0.8075,No detectado,0.0099,0.0101,0.0073
FACULTAD DE INGENIERIA Y ARQUITECTURA,LSTM,CI03,INGENIERÍA CIVIL INDUSTRIAL (LA SERENA),14704,MECANICA,210,es un buen profesor sin embargo algunas clases pueden llegar a ser aburridas ya que su tono de voz es relajado y en algunas ocasiones puede dar sueño.,Neutral,0.6244,Otro,0.9947,No detectado,0.0162,0.0055,0.0083
FACULTAD DE INGENIERIA Y ARQUITECTURA,LSTM,CI03,INGENIERÍA CIVIL INDUSTRIAL (LA SERENA),14704,MECANICA,210,es un buen profesor sin embargo no respeta los horarios de clases y es un poco engorroso a la hora de explicar debería ser más didáctico para enseñar y aprovechar sus horas de clase al máximo fuera de eso es un buen profesor.,Negativo,0.7813,Otro,0.8176,No detectado,0.0141,0.0077,0.0096
FACULTAD DE INGENIERIA Y ARQUITECTURA,LSTM,IMS1,INGENIERIA CIVIL EN MINAS LA SERENA,58000,INTRODUCCION A LAS MATEMATICAS,220,es un buen profesor trata de ayudarte en todo da muchas oportunidades.,Positivo,0.9651,Otro,0.9447,No detectado,0.0129,0.0090,0.0075
FACULTAD DE INGENIERIA Y ARQUITECTURA,LSTM,IMS1,INGENIERIA CIVIL EN MINAS LA SERENA,3252,MECANICA DE FLUIDOS,211,es un excelente profesor y sabe como tratar a sus estudiantes sin dejar de lado su exigencia estudiantil.,Positivo,0.9520,Otro,0.9769,No detectado,0.0123,0.0076,0.0071
FACULTAD DE INGENIERIA Y ARQUITECTURA,LSTM,IMS1,INGENIERIA CIVIL EN MINAS LA SERENA,3252,MECANICA DE FLUIDOS,210,es un excelente profesor y sabe como tratar a sus estudiantes sin dejar de lado su exigencia estudiantil.,Positivo,0.9520,Otro,0.9769,No detectado,0.0123,0.0076,0.0071
FACULTAD DE INGENIERIA Y ARQUITECTURA,LSTM,IC06,INGENIERÍA CIVIL EN COMPUTACIÓN E INFORMÁTICA (LA SERENA),14703,ELECTRICIDAD Y MAGNETISMO,221,es un excelente profesor ya me toco con el el año pasado y nada malo que decir es responsable sabe explicar 10/10.,Positivo,0.9784,Alegría,0.9509,No detectado,0.0085,0.0093,0.0063
FACULTAD DE INGENIERIA Y ARQUITECTURA,LSTM,IMS1,INGENIERIA CIVIL EN MINAS LA SERENA,58000,INTRODUCCION A LAS MATEMATICAS,220,"es un excelente profesor, de hecho es mi favorito y lo recomendarí­a a cualquiera que le cueste matemáticas o física.",Positivo,0.9645,Otro,0.9679,No detectado,0.0091,0.0074,0.0070
FACULTAD DE INGENIERIA Y ARQUITECTURA,LSTM,IMS1,INGENIERIA CIVIL EN MINAS LA SERENA,58000,INTRODUCCION A LAS MATEMATICAS,221,"es un excelente profesor, el mejor de hecho.",Positivo,0.9773,Otro,0.5273,No detectado,0.0110,0.0092,0.0075
FACULTAD DE INGENIERIA Y ARQUITECTURA,LSTM,IMS1,INGENIERIA CIVIL EN MINAS LA SERENA,58000,INTRODUCCION A LAS MATEMATICAS,221,excelente manera de explicar y encuentra la mejor manera de beneficiar a los estudiantes.,Positivo,0.9521,Otro,0.8079,No detectado,0.0166,0.0072,0.0092
FACULTAD DE INGENIERIA Y ARQUITECTURA,LSTM,IMS1,INGENIERIA CIVIL EN MINAS LA SERENA,58000,INTRODUCCION A LAS MATEMATICAS,220,excelente manera de explicar y siempre da paso a que los estudiantes aprendan.,Positivo,0.9637,Alegría,0.8818,No detectado,0.0140,0.0076,0.0079
FACULTAD DE INGENIERIA Y ARQUITECTURA,LSTM,IC06,INGENIERÍA CIVIL EN COMPUTACIÓN E INFORMÁTICA (LA SERENA),14703,ELECTRICIDAD Y MAGNETISMO,221,excelente profesor.,Positivo,0.9060,Alegría,0.9409,No detectado,0.0124,0.0121,0.0102
FACULTAD DE INGENIERIA Y ARQUITECTURA,LSTM,IC06,INGENIERÍA CIVIL EN COMPUTACIÓN E INFORMÁTICA (LA SERENA),14704,MECANICA,211,"excelente profesor, muy amable.",Positivo,0.9767,Alegría,0.7060,No detectado,0.0135,0.0124,0.0096
FACULTAD DE INGENIERIA Y ARQUITECTURA,LSTM,IC06,INGENIERÍA CIVIL EN COMPUTACIÓN E INFORMÁTICA (LA SERENA),14704,MECANICA,210,"excelente profesor, muy amable.",Positivo,0.9767,Alegría,0.7060,No detectado,0.0135,0.0124,0.0096
FACULTAD DE INGENIERIA Y ARQUITECTURA,LSTM,IMS1,INGENIERIA CIVIL EN MINAS LA SERENA,14700,INTRODUCCION A LA FISICA,210,excelente profesor.,Positivo,0.9060,Alegría,0.9409,No detectado,0.0124,0.0121,0.0102
FACULTAD DE INGENIERIA Y ARQUITECTURA,LSTM,IC06,INGENIERÍA CIVIL EN COMPUTACIÓN E INFORMÁTICA (LA SERENA),14700,INTRODUCCION A LA FISICA,210,excelente profesor.,Positivo,0.9060,Alegría,0.9409,No detectado,0.0124,0.0121,0.0102
FACULTAD DE INGENIERIA Y ARQUITECTURA,LSTM,CI03,INGENIERÍA CIVIL INDUSTRIAL (LA SERENA),58000,INTRODUCCION A LAS MATEMATICAS,220,excelente profesor.,Positivo,0.9060,Alegría,0.9409,No detectado,0.0124,0.0121,0.0102
FACULTAD DE INGENIERIA Y ARQUITECTURA,LSTM,IMS1,INGENIERIA CIVIL EN MINAS LA SERENA,58000,INTRODUCCION A LAS MATEMATICAS,221,excelente profesor.,Positivo,0.9060,Alegría,0.9409,No detectado,0.0124,0.0121,0.0102
FACULTAD DE INGENIERIA Y ARQUITECTURA,LSTM,IMS1,INGENIERIA CIVIL EN MINAS LA SERENA,58000,INTRODUCCION A LAS MATEMATICAS,220,excelente profesor.,Positivo,0.9060,Alegría,0.9409,No detectado,0.0124,0.0121,0.0102
FACULTAD DE INGENIERIA Y ARQUITECTURA,LSTM,IC06,INGENIERÍA CIVIL EN COMPUTACIÓN E INFORMÁTICA (LA SERENA),58000,INTRODUCCION A LAS MATEMATICAS,221,excelente profesor.,Positivo,0.9060,Alegría,0.9409,No detectado,0.0124,0.0121,0.0102
FACULTAD DE INGENIERIA Y ARQUITECTURA,LSTM,CI03,INGENIERÍA CIVIL INDUSTRIAL (LA SERENA),14704,MECANICA,211,excelente profesor.,Positivo,0.9060,Alegría,0.9409,No detectado,0.0124,0.0121,0.0102
FACULTAD DE INGENIERIA Y ARQUITECTURA,LSTM,CI03,INGENIERÍA CIVIL INDUSTRIAL (LA SERENA),14704,MECANICA,210,excelente profesor.,Positivo,0.9060,Alegría,0.9409,No detectado,0.0124,0.0121,0.0102
FACULTAD DE INGENIERIA Y ARQUITECTURA,LSTM,CI03,INGENIERÍA CIVIL INDUSTRIAL (LA SERENA),14704,MECANICA,211,excelente profesor.,Positivo,0.9060,Alegría,0.9409,No detectado,0.0124,0.0121,0.0102
FACULTAD DE INGENIERIA Y ARQUITECTURA,LSTM,CI03,INGENIERÍA CIVIL INDUSTRIAL (LA SERENA),14704,MECANICA,210,excelente profesor.,Positivo,0.9060,Alegría,0.9409,No detectado,0.0124,0.0121,0.0102
FACULTAD DE INGENIERIA Y ARQUITECTURA,LSTM,IMS1,INGENIERIA CIVIL EN MINAS LA SERENA,3252,MECANICA DE FLUIDOS,211,excelente profesor.,Positivo,0.9060,Alegría,0.9409,No detectado,0.0124,0.0121,0.0102
FACULTAD DE INGENIERIA Y ARQUITECTURA,LSTM,IMS1,INGENIERIA CIVIL EN MINAS LA SERENA,3252,MECANICA DE FLUIDOS,211,excelente profesor.,Positivo,0.9060,Alegría,0.9409,No detectado,0.0124,0.0121,0.0102
FACULTAD DE INGENIERIA Y ARQUITECTURA,LSTM,IMS1,INGENIERIA CIVIL EN MINAS LA SERENA,3252,MECANICA DE FLUIDOS,210,excelente profesor.,Positivo,0.9060,Alegría,0.9409,No detectado,0.0124,0.0121,0.0102
FACULTAD DE INGENIERIA Y ARQUITECTURA,LSTM,IMS1,INGENIERIA CIVIL EN MINAS LA SERENA,14700,INTRODUCCION A LA FISICA,210,excelente profesor.,Positivo,0.9060,Alegría,0.9409,No detectado,0.0124,0.0121,0.0102
FACULTAD DE INGENIERIA Y ARQUITECTURA,LSTM,CI03,INGENIERÍA CIVIL INDUSTRIAL (LA SERENA),14704,MECANICA,210,"excelente profesor, él le importa que sus estudiantes entiendan, siempre trata de hacer sus clases lo más didácticas, y siempre resolverá dudas hasta en las pruebas.",Positivo,0.9545,Otro,0.8497,No detectado,0.0167,0.0057,0.0082
FACULTAD DE INGENIERIA Y ARQUITECTURA,LSTM,CI03,INGENIERÍA CIVIL INDUSTRIAL (LA SERENA),14704,MECANICA,211,"excelente profesor, él me interesa que sus estudiantes comprendan y entiendan todo, siempre está dispuesto a resolver dudas.",Positivo,0.9653,Otro,0.5348,No detectado,0.0121,0.0062,0.0075
FACULTAD DE INGENIERIA Y ARQUITECTURA,LSTM,CI03,INGENIERÍA CIVIL INDUSTRIAL (LA SERENA),14704,MECANICA,210,"excelente profesor, enseña bien tiene compresión hacia los estudiantes.",Positivo,0.9768,Alegría,0.6666,No detectado,0.0126,0.0080,0.0078
FACULTAD DE INGENIERIA Y ARQUITECTURA,LSTM,CI03,INGENIERÍA CIVIL INDUSTRIAL (LA SERENA),58000,INTRODUCCION A LAS MATEMATICAS,221,excelente profesor.,Positivo,0.9060,Alegría,0.9409,No detectado,0.0124,0.0121,0.0102
FACULTAD DE INGENIERIA Y ARQUITECTURA,LSTM,CI03,INGENIERÍA CIVIL INDUSTRIAL (LA SERENA),58000,INTRODUCCION A LAS MATEMATICAS,220,explica bien.,Positivo,0.5603,Otro,0.8542,No detectado,0.0433,0.0177,0.0324
FACULTAD DE INGENIERIA Y ARQUITECTURA,LSTM,IC06,INGENIERÍA CIVIL EN COMPUTACIÓN E INFORMÁTICA (LA SERENA),58000,INTRODUCCION A LAS MATEMATICAS,221,"explica conceptos dificiles de manera clara y fácil de entender, lo que 
ayuda macho a entender la materia.",Positivo,0.6703,Otro,0.9947,No detectado,0.0167,0.0057,0.0082
FACULTAD DE INGENIERIA Y ARQUITECTURA,LSTM,IC06,INGENIERÍA CIVIL EN COMPUTACIÓN E INFORMÁTICA (LA SERENA),58000,INTRODUCCION A LAS MATEMATICAS,220,"explica conceptos dificiles de manera clara y fácil de entender, lo que ayuda mucha a entender la materia.",Positivo,0.7567,Otro,0.9900,No detectado,0.0179,0.0056,0.0084
FACULTAD DE INGENIERIA Y ARQUITECTURA,LSTM,CI03,INGENIERÍA CIVIL INDUSTRIAL (LA SERENA),58000,INTRODUCCION A LAS MATEMATICAS,221,explica muy bien.,Positivo,0.9365,Otro,0.8551,No detectado,0.0212,0.0124,0.0138
FACULTAD DE INGENIERIA Y ARQUITECTURA,LSTM,CI03,INGENIERÍA CIVIL INDUSTRIAL (LA SERENA),58000,INTRODUCCION A LAS MATEMATICAS,220,explica muy bien la materia de la asignatura y es fácill de entender.,Positivo,0.9400,Otro,0.9595,No detectado,0.0145,0.0086,0.0093
FACULTAD DE INGENIERIA Y ARQUITECTURA,LSTM,CI03,INGENIERÍA CIVIL INDUSTRIAL (LA SERENA),58000,INTRODUCCION A LAS MATEMATICAS,220,fácil el mejor profesor que he tenido.,Positivo,0.9549,Alegría,0.9030,No detectado,0.0112,0.0110,0.0079
FACULTAD DE INGENIERIA Y ARQUITECTURA,LSTM,CI03,INGENIERÍA CIVIL INDUSTRIAL (LA SERENA),58000,INTRODUCCION A LAS MATEMATICAS,220,"gran interes por enseñar, buen profesor.",Positivo,0.9530,Alegría,0.9648,No detectado,0.0152,0.0128,0.0111
FACULTAD DE INGENIERIA Y ARQUITECTURA,LSTM,IMS1,INGENIERIA CIVIL EN MINAS LA SERENA,14704,MECANICA,210,indierente.,Neutral,0.4524,Otro,0.7557,No detectado,0.1215,0.0326,0.0650
FACULTAD DE INGENIERIA Y ARQUITECTURA,LSTM,IC06,INGENIERÍA CIVIL EN COMPUTACIÓN E INFORMÁTICA (LA SERENA),14700,INTRODUCCION A LA FISICA,210,la manera de enseñar del profesor luis torres es muy clara que se puede entender de manera muy facil ya que durante las clases siempre implementaba ejercicios para beneficiar el aprendizaje de los estudiantes.,Positivo,0.9436,Otro,0.9913,No detectado,0.0156,0.0069,0.0075
FACULTAD DE INGENIERIA Y ARQUITECTURA,LSTM,IC06,INGENIERÍA CIVIL EN COMPUTACIÓN E INFORMÁTICA (LA SERENA),14700,INTRODUCCION A LA FISICA,210,me hubiera gustado tener más horas de clases con el profesor.,Positivo,0.6540,Otro,0.9907,No detectado,0.0211,0.0118,0.0123
FACULTAD DE INGENIERIA Y ARQUITECTURA,LSTM,CI03,INGENIERÍA CIVIL INDUSTRIAL (LA SERENA),3252,MECANICA DE FLUIDOS,210,me hubiese gustado que el profesor subiera antes los ppt de la materia que vimos en clases.,Neutral,0.6456,Otro,0.9900,No detectado,0.0197,0.0099,0.0108
FACULTAD DE INGENIERIA Y ARQUITECTURA,LSTM,IC06,INGENIERÍA CIVIL EN COMPUTACIÓN E INFORMÁTICA (LA SERENA),14700,INTRODUCCION A LA FISICA,210,muchas veces eran muy cortas y pilladoras las decimas igual que daba eran bajas para lo estimado.,Negativo,0.5967,Otro,0.9841,No detectado,0.1226,0.0071,0.0328
FACULTAD DE INGENIERIA Y ARQUITECTURA,LSTM,CI03,INGENIERÍA CIVIL INDUSTRIAL (LA SERENA),58000,INTRODUCCION A LAS MATEMATICAS,220,muy bien profesor.,Positivo,0.9373,Alegría,0.8449,No detectado,0.0135,0.0120,0.0105
FACULTAD DE INGENIERIA Y ARQUITECTURA,LSTM,IC06,INGENIERÍA CIVIL EN COMPUTACIÓN E INFORMÁTICA (LA SERENA),14703,ELECTRICIDAD Y MAGNETISMO,221,muy buen profesor.,Positivo,0.9677,Alegría,0.9051,No detectado,0.0123,0.0104,0.0094
FACULTAD DE INGENIERIA Y ARQUITECTURA,LSTM,IMS1,INGENIERIA CIVIL EN MINAS LA SERENA,58000,INTRODUCCION A LAS MATEMATICAS,221,muy buen profesor.,Positivo,0.9677,Alegría,0.9051,No detectado,0.0123,0.0104,0.0094
FACULTAD DE INGENIERIA Y ARQUITECTURA,LSTM,IMS1,INGENIERIA CIVIL EN MINAS LA SERENA,58000,INTRODUCCION A LAS MATEMATICAS,220,muy buen profesor.,Positivo,0.9677,Alegría,0.9051,No detectado,0.0123,0.0104,0.0094
FACULTAD DE INGENIERIA Y ARQUITECTURA,LSTM,CI03,INGENIERÍA CIVIL INDUSTRIAL (LA SERENA),14704,MECANICA,210,muy buen profesor solo falta un poco más de ejercicios y una reducción en lo teorico.,Positivo,0.8793,Otro,0.9953,No detectado,0.0153,0.0069,0.0087
FACULTAD DE INGENIERIA Y ARQUITECTURA,LSTM,CI03,INGENIERÍA CIVIL INDUSTRIAL (LA SERENA),58000,INTRODUCCION A LAS MATEMATICAS,221,muy buen profesor.,Positivo,0.9677,Alegría,0.9051,No detectado,0.0123,0.0104,0.0094
FACULTAD DE INGENIERIA Y ARQUITECTURA,LSTM,IMS1,INGENIERIA CIVIL EN MINAS LA SERENA,58000,INTRODUCCION A LAS MATEMATICAS,221,muy buen profesor.,Positivo,0.9677,Alegría,0.9051,No detectado,0.0123,0.0104,0.0094
FACULTAD DE INGENIERIA Y ARQUITECTURA,LSTM,IMS1,INGENIERIA CIVIL EN MINAS LA SERENA,58000,INTRODUCCION A LAS MATEMATICAS,220,muy buen profesor.,Positivo,0.9677,Alegría,0.9051,No detectado,0.0123,0.0104,0.0094
FACULTAD DE INGENIERIA Y ARQUITECTURA,LSTM,IMS1,INGENIERIA CIVIL EN MINAS LA SERENA,58000,INTRODUCCION A LAS MATEMATICAS,220,muy buen profesor.,Positivo,0.9677,Alegría,0.9051,No detectado,0.0123,0.0104,0.0094
FACULTAD DE INGENIERIA Y ARQUITECTURA,LSTM,IMS1,INGENIERIA CIVIL EN MINAS LA SERENA,58000,INTRODUCCION A LAS MATEMATICAS,221,muy buen profesor.,Positivo,0.9677,Alegría,0.9051,No detectado,0.0123,0.0104,0.0094
FACULTAD DE INGENIERIA Y ARQUITECTURA,LSTM,IC06,INGENIERÍA CIVIL EN COMPUTACIÓN E INFORMÁTICA (LA SERENA),58000,INTRODUCCION A LAS MATEMATICAS,221,muy buen profesor.,Positivo,0.9677,Alegría,0.9051,No detectado,0.0123,0.0104,0.0094
FACULTAD DE INGENIERIA Y ARQUITECTURA,LSTM,CI03,INGENIERÍA CIVIL INDUSTRIAL (LA SERENA),14704,MECANICA,211,muy buen profesor.,Positivo,0.9677,Alegría,0.9051,No detectado,0.0123,0.0104,0.0094
FACULTAD DE INGENIERIA Y ARQUITECTURA,LSTM,CI03,INGENIERÍA CIVIL INDUSTRIAL (LA SERENA),14704,MECANICA,210,muy buen profesor.,Positivo,0.9677,Alegría,0.9051,No detectado,0.0123,0.0104,0.0094
FACULTAD DE INGENIERIA Y ARQUITECTURA,LSTM,CI03,INGENIERÍA CIVIL INDUSTRIAL (LA SERENA),14704,MECANICA,211,muy buen profesor.,Positivo,0.9677,Alegría,0.9051,No detectado,0.0123,0.0104,0.0094
FACULTAD DE INGENIERIA Y ARQUITECTURA,LSTM,IMS1,INGENIERIA CIVIL EN MINAS LA SERENA,3252,MECANICA DE FLUIDOS,210,muy buen profesor.,Positivo,0.9677,Alegría,0.9051,No detectado,0.0123,0.0104,0.0094
FACULTAD DE INGENIERIA Y ARQUITECTURA,LSTM,CI03,INGENIERÍA CIVIL INDUSTRIAL (LA SERENA),58000,INTRODUCCION A LAS MATEMATICAS,221,muy buen profesor explica bien.,Positivo,0.9725,Otro,0.7492,No detectado,0.0125,0.0095,0.0093
FACULTAD DE INGENIERIA Y ARQUITECTURA,LSTM,CI03,INGENIERÍA CIVIL INDUSTRIAL (LA SERENA),14704,MECANICA,210,muy buen profesor y muy recomendable.,Positivo,0.9685,Alegría,0.6871,No detectado,0.0110,0.0094,0.0104
FACULTAD DE INGENIERIA Y ARQUITECTURA,LSTM,IC06,INGENIERÍA CIVIL EN COMPUTACIÓN E INFORMÁTICA (LA SERENA),58000,INTRODUCCION A LAS MATEMATICAS,220,"muy buen profesor, apasionado, responsable , con muchí­simas ganas de enseñar.",Positivo,0.9726,Alegría,0.9909,No detectado,0.0103,0.0088,0.0077
FACULTAD DE INGENIERIA Y ARQUITECTURA,LSTM,CI03,INGENIERÍA CIVIL INDUSTRIAL (LA SERENA),58000,INTRODUCCION A LAS MATEMATICAS,220,"muy buen profesor, comprensivo, atento y efectivo.",Positivo,0.9599,Otro,0.5550,No detectado,0.0203,0.0130,0.0128
FACULTAD DE INGENIERIA Y ARQUITECTURA,LSTM,IC06,INGENIERÍA CIVIL EN COMPUTACIÓN E INFORMÁTICA (LA SERENA),14700,INTRODUCCION A LA FISICA,210,"muy buen profesor, exelente explicando, ojala lo hubiera aprobechado mejor.",Positivo,0.9661,Alegría,0.8271,No detectado,0.0149,0.0084,0.0101
FACULTAD DE INGENIERIA Y ARQUITECTURA,LSTM,IC06,INGENIERÍA CIVIL EN COMPUTACIÓN E INFORMÁTICA (LA SERENA),58000,INTRODUCCION A LAS MATEMATICAS,220,"muy buen profesor, se preocupa por todos y por subir a la plataforma y decir con antelacion lo que pasará en los dí­as siguientes de la asignatura. además enseña de una forma muy buena e interactiva.",Positivo,0.9642,Alegría,0.5337,No detectado,0.0114,0.0076,0.0070
FACULTAD DE INGENIERIA Y ARQUITECTURA,LSTM,IMS1,INGENIERIA CIVIL EN MINAS LA SERENA,58000,INTRODUCCION A LAS MATEMATICAS,221,muy buen profesor.,Positivo,0.9677,Alegría,0.9051,No detectado,0.0123,0.0104,0.0094
FACULTAD DE INGENIERIA Y ARQUITECTURA,LSTM,CI03,INGENIERÍA CIVIL INDUSTRIAL (LA SERENA),58000,INTRODUCCION A LAS MATEMATICAS,221,muy buena disposición para responder todas las dudas posibles que tenia ada uno.,Positivo,0.8678,Otro,0.9827,No detectado,0.0160,0.0056,0.0082
FACULTAD DE INGENIERIA Y ARQUITECTURA,LSTM,IMS1,INGENIERIA CIVIL EN MINAS LA SERENA,58000,INTRODUCCION A LAS MATEMATICAS,220,muy buena forma de explicar.,Positivo,0.9516,Otro,0.8800,No detectado,0.0247,0.0141,0.0132
FACULTAD DE INGENIERIA Y ARQUITECTURA,LSTM,CI03,INGENIERÍA CIVIL INDUSTRIAL (LA SERENA),58000,INTRODUCCION A LAS MATEMATICAS,220,muy bueno enseñando y sobre todo paciencia.,Positivo,0.9617,Alegría,0.9755,No detectado,0.0110,0.0097,0.0094
FACULTAD DE INGENIERIA Y ARQUITECTURA,LSTM,IMS1,INGENIERIA CIVIL EN MINAS LA SERENA,14700,INTRODUCCION A LA FISICA,210,"muy comprensivo, excelente docente.",Positivo,0.9713,Alegría,0.7977,No detectado,0.0124,0.0118,0.0094
FACULTAD DE INGENIERIA Y ARQUITECTURA,LSTM,IMS1,INGENIERIA CIVIL EN MINAS LA SERENA,58000,INTRODUCCION A LAS MATEMATICAS,221,"muy profesorsional y con disposición de enseñar y que todos entendamos, se da su tiempo para enseñar a cada que le pregunte una duda.",Positivo,0.6387,Otro,0.9947,No detectado,0.0182,0.0073,0.0095
FACULTAD DE INGENIERIA Y ARQUITECTURA,LSTM,IMS1,INGENIERIA CIVIL EN MINAS LA SERENA,58000,INTRODUCCION A LAS MATEMATICAS,220,"muy profesorsional y con disposición de enseñar y que todos entendamos, se da su tiempo para enseñar a cada que le pregunte una duda.",Positivo,0.6387,Otro,0.9947,No detectado,0.0182,0.0073,0.0095
FACULTAD DE INGENIERIA Y ARQUITECTURA,LSTM,CI03,INGENIERÍA CIVIL INDUSTRIAL (LA SERENA),14704,MECANICA,211,muy recomendable.,Positivo,0.9135,Alegría,0.8529,No detectado,0.0219,0.0113,0.0181
FACULTAD DE INGENIERIA Y ARQUITECTURA,LSTM,IC06,INGENIERÍA CIVIL EN COMPUTACIÓN E INFORMÁTICA (LA SERENA),14703,ELECTRICIDAD Y MAGNETISMO,221,"nada más que comentar, sólo que hace un excelente trabajo.",Positivo,0.9694,Otro,0.9259,No detectado,0.0117,0.0085,0.0076
FACULTAD DE INGENIERIA Y ARQUITECTURA,LSTM,IMS1,INGENIERIA CIVIL EN MINAS LA SERENA,3252,MECANICA DE FLUIDOS,210,nada mas que comentar.,Neutral,0.5693,Otro,0.8704,No detectado,0.0267,0.0164,0.0156
FACULTAD DE INGENIERIA Y ARQUITECTURA,LSTM,IMS1,INGENIERIA CIVIL EN MINAS LA SERENA,3252,MECANICA DE FLUIDOS,211,nada mas que decir.,Positivo,0.4455,Otro,0.5848,No detectado,0.0232,0.0121,0.0144
FACULTAD DE INGENIERIA Y ARQUITECTURA,LSTM,IMS1,INGENIERIA CIVIL EN MINAS LA SERENA,58000,INTRODUCCION A LAS MATEMATICAS,221,nada que agert.,Neutral,0.4604,Otro,0.9675,No detectado,0.0303,0.0174,0.0210
FACULTAD DE INGENIERIA Y ARQUITECTURA,LSTM,IC06,INGENIERÍA CIVIL EN COMPUTACIÓN E INFORMÁTICA (LA SERENA),58000,INTRODUCCION A LAS MATEMATICAS,220,"ningun problema, excelente profesor.",Positivo,0.9601,Alegría,0.9164,No detectado,0.0135,0.0091,0.0088
FACULTAD DE INGENIERIA Y ARQUITECTURA,LSTM,CI03,INGENIERÍA CIVIL INDUSTRIAL (LA SERENA),14704,MECANICA,211,ok.,Neutral,0.4487,Otro,0.8962,No detectado,0.0586,0.0223,0.0284
FACULTAD DE INGENIERIA Y ARQUITECTURA,LSTM,IMS1,INGENIERIA CIVIL EN MINAS LA SERENA,3252,MECANICA DE FLUIDOS,210,profesor con buen método de enseñanza.,Positivo,0.8736,Otro,0.9858,No detectado,0.0252,0.0090,0.0120
FACULTAD DE INGENIERIA Y ARQUITECTURA,LSTM,CI03,INGENIERÍA CIVIL INDUSTRIAL (LA SERENA),14704,MECANICA,211,profesor consciente con la carga academica.,Negativo,0.5312,Otro,0.9908,No detectado,0.0555,0.0162,0.0215
FACULTAD DE INGENIERIA Y ARQUITECTURA,LSTM,CI03,INGENIERÍA CIVIL INDUSTRIAL (LA SERENA),14703,ELECTRICIDAD Y MAGNETISMO,221,profesor dedicado.,Positivo,0.6699,Otro,0.8601,No detectado,0.0213,0.0123,0.0116
FACULTAD DE INGENIERIA Y ARQUITECTURA,LSTM,IC06,INGENIERÍA CIVIL EN COMPUTACIÓN E INFORMÁTICA (LA SERENA),14703,ELECTRICIDAD Y MAGNETISMO,221,profesor muy didáctico y fácil de entender.,Positivo,0.9617,Otro,0.8509,No detectado,0.0100,0.0077,0.0080
FACULTAD DE INGENIERIA Y ARQUITECTURA,LSTM,CI03,INGENIERÍA CIVIL INDUSTRIAL (LA SERENA),3252,MECANICA DE FLUIDOS,211,profesor siempre dispuesto a la resolucion de dudas.,Neutral,0.5803,Otro,0.9935,No detectado,0.0197,0.0061,0.0088
FACULTAD DE INGENIERIA Y ARQUITECTURA,LSTM,CI03,INGENIERÍA CIVIL INDUSTRIAL (LA SERENA),3252,MECANICA DE FLUIDOS,210,profesor siempre dispuesto a la resolucion de dudas.,Neutral,0.5803,Otro,0.9935,No detectado,0.0197,0.0061,0.0088
FACULTAD DE INGENIERIA Y ARQUITECTURA,LSTM,IMS1,INGENIERIA CIVIL EN MINAS LA SERENA,14700,INTRODUCCION A LA FISICA,210,profesor simpático para hacer sus clases.,Positivo,0.7065,Otro,0.9235,No detectado,0.0588,0.0172,0.0231
FACULTAD DE INGENIERIA Y ARQUITECTURA,LSTM,IC06,INGENIERÍA CIVIL EN COMPUTACIÓN E INFORMÁTICA (LA SERENA),14704,MECANICA,211,puntual.,Neutral,0.5404,Otro,0.4923,No detectado,0.0806,0.0412,0.0505
FACULTAD DE INGENIERIA Y ARQUITECTURA,LSTM,CI03,INGENIERÍA CIVIL INDUSTRIAL (LA SERENA),3252,MECANICA DE FLUIDOS,211,"quizás no es debido a la gestión del profesor, pero en un comienzo nos hicieron formar grupos de a 5 debido a que el laboratorio se realizarí­a solamente en una sección. sin embargo, terminamos realizando el laboratorio en 2 secciones y aún así con un grupo de a 5 en nuestro caso. el hecho de trabajar con muchas personas crea situaciones en las que no todos aportan lo mismo a la realización de los informes de laboratorio.",Neutral,0.5534,Otro,0.9602,No detectado,0.0351,0.0038,0.0109
FACULTAD DE INGENIERIA Y ARQUITECTURA,LSTM,IC06,INGENIERÍA CIVIL EN COMPUTACIÓN E INFORMÁTICA (LA SERENA),14700,INTRODUCCION A LA FISICA,210,realizaba los ejercicios de las pruebas anteriores para aclarar dudas y explicaba detenidamente a quien lo necesitaba.,Neutral,0.7345,Otro,0.9940,No detectado,0.0151,0.0069,0.0091
FACULTAD DE INGENIERIA Y ARQUITECTURA,LSTM,IC06,INGENIERÍA CIVIL EN COMPUTACIÓN E INFORMÁTICA (LA SERENA),58000,INTRODUCCION A LAS MATEMATICAS,220,"realmente nada que decir, buen profesor.",Positivo,0.7662,Otro,0.9343,No detectado,0.0116,0.0102,0.0087
FACULTAD DE INGENIERIA Y ARQUITECTURA,LSTM,IC06,INGENIERÍA CIVIL EN COMPUTACIÓN E INFORMÁTICA (LA SERENA),58000,INTRODUCCION A LAS MATEMATICAS,220,"respetuoso, puntual, buen método de enseñanza.",Positivo,0.8886,Alegría,0.5305,No detectado,0.0191,0.0101,0.0104
FACULTAD DE INGENIERIA Y ARQUITECTURA,LSTM,IMS1,INGENIERIA CIVIL EN MINAS LA SERENA,58000,INTRODUCCION A LAS MATEMATICAS,221,se comunica de manera clara y efectiva.,Positivo,0.5322,Otro,0.9924,No detectado,0.0448,0.0116,0.0129
FACULTAD DE INGENIERIA Y ARQUITECTURA,LSTM,IMS1,INGENIERIA CIVIL EN MINAS LA SERENA,58000,INTRODUCCION A LAS MATEMATICAS,220,se comunica de manera clara y efectiva.,Positivo,0.5322,Otro,0.9924,No detectado,0.0448,0.0116,0.0129
FACULTAD DE INGENIERIA Y ARQUITECTURA,LSTM,CI03,INGENIERÍA CIVIL INDUSTRIAL (LA SERENA),3252,MECANICA DE FLUIDOS,210,se dieron a conocer la gran mayoría de contenidos esperados para motivos de esta asignaturas por parte del profesor.,Neutral,0.7107,Otro,0.9963,No detectado,0.0105,0.0068,0.0068
FACULTAD DE INGENIERIA Y ARQUITECTURA,LSTM,CI03,INGENIERÍA CIVIL INDUSTRIAL (LA SERENA),3252,MECANICA DE FLUIDOS,211,"se tarda en entregar evaluaciones, pero es un muy buen docente.",Positivo,0.9412,Otro,0.8408,No detectado,0.0160,0.0134,0.0104
FACULTAD DE INGENIERIA Y ARQUITECTURA,LSTM,CI03,INGENIERÍA CIVIL INDUSTRIAL (LA SERENA),3252,MECANICA DE FLUIDOS,210,"se tarda en entregar evaluaciones, pero es un muy buen docente.",Positivo,0.9412,Otro,0.8408,No detectado,0.0160,0.0134,0.0104
FACULTAD DE INGENIERIA Y ARQUITECTURA,LSTM,IC06,INGENIERÍA CIVIL EN COMPUTACIÓN E INFORMÁTICA (LA SERENA),58000,INTRODUCCION A LAS MATEMATICAS,221,siin comentarios.,Neutral,0.6640,Otro,0.9485,No detectado,0.0346,0.0171,0.0307
FACULTAD DE INGENIERIA Y ARQUITECTURA,LSTM,IC06,INGENIERÍA CIVIL EN COMPUTACIÓN E INFORMÁTICA (LA SERENA),58000,INTRODUCCION A LAS MATEMATICAS,220,sin comentarios.,Neutral,0.4468,Otro,0.6370,No detectado,0.0500,0.0090,0.0231
FACULTAD DE INGENIERIA Y ARQUITECTURA,LSTM,CI03,INGENIERÍA CIVIL INDUSTRIAL (LA SERENA),14704,MECANICA,210,sin comentarios.,Neutral,0.4468,Otro,0.6370,No detectado,0.0500,0.0090,0.0231
FACULTAD DE INGENIERIA Y ARQUITECTURA,LSTM,IMS1,INGENIERIA CIVIL EN MINAS LA SERENA,14700,INTRODUCCION A LA FISICA,210,sube material de trabajo para estudiar y explica bien el tema de la clase.,Positivo,0.5233,Otro,0.9951,No detectado,0.0255,0.0164,0.0117
FACULTAD DE INGENIERIA Y ARQUITECTURA,LSTM,CI03,INGENIERÍA CIVIL INDUSTRIAL (LA SERENA),3252,MECANICA DE FLUIDOS,211,todo bien.,Positivo,0.7033,Otro,0.7826,No detectado,0.0408,0.0222,0.0283
FACULTAD DE INGENIERIA Y ARQUITECTURA,LSTM,CI03,INGENIERÍA CIVIL INDUSTRIAL (LA SERENA),3252,MECANICA DE FLUIDOS,210,todo bien.,Positivo,0.7033,Otro,0.7826,No detectado,0.0408,0.0222,0.0283
FACULTAD DE INGENIERIA Y ARQUITECTURA,LSTM,CI03,INGENIERÍA CIVIL INDUSTRIAL (LA SERENA),3252,MECANICA DE FLUIDOS,210,un 6.,Neutral,0.6530,Alegría,0.5128,No detectado,0.0447,0.0184,0.0266
FACULTAD DE INGENIERIA Y ARQUITECTURA,LSTM,CI03,INGENIERÍA CIVIL INDUSTRIAL (LA SERENA),3252,MECANICA DE FLUIDOS,211,un 7.,Neutral,0.6224,Alegría,0.5508,No detectado,0.0629,0.0254,0.0340
FACULTAD DE INGENIERIA Y ARQUITECTURA,LSTM,IC06,INGENIERÍA CIVIL EN COMPUTACIÓN E INFORMÁTICA (LA SERENA),14703,ELECTRICIDAD Y MAGNETISMO,221,"un gran profesorsional, y persona.",Positivo,0.9474,Alegría,0.7649,No detectado,0.0107,0.0121,0.0096
FACULTAD DE INGENIERIA Y ARQUITECTURA,LSTM,CI03,INGENIERÍA CIVIL INDUSTRIAL (LA SERENA),14704,MECANICA,211,un poco desordenado en pizarra pero muy buen profesor.,Positivo,0.8512,Otro,0.9024,No detectado,0.0159,0.0090,0.0102
FACULTAD DE INGENIERIA Y ARQUITECTURA,LSTM,CI03,INGENIERÍA CIVIL INDUSTRIAL (LA SERENA),14704,MECANICA,210,un poco desordenado en pizarra pero muy buen profesor.,Positivo,0.8512,Otro,0.9024,No detectado,0.0159,0.0090,0.0102
FACULTAD DE INGENIERIA Y ARQUITECTURA,LSTM,CI03,INGENIERÍA CIVIL INDUSTRIAL (LA SERENA),3252,MECANICA DE FLUIDOS,211,xd.,Neutral,0.5047,Otro,0.5340,No detectado,0.0857,0.0337,0.0475
FACULTAD DE INGENIERIA Y ARQUITECTURA,LSTM,CI03,INGENIERÍA CIVIL INDUSTRIAL (LA SERENA),3252,MECANICA DE FLUIDOS,210,xd.,Neutral,0.5047,Otro,0.5340,No detectado,0.0857,0.0337,0.0475
FACULTAD DE INGENIERIA Y ARQUITECTURA,LSTM,IC06,INGENIERÍA CIVIL EN COMPUTACIÓN E INFORMÁTICA (LA SERENA),58000,INTRODUCCION A LAS MATEMATICAS,221,"ya lo dije anteriormente en la otra evaluación, un muy buen profesor y muy recomendado.",Positivo,0.9620,Otro,0.7144,No detectado,0.0087,0.0074,0.0075
FACULTAD DE INGENIERIA Y ARQUITECTURA,CHDZ,IMS1,INGENIERIA CIVIL EN MINAS LA SERENA,14700,INTRODUCCION A LA FISICA,232,aprendí demasiado con el.,Positivo,0.7780,Alegría,0.8422,No detectado,0.0127,0.0102,0.0079
FACULTAD DE INGENIERIA Y ARQUITECTURA,CHDZ,IC06,INGENIERÍA CIVIL EN COMPUTACIÓN E INFORMÁTICA (LA SERENA),14703,ELECTRICIDAD Y MAGNETISMO,222,aveces me confundía en sus clases pero por lo general es buen profesor.,Positivo,0.5208,Otro,0.9881,No detectado,0.0149,0.0115,0.0107
FACULTAD DE INGENIERIA Y ARQUITECTURA,CHDZ,IMS1,INGENIERIA CIVIL EN MINAS LA SERENA,14703,ELECTRICIDAD Y MAGNETISMO,222,bien.,Positivo,0.7325,Alegría,0.8209,No detectado,0.0506,0.0188,0.0390
FACULTAD DE INGENIERIA Y ARQUITECTURA,CHDZ,IMS1,INGENIERIA CIVIL EN MINAS LA SERENA,14703,ELECTRICIDAD Y MAGNETISMO,210,bien.,Positivo,0.7325,Alegría,0.8209,No detectado,0.0506,0.0188,0.0390
FACULTAD DE INGENIERIA Y ARQUITECTURA,CHDZ,IMS1,INGENIERIA CIVIL EN MINAS LA SERENA,14703,ELECTRICIDAD Y MAGNETISMO,210,bien.,Positivo,0.7325,Alegría,0.8209,No detectado,0.0506,0.0188,0.0390
FACULTAD DE INGENIERIA Y ARQUITECTURA,CHDZ,IC06,INGENIERÍA CIVIL EN COMPUTACIÓN E INFORMÁTICA (LA SERENA),14703,ELECTRICIDAD Y MAGNETISMO,210,bien.,Positivo,0.7325,Alegría,0.8209,No detectado,0.0506,0.0188,0.0390
FACULTAD DE INGENIERIA Y ARQUITECTURA,CHDZ,IMS1,INGENIERIA CIVIL EN MINAS LA SERENA,14700,INTRODUCCION A LA FISICA,232,bien.,Positivo,0.7325,Alegría,0.8209,No detectado,0.0506,0.0188,0.0390
FACULTAD DE INGENIERIA Y ARQUITECTURA,CHDZ,IMS1,INGENIERIA CIVIL EN MINAS LA SERENA,14700,INTRODUCCION A LA FISICA,230,bien.,Positivo,0.7325,Alegría,0.8209,No detectado,0.0506,0.0188,0.0390
FACULTAD DE INGENIERIA Y ARQUITECTURA,CHDZ,IMS1,INGENIERIA CIVIL EN MINAS LA SERENA,14700,INTRODUCCION A LA FISICA,230,"bien acorde a la asignatura las clases realmente no encuentro que sean efectivas, realmente ahi una buena disposición por parte del profesor mas su forma de enseñar realmente no me parece eficiente, suele dejar varias preguntas usualmente no responde, además de no siempre poder ayudarnos a la hora de explicar algo, eso encuentro que son sus 2 puntos bajos o debilidades, al final uno tiene que aprender mas con otros metodos que basandose en la clase y eso no siempre debiera ser asi, un video de 15 minutos suele ser mas efectivo y explicar mejor que 2 clases de una hora y media del profesor.",Negativo,0.9579,Otro,0.8684,No detectado,0.0490,0.0050,0.0203
FACULTAD DE INGENIERIA Y ARQUITECTURA,CHDZ,IMS1,INGENIERIA CIVIL EN MINAS LA SERENA,14703,ELECTRICIDAD Y MAGNETISMO,222,buen profesor.,Positivo,0.8798,Alegría,0.6186,No detectado,0.0201,0.0141,0.0145
FACULTAD DE INGENIERIA Y ARQUITECTURA,CHDZ,IMS1,INGENIERIA CIVIL EN MINAS LA SERENA,14703,ELECTRICIDAD Y MAGNETISMO,222,buen docente.,Positivo,0.8689,Alegría,0.8098,No detectado,0.0230,0.0187,0.0216
FACULTAD DE INGENIERIA Y ARQUITECTURA,CHDZ,IMS1,INGENIERIA CIVIL EN MINAS LA SERENA,14703,ELECTRICIDAD Y MAGNETISMO,222,buen docente.,Positivo,0.8689,Alegría,0.8098,No detectado,0.0230,0.0187,0.0216
FACULTAD DE INGENIERIA Y ARQUITECTURA,CHDZ,IMS1,INGENIERIA CIVIL EN MINAS LA SERENA,14703,ELECTRICIDAD Y MAGNETISMO,210,buen docente.,Positivo,0.8689,Alegría,0.8098,No detectado,0.0230,0.0187,0.0216
FACULTAD DE INGENIERIA Y ARQUITECTURA,CHDZ,CI03,INGENIERÍA CIVIL INDUSTRIAL (LA SERENA),14703,ELECTRICIDAD Y MAGNETISMO,222,"buen docente, 100% recomendado.",Positivo,0.9497,Alegría,0.6060,No detectado,0.0149,0.0113,0.0114
FACULTAD DE INGENIERIA Y ARQUITECTURA,CHDZ,CI03,INGENIERÍA CIVIL INDUSTRIAL (LA SERENA),14703,ELECTRICIDAD Y MAGNETISMO,222,buen profesor.,Positivo,0.8798,Alegría,0.6186,No detectado,0.0201,0.0141,0.0145
FACULTAD DE INGENIERIA Y ARQUITECTURA,CHDZ,IMS1,INGENIERIA CIVIL EN MINAS LA SERENA,14703,ELECTRICIDAD Y MAGNETISMO,222,buen profesor.,Positivo,0.8798,Alegría,0.6186,No detectado,0.0201,0.0141,0.0145
FACULTAD DE INGENIERIA Y ARQUITECTURA,CHDZ,IMS1,INGENIERIA CIVIL EN MINAS LA SERENA,14703,ELECTRICIDAD Y MAGNETISMO,222,buen profesor.,Positivo,0.8798,Alegría,0.6186,No detectado,0.0201,0.0141,0.0145
FACULTAD DE INGENIERIA Y ARQUITECTURA,CHDZ,IMS1,INGENIERIA CIVIL EN MINAS LA SERENA,14703,ELECTRICIDAD Y MAGNETISMO,210,buen profesor.,Positivo,0.8798,Alegría,0.6186,No detectado,0.0201,0.0141,0.0145
FACULTAD DE INGENIERIA Y ARQUITECTURA,CHDZ,IMS1,INGENIERIA CIVIL EN MINAS LA SERENA,14703,ELECTRICIDAD Y MAGNETISMO,211,buen profesor.,Positivo,0.8798,Alegría,0.6186,No detectado,0.0201,0.0141,0.0145
FACULTAD DE INGENIERIA Y ARQUITECTURA,CHDZ,IMS1,INGENIERIA CIVIL EN MINAS LA SERENA,14703,ELECTRICIDAD Y MAGNETISMO,210,buen profesor.,Positivo,0.8798,Alegría,0.6186,No detectado,0.0201,0.0141,0.0145
FACULTAD DE INGENIERIA Y ARQUITECTURA,CHDZ,IMS1,INGENIERIA CIVIL EN MINAS LA SERENA,14703,ELECTRICIDAD Y MAGNETISMO,211,buen profesor.,Positivo,0.8798,Alegría,0.6186,No detectado,0.0201,0.0141,0.0145
FACULTAD DE INGENIERIA Y ARQUITECTURA,CHDZ,IC06,INGENIERÍA CIVIL EN COMPUTACIÓN E INFORMÁTICA (LA SERENA),14703,ELECTRICIDAD Y MAGNETISMO,222,buen profesor.,Positivo,0.8798,Alegría,0.6186,No detectado,0.0201,0.0141,0.0145
FACULTAD DE INGENIERIA Y ARQUITECTURA,CHDZ,CI03,INGENIERÍA CIVIL INDUSTRIAL (LA SERENA),14700,INTRODUCCION A LA FISICA,232,buen profesor.,Positivo,0.8798,Alegría,0.6186,No detectado,0.0201,0.0141,0.0145
FACULTAD DE INGENIERIA Y ARQUITECTURA,CHDZ,CI03,INGENIERÍA CIVIL INDUSTRIAL (LA SERENA),14700,INTRODUCCION A LA FISICA,232,buen profesor.,Positivo,0.8798,Alegría,0.6186,No detectado,0.0201,0.0141,0.0145
FACULTAD DE INGENIERIA Y ARQUITECTURA,CHDZ,CI03,INGENIERÍA CIVIL INDUSTRIAL (LA SERENA),14700,INTRODUCCION A LA FISICA,230,buen profesor.,Positivo,0.8798,Alegría,0.6186,No detectado,0.0201,0.0141,0.0145
FACULTAD DE INGENIERIA Y ARQUITECTURA,CHDZ,CI03,INGENIERÍA CIVIL INDUSTRIAL (LA SERENA),14700,INTRODUCCION A LA FISICA,232,buen profesor.,Positivo,0.8798,Alegría,0.6186,No detectado,0.0201,0.0141,0.0145
FACULTAD DE INGENIERIA Y ARQUITECTURA,CHDZ,IMS1,INGENIERIA CIVIL EN MINAS LA SERENA,14700,INTRODUCCION A LA FISICA,232,buen profesor.,Positivo,0.8798,Alegría,0.6186,No detectado,0.0201,0.0141,0.0145
FACULTAD DE INGENIERIA Y ARQUITECTURA,CHDZ,IMS1,INGENIERIA CIVIL EN MINAS LA SERENA,14700,INTRODUCCION A LA FISICA,230,buen profesor.,Positivo,0.8798,Alegría,0.6186,No detectado,0.0201,0.0141,0.0145
FACULTAD DE INGENIERIA Y ARQUITECTURA,CHDZ,CI03,INGENIERÍA CIVIL INDUSTRIAL (LA SERENA),14703,ELECTRICIDAD Y MAGNETISMO,222,buen profesor.,Positivo,0.8798,Alegría,0.6186,No detectado,0.0201,0.0141,0.0145
FACULTAD DE INGENIERIA Y ARQUITECTURA,CHDZ,IMS1,INGENIERIA CIVIL EN MINAS LA SERENA,14703,ELECTRICIDAD Y MAGNETISMO,222,buen profesor.,Positivo,0.8798,Alegría,0.6186,No detectado,0.0201,0.0141,0.0145
FACULTAD DE INGENIERIA Y ARQUITECTURA,CHDZ,IMS1,INGENIERIA CIVIL EN MINAS LA SERENA,14703,ELECTRICIDAD Y MAGNETISMO,210,buen profesor.,Positivo,0.8798,Alegría,0.6186,No detectado,0.0201,0.0141,0.0145
FACULTAD DE INGENIERIA Y ARQUITECTURA,CHDZ,IMS1,INGENIERIA CIVIL EN MINAS LA SERENA,14703,ELECTRICIDAD Y MAGNETISMO,210,buen profesor.,Positivo,0.8798,Alegría,0.6186,No detectado,0.0201,0.0141,0.0145
FACULTAD DE INGENIERIA Y ARQUITECTURA,CHDZ,IMS1,INGENIERIA CIVIL EN MINAS LA SERENA,14703,ELECTRICIDAD Y MAGNETISMO,222,buen profesor.,Positivo,0.8798,Alegría,0.6186,No detectado,0.0201,0.0141,0.0145
FACULTAD DE INGENIERIA Y ARQUITECTURA,CHDZ,IMS1,INGENIERIA CIVIL EN MINAS LA SERENA,14703,ELECTRICIDAD Y MAGNETISMO,211,buen profesor.,Positivo,0.8798,Alegría,0.6186,No detectado,0.0201,0.0141,0.0145
FACULTAD DE INGENIERIA Y ARQUITECTURA,CHDZ,IMS1,INGENIERIA CIVIL EN MINAS LA SERENA,14703,ELECTRICIDAD Y MAGNETISMO,210,buen profesor.,Positivo,0.8798,Alegría,0.6186,No detectado,0.0201,0.0141,0.0145
FACULTAD DE INGENIERIA Y ARQUITECTURA,CHDZ,IMS1,INGENIERIA CIVIL EN MINAS LA SERENA,14703,ELECTRICIDAD Y MAGNETISMO,211,buen profesor.,Positivo,0.8798,Alegría,0.6186,No detectado,0.0201,0.0141,0.0145
FACULTAD DE INGENIERIA Y ARQUITECTURA,CHDZ,IMS1,INGENIERIA CIVIL EN MINAS LA SERENA,14703,ELECTRICIDAD Y MAGNETISMO,210,buen profesor.,Positivo,0.8798,Alegría,0.6186,No detectado,0.0201,0.0141,0.0145
FACULTAD DE INGENIERIA Y ARQUITECTURA,CHDZ,IMS1,INGENIERIA CIVIL EN MINAS LA SERENA,14703,ELECTRICIDAD Y MAGNETISMO,222,buen profesor.,Positivo,0.8798,Alegría,0.6186,No detectado,0.0201,0.0141,0.0145
FACULTAD DE INGENIERIA Y ARQUITECTURA,CHDZ,IMS1,INGENIERIA CIVIL EN MINAS LA SERENA,14703,ELECTRICIDAD Y MAGNETISMO,210,buen profesor.,Positivo,0.8798,Alegría,0.6186,No detectado,0.0201,0.0141,0.0145
FACULTAD DE INGENIERIA Y ARQUITECTURA,CHDZ,IMS1,INGENIERIA CIVIL EN MINAS LA SERENA,14703,ELECTRICIDAD Y MAGNETISMO,210,buen profesor.,Positivo,0.8798,Alegría,0.6186,No detectado,0.0201,0.0141,0.0145
FACULTAD DE INGENIERIA Y ARQUITECTURA,CHDZ,IMS1,INGENIERIA CIVIL EN MINAS LA SERENA,14703,ELECTRICIDAD Y MAGNETISMO,222,buen profesor.,Positivo,0.8798,Alegría,0.6186,No detectado,0.0201,0.0141,0.0145
FACULTAD DE INGENIERIA Y ARQUITECTURA,CHDZ,IMS1,INGENIERIA CIVIL EN MINAS LA SERENA,14703,ELECTRICIDAD Y MAGNETISMO,210,buen profesor.,Positivo,0.8798,Alegría,0.6186,No detectado,0.0201,0.0141,0.0145
FACULTAD DE INGENIERIA Y ARQUITECTURA,CHDZ,IC06,INGENIERÍA CIVIL EN COMPUTACIÓN E INFORMÁTICA (LA SERENA),14703,ELECTRICIDAD Y MAGNETISMO,210,buen profesor.,Positivo,0.8798,Alegría,0.6186,No detectado,0.0201,0.0141,0.0145
FACULTAD DE INGENIERIA Y ARQUITECTURA,CHDZ,CI03,INGENIERÍA CIVIL INDUSTRIAL (LA SERENA),14700,INTRODUCCION A LA FISICA,232,buen profesor.,Positivo,0.8798,Alegría,0.6186,No detectado,0.0201,0.0141,0.0145
FACULTAD DE INGENIERIA Y ARQUITECTURA,CHDZ,IMS1,INGENIERIA CIVIL EN MINAS LA SERENA,14700,INTRODUCCION A LA FISICA,232,buen profesor.,Positivo,0.8798,Alegría,0.6186,No detectado,0.0201,0.0141,0.0145
FACULTAD DE INGENIERIA Y ARQUITECTURA,CHDZ,IMS1,INGENIERIA CIVIL EN MINAS LA SERENA,14700,INTRODUCCION A LA FISICA,230,buen profesor.,Positivo,0.8798,Alegría,0.6186,No detectado,0.0201,0.0141,0.0145
FACULTAD DE INGENIERIA Y ARQUITECTURA,CHDZ,IMS1,INGENIERIA CIVIL EN MINAS LA SERENA,14700,INTRODUCCION A LA FISICA,231,buen profesor.,Positivo,0.8798,Alegría,0.6186,No detectado,0.0201,0.0141,0.0145
FACULTAD DE INGENIERIA Y ARQUITECTURA,CHDZ,IMS1,INGENIERIA CIVIL EN MINAS LA SERENA,14700,INTRODUCCION A LA FISICA,232,buen profesor.,Positivo,0.8798,Alegría,0.6186,No detectado,0.0201,0.0141,0.0145
FACULTAD DE INGENIERIA Y ARQUITECTURA,CHDZ,CI03,INGENIERÍA CIVIL INDUSTRIAL (LA SERENA),3248,"ONDAS, OPTICA Y CALOR",211,buen profesor.,Positivo,0.8798,Alegría,0.6186,No detectado,0.0201,0.0141,0.0145
FACULTAD DE INGENIERIA Y ARQUITECTURA,CHDZ,IMS1,INGENIERIA CIVIL EN MINAS LA SERENA,14703,ELECTRICIDAD Y MAGNETISMO,222,"buen profesor , nada que decir.",Positivo,0.8594,Otro,0.9469,No detectado,0.0165,0.0124,0.0095
FACULTAD DE INGENIERIA Y ARQUITECTURA,CHDZ,IMS1,INGENIERIA CIVIL EN MINAS LA SERENA,14703,ELECTRICIDAD Y MAGNETISMO,210,"buen profesor , recomendable.",Positivo,0.9609,Otro,0.5168,No detectado,0.0135,0.0107,0.0106
FACULTAD DE INGENIERIA Y ARQUITECTURA,CHDZ,IMS1,INGENIERIA CIVIL EN MINAS LA SERENA,14703,ELECTRICIDAD Y MAGNETISMO,222,buen profesor enseña muy bien la materia y la conoces muy bien lo recomiendo mucho ademas cuando te equivoca el mismo seda el tiempo de corregir al estudiante.,Positivo,0.9681,Otro,0.9702,No detectado,0.0121,0.0078,0.0084
FACULTAD DE INGENIERIA Y ARQUITECTURA,CHDZ,IMS1,INGENIERIA CIVIL EN MINAS LA SERENA,14703,ELECTRICIDAD Y MAGNETISMO,210,buen profesor enseña muy bien la materia y la conoces muy bien lo recomiendo mucho ademas cuando te equivoca el mismo seda el tiempo de corregir al estudiante.,Positivo,0.9681,Otro,0.9702,No detectado,0.0121,0.0078,0.0084
FACULTAD DE INGENIERIA Y ARQUITECTURA,CHDZ,IC06,INGENIERÍA CIVIL EN COMPUTACIÓN E INFORMÁTICA (LA SERENA),14700,INTRODUCCION A LA FISICA,231,buen profesor pero a la hora de explicar se puede ir por las ramas.,Negativo,0.9257,Otro,0.9836,No detectado,0.0117,0.0096,0.0087
FACULTAD DE INGENIERIA Y ARQUITECTURA,CHDZ,CI03,INGENIERÍA CIVIL INDUSTRIAL (LA SERENA),14700,INTRODUCCION A LA FISICA,230,buen profesor solo que su metodologia era dificil de entender.,Negativo,0.5789,Otro,0.9883,No detectado,0.0440,0.0244,0.0259
FACULTAD DE INGENIERIA Y ARQUITECTURA,CHDZ,IMS1,INGENIERIA CIVIL EN MINAS LA SERENA,14703,ELECTRICIDAD Y MAGNETISMO,211,buen profesor y ordenado para explicar diferentes temas.,Positivo,0.9518,Otro,0.7026,No detectado,0.0143,0.0075,0.0077
FACULTAD DE INGENIERIA Y ARQUITECTURA,CHDZ,IMS1,INGENIERIA CIVIL EN MINAS LA SERENA,14703,ELECTRICIDAD Y MAGNETISMO,210,buen profesor y ordenado para explicar diferentes temas.,Positivo,0.9518,Otro,0.7026,No detectado,0.0143,0.0075,0.0077
FACULTAD DE INGENIERIA Y ARQUITECTURA,CHDZ,IMS1,INGENIERIA CIVIL EN MINAS LA SERENA,14700,INTRODUCCION A LA FISICA,231,"buen profesor, atento a los requerimientos.",Positivo,0.7241,Otro,0.9801,No detectado,0.0284,0.0092,0.0130
FACULTAD DE INGENIERIA Y ARQUITECTURA,CHDZ,CI03,INGENIERÍA CIVIL INDUSTRIAL (LA SERENA),14700,INTRODUCCION A LA FISICA,230,"buen profesor, enseña bien.",Positivo,0.9484,Otro,0.6083,No detectado,0.0192,0.0129,0.0129
FACULTAD DE INGENIERIA Y ARQUITECTURA,CHDZ,IC06,INGENIERÍA CIVIL EN COMPUTACIÓN E INFORMÁTICA (LA SERENA),14703,ELECTRICIDAD Y MAGNETISMO,210,"buen profesor, explicaba bien, daba las oportunidades y hací­a clases bastante buenas.",Positivo,0.9629,Alegría,0.8117,No detectado,0.0152,0.0080,0.0109
FACULTAD DE INGENIERIA Y ARQUITECTURA,CHDZ,IMS1,INGENIERIA CIVIL EN MINAS LA SERENA,14703,ELECTRICIDAD Y MAGNETISMO,210,"buen profesor, muy ordenado.",Positivo,0.9566,Alegría,0.6186,No detectado,0.0242,0.0129,0.0123
FACULTAD DE INGENIERIA Y ARQUITECTURA,CHDZ,IMS1,INGENIERIA CIVIL EN MINAS LA SERENA,14703,ELECTRICIDAD Y MAGNETISMO,211,buen profesor.,Positivo,0.8798,Alegría,0.6186,No detectado,0.0201,0.0141,0.0145
FACULTAD DE INGENIERIA Y ARQUITECTURA,CHDZ,IMS1,INGENIERIA CIVIL EN MINAS LA SERENA,14703,ELECTRICIDAD Y MAGNETISMO,210,buen profesor.,Positivo,0.8798,Alegría,0.6186,No detectado,0.0201,0.0141,0.0145
FACULTAD DE INGENIERIA Y ARQUITECTURA,CHDZ,IC06,INGENIERÍA CIVIL EN COMPUTACIÓN E INFORMÁTICA (LA SERENA),14703,ELECTRICIDAD Y MAGNETISMO,222,buen profesor.,Positivo,0.8798,Alegría,0.6186,No detectado,0.0201,0.0141,0.0145
FACULTAD DE INGENIERIA Y ARQUITECTURA,CHDZ,CI03,INGENIERÍA CIVIL INDUSTRIAL (LA SERENA),14700,INTRODUCCION A LA FISICA,231,buena forma de enseñar.,Positivo,0.8595,Otro,0.6650,No detectado,0.0196,0.0123,0.0134
FACULTAD DE INGENIERIA Y ARQUITECTURA,CHDZ,IMS1,INGENIERIA CIVIL EN MINAS LA SERENA,14703,ELECTRICIDAD Y MAGNETISMO,211,"buena metodologia a la hora de explicar la materia, junto a una acertada metodologia de explicacion.",Positivo,0.9053,Otro,0.8490,No detectado,0.0305,0.0091,0.0153
FACULTAD DE INGENIERIA Y ARQUITECTURA,CHDZ,CI03,INGENIERÍA CIVIL INDUSTRIAL (LA SERENA),14703,ELECTRICIDAD Y MAGNETISMO,222,bueno.,Neutral,0.4849,Otro,0.8337,No detectado,0.0527,0.0147,0.0360
FACULTAD DE INGENIERIA Y ARQUITECTURA,CHDZ,CI03,INGENIERÍA CIVIL INDUSTRIAL (LA SERENA),14703,ELECTRICIDAD Y MAGNETISMO,222,bueno.,Neutral,0.4849,Otro,0.8337,No detectado,0.0527,0.0147,0.0360
FACULTAD DE INGENIERIA Y ARQUITECTURA,CHDZ,IMS1,INGENIERIA CIVIL EN MINAS LA SERENA,14703,ELECTRICIDAD Y MAGNETISMO,211,bueno.,Neutral,0.4849,Otro,0.8337,No detectado,0.0527,0.0147,0.0360
FACULTAD DE INGENIERIA Y ARQUITECTURA,CHDZ,IMS1,INGENIERIA CIVIL EN MINAS LA SERENA,14703,ELECTRICIDAD Y MAGNETISMO,210,bueno.,Neutral,0.4849,Otro,0.8337,No detectado,0.0527,0.0147,0.0360
FACULTAD DE INGENIERIA Y ARQUITECTURA,CHDZ,CI03,INGENIERÍA CIVIL INDUSTRIAL (LA SERENA),14700,INTRODUCCION A LA FISICA,230,"considero al profesor claudio uno de los mejores profesores, su forma de enseñar es perfecta y anima a querer conocer más sobre las diferentes materias, simplemente lo que debe ser un profesor.",Positivo,0.9752,Alegría,0.6108,No detectado,0.0120,0.0070,0.0076
FACULTAD DE INGENIERIA Y ARQUITECTURA,CHDZ,IC06,INGENIERÍA CIVIL EN COMPUTACIÓN E INFORMÁTICA (LA SERENA),14700,INTRODUCCION A LA FISICA,231,de los 2 profesores que me hicieron física este semestre el profesor claudio hernán diaz sanguino si sabe dar bien el conocimiento que se nos pide para la asignatura.,Positivo,0.7931,Otro,0.9945,No detectado,0.0159,0.0083,0.0080
FACULTAD DE INGENIERIA Y ARQUITECTURA,CHDZ,IMS1,INGENIERIA CIVIL EN MINAS LA SERENA,14703,ELECTRICIDAD Y MAGNETISMO,211,debería ser un poco más especifico al explicar y no dar tantas vueltas pero todo bien.,Neutral,0.8017,Otro,0.9729,No detectado,0.0167,0.0087,0.0100
FACULTAD DE INGENIERIA Y ARQUITECTURA,CHDZ,IC06,INGENIERÍA CIVIL EN COMPUTACIÓN E INFORMÁTICA (LA SERENA),14703,ELECTRICIDAD Y MAGNETISMO,211,"el docente hace lo posible por que se den correctamente las experiencias de laboratorio, aun y cuando hay instrumentos necesarios que no están en funcionamiento, los cuales son parte del laboratorio.",Neutral,0.7368,Otro,0.9950,No detectado,0.0212,0.0044,0.0082
FACULTAD DE INGENIERIA Y ARQUITECTURA,CHDZ,IC06,INGENIERÍA CIVIL EN COMPUTACIÓN E INFORMÁTICA (LA SERENA),14700,INTRODUCCION A LA FISICA,231,el profesor claudio diaz muchas veces en laboratorio nos explicaba conceptos que en mi opinion me ayudaron a entender mucho mas la materia hablando en el ambito de teoria ya que laboratorio incluia conceptos que tambien estaban en la parte teorica de la materia.,Positivo,0.5847,Otro,0.9951,No detectado,0.0279,0.0075,0.0135
FACULTAD DE INGENIERIA Y ARQUITECTURA,CHDZ,IC06,INGENIERÍA CIVIL EN COMPUTACIÓN E INFORMÁTICA (LA SERENA),14700,INTRODUCCION A LA FISICA,230,"el profesor demuestra un alto nivel de conocimiento en la materia y su forma de explicar los temas es clara, ya que utiliza ejemplos prácticos que facilitan la comprensión. las evaluaciones reflejan lo aprendido en clase y se ajustan a los objetivos del curso.",Positivo,0.8859,Otro,0.9945,No detectado,0.0121,0.0056,0.0077
FACULTAD DE INGENIERIA Y ARQUITECTURA,CHDZ,IC06,INGENIERÍA CIVIL EN COMPUTACIÓN E INFORMÁTICA (LA SERENA),14700,INTRODUCCION A LA FISICA,230,"el profesor enseña de manera justa y estricta pero eficiente, la manera en la que se apega a las fórmulas que enseña, hace que debas usar sus enseñanzas quieras o no, particularmente se ajusta tanto a sus reglas que no deja que sus estudiantes puedan utilizar métodos más simples para resolver sus evaluaciones y ejercicios.",Neutral,0.5571,Otro,0.9869,No detectado,0.0228,0.0045,0.0109
FACULTAD DE INGENIERIA Y ARQUITECTURA,CHDZ,IC06,INGENIERÍA CIVIL EN COMPUTACIÓN E INFORMÁTICA (LA SERENA),14703,ELECTRICIDAD Y MAGNETISMO,211,el profesor siempre esta interesado por la asignatura y siempre esta interesado en ver si todos entendieron o no.,Neutral,0.7907,Otro,0.9966,No detectado,0.0318,0.0094,0.0135
FACULTAD DE INGENIERIA Y ARQUITECTURA,CHDZ,IC06,INGENIERÍA CIVIL EN COMPUTACIÓN E INFORMÁTICA (LA SERENA),14703,ELECTRICIDAD Y MAGNETISMO,210,el profesor siempre esta interesado por la asignatura y siempre esta interesado en ver si todos entendieron o no.,Neutral,0.7907,Otro,0.9966,No detectado,0.0318,0.0094,0.0135
FACULTAD DE INGENIERIA Y ARQUITECTURA,CHDZ,IMS1,INGENIERIA CIVIL EN MINAS LA SERENA,14703,ELECTRICIDAD Y MAGNETISMO,210,empático.,Neutral,0.5011,Otro,0.8405,No detectado,0.0708,0.0366,0.0280
FACULTAD DE INGENIERIA Y ARQUITECTURA,CHDZ,IC06,INGENIERÍA CIVIL EN COMPUTACIÓN E INFORMÁTICA (LA SERENA),14703,ELECTRICIDAD Y MAGNETISMO,210,en general fue un buen profesor por lo que no tengo nada mas que decir.,Positivo,0.9520,Otro,0.8667,No detectado,0.0079,0.0083,0.0066
FACULTAD DE INGENIERIA Y ARQUITECTURA,CHDZ,IC06,INGENIERÍA CIVIL EN COMPUTACIÓN E INFORMÁTICA (LA SERENA),14703,ELECTRICIDAD Y MAGNETISMO,211,en general fue un buen profesor por lo que no tengo nada que decir.,Positivo,0.9290,Otro,0.9855,No detectado,0.0079,0.0082,0.0069
FACULTAD DE INGENIERIA Y ARQUITECTURA,CHDZ,IMS1,INGENIERIA CIVIL EN MINAS LA SERENA,14703,ELECTRICIDAD Y MAGNETISMO,210,enseña bien.,Positivo,0.6398,Otro,0.5826,No detectado,0.0443,0.0204,0.0361
FACULTAD DE INGENIERIA Y ARQUITECTURA,CHDZ,IMS1,INGENIERIA CIVIL EN MINAS LA SERENA,14700,INTRODUCCION A LA FISICA,232,es dificil de entender.,Negativo,0.8211,Otro,0.6079,No detectado,0.0472,0.0111,0.0188
FACULTAD DE INGENIERIA Y ARQUITECTURA,CHDZ,IMS1,INGENIERIA CIVIL EN MINAS LA SERENA,14700,INTRODUCCION A LA FISICA,230,es dificil de entender como resuelve los problemas.,Negativo,0.8501,Otro,0.7521,No detectado,0.1152,0.0114,0.0261
FACULTAD DE INGENIERIA Y ARQUITECTURA,CHDZ,IMS1,INGENIERIA CIVIL EN MINAS LA SERENA,14703,ELECTRICIDAD Y MAGNETISMO,210,es muy buen profesor.,Positivo,0.9688,Otro,0.9128,No detectado,0.0128,0.0108,0.0085
FACULTAD DE INGENIERIA Y ARQUITECTURA,CHDZ,IMS1,INGENIERIA CIVIL EN MINAS LA SERENA,14700,INTRODUCCION A LA FISICA,230,"es muy buen profesor es una persona muy sabia, sabe lo que enseña, es muy apegado a su trabajo, lo recomiendo bastante ya que explica muy bien y si no entiendes siempre resolvera tus dudas.",Positivo,0.9654,Otro,0.9392,No detectado,0.0106,0.0077,0.0077
FACULTAD DE INGENIERIA Y ARQUITECTURA,CHDZ,IMS1,INGENIERIA CIVIL EN MINAS LA SERENA,14700,INTRODUCCION A LA FISICA,230,es un buen profesor sus material de estudio es excelente y sus calses igual solo que explica muy rapido y algunas veces nos perdiamos.,Positivo,0.9220,Otro,0.9592,No detectado,0.0314,0.0086,0.0149
FACULTAD DE INGENIERIA Y ARQUITECTURA,CHDZ,IC06,INGENIERÍA CIVIL EN COMPUTACIÓN E INFORMÁTICA (LA SERENA),3248,"ONDAS, OPTICA Y CALOR",211,"es un buen profesor, enseña muy bien y demuestra completo dominio de los temas.",Positivo,0.9746,Otro,0.8554,No detectado,0.0086,0.0073,0.0063
FACULTAD DE INGENIERIA Y ARQUITECTURA,CHDZ,IC06,INGENIERÍA CIVIL EN COMPUTACIÓN E INFORMÁTICA (LA SERENA),3248,"ONDAS, OPTICA Y CALOR",210,"es un buen profesor, enseña muy bien y demuestra completo dominio de los temas.",Positivo,0.9746,Otro,0.8554,No detectado,0.0086,0.0073,0.0063
FACULTAD DE INGENIERIA Y ARQUITECTURA,CHDZ,CI03,INGENIERÍA CIVIL INDUSTRIAL (LA SERENA),14700,INTRODUCCION A LA FISICA,231,es un profesor que enseña de una manera muy eficaz.,Positivo,0.9621,Otro,0.9462,No detectado,0.0131,0.0092,0.0074
FACULTAD DE INGENIERIA Y ARQUITECTURA,CHDZ,IMS1,INGENIERIA CIVIL EN MINAS LA SERENA,14700,INTRODUCCION A LA FISICA,232,"es una persona con una personalidad bastante alegre transmite eso a sus alumnos y es muy bueno en lo que hace, es un buen docente lo recomiendo.",Positivo,0.9805,Alegría,0.9690,No detectado,0.0073,0.0080,0.0061
FACULTAD DE INGENIERIA Y ARQUITECTURA,CHDZ,IC06,INGENIERÍA CIVIL EN COMPUTACIÓN E INFORMÁTICA (LA SERENA),14700,INTRODUCCION A LA FISICA,231,estuvo bien.,Positivo,0.8318,Otro,0.7163,No detectado,0.0630,0.0275,0.0503
FACULTAD DE INGENIERIA Y ARQUITECTURA,CHDZ,IC06,INGENIERÍA CIVIL EN COMPUTACIÓN E INFORMÁTICA (LA SERENA),14700,INTRODUCCION A LA FISICA,230,estuvo excelente.,Positivo,0.9428,Alegría,0.9188,No detectado,0.0330,0.0156,0.0265
FACULTAD DE INGENIERIA Y ARQUITECTURA,CHDZ,CI03,INGENIERÍA CIVIL INDUSTRIAL (LA SERENA),3248,"ONDAS, OPTICA Y CALOR",211,excelente.,Positivo,0.8434,Alegría,0.9649,No detectado,0.0368,0.0149,0.0255
FACULTAD DE INGENIERIA Y ARQUITECTURA,CHDZ,CI03,INGENIERÍA CIVIL INDUSTRIAL (LA SERENA),3248,"ONDAS, OPTICA Y CALOR",210,excelente.,Positivo,0.8434,Alegría,0.9649,No detectado,0.0368,0.0149,0.0255
FACULTAD DE INGENIERIA Y ARQUITECTURA,CHDZ,IMS1,INGENIERIA CIVIL EN MINAS LA SERENA,14703,ELECTRICIDAD Y MAGNETISMO,211,excelente docente.,Positivo,0.9139,Alegría,0.9727,No detectado,0.0162,0.0167,0.0130
FACULTAD DE INGENIERIA Y ARQUITECTURA,CHDZ,IMS1,INGENIERIA CIVIL EN MINAS LA SERENA,14703,ELECTRICIDAD Y MAGNETISMO,210,excelente docente.,Positivo,0.9139,Alegría,0.9727,No detectado,0.0162,0.0167,0.0130
FACULTAD DE INGENIERIA Y ARQUITECTURA,CHDZ,IC06,INGENIERÍA CIVIL EN COMPUTACIÓN E INFORMÁTICA (LA SERENA),14703,ELECTRICIDAD Y MAGNETISMO,211,excelente docente.,Positivo,0.9139,Alegría,0.9727,No detectado,0.0162,0.0167,0.0130
FACULTAD DE INGENIERIA Y ARQUITECTURA,CHDZ,IC06,INGENIERÍA CIVIL EN COMPUTACIÓN E INFORMÁTICA (LA SERENA),14703,ELECTRICIDAD Y MAGNETISMO,210,excelente docente.,Positivo,0.9139,Alegría,0.9727,No detectado,0.0162,0.0167,0.0130
FACULTAD DE INGENIERIA Y ARQUITECTURA,CHDZ,IC06,INGENIERÍA CIVIL EN COMPUTACIÓN E INFORMÁTICA (LA SERENA),14703,ELECTRICIDAD Y MAGNETISMO,210,excelente profesorsional en el ambito de enseñar.,Positivo,0.9328,Otro,0.5993,No detectado,0.0151,0.0085,0.0093
FACULTAD DE INGENIERIA Y ARQUITECTURA,CHDZ,IC06,INGENIERÍA CIVIL EN COMPUTACIÓN E INFORMÁTICA (LA SERENA),14703,ELECTRICIDAD Y MAGNETISMO,211,excelente profesorsional en el ambito de la educacion.,Positivo,0.8011,Otro,0.9095,No detectado,0.0216,0.0087,0.0123
FACULTAD DE INGENIERIA Y ARQUITECTURA,CHDZ,IMS1,INGENIERIA CIVIL EN MINAS LA SERENA,14703,ELECTRICIDAD Y MAGNETISMO,211,excelente profesor.,Positivo,0.9060,Alegría,0.9409,No detectado,0.0124,0.0121,0.0102
FACULTAD DE INGENIERIA Y ARQUITECTURA,CHDZ,IMS1,INGENIERIA CIVIL EN MINAS LA SERENA,14703,ELECTRICIDAD Y MAGNETISMO,210,excelente profesor.,Positivo,0.9060,Alegría,0.9409,No detectado,0.0124,0.0121,0.0102
FACULTAD DE INGENIERIA Y ARQUITECTURA,CHDZ,IMS1,INGENIERIA CIVIL EN MINAS LA SERENA,14703,ELECTRICIDAD Y MAGNETISMO,210,excelente profesor.,Positivo,0.9060,Alegría,0.9409,No detectado,0.0124,0.0121,0.0102
FACULTAD DE INGENIERIA Y ARQUITECTURA,CHDZ,IMS1,INGENIERIA CIVIL EN MINAS LA SERENA,14700,INTRODUCCION A LA FISICA,232,excelente profesor.,Positivo,0.9060,Alegría,0.9409,No detectado,0.0124,0.0121,0.0102
FACULTAD DE INGENIERIA Y ARQUITECTURA,CHDZ,IC06,INGENIERÍA CIVIL EN COMPUTACIÓN E INFORMÁTICA (LA SERENA),14700,INTRODUCCION A LA FISICA,231,excelente profesor.,Positivo,0.9060,Alegría,0.9409,No detectado,0.0124,0.0121,0.0102
FACULTAD DE INGENIERIA Y ARQUITECTURA,CHDZ,IC06,INGENIERÍA CIVIL EN COMPUTACIÓN E INFORMÁTICA (LA SERENA),14700,INTRODUCCION A LA FISICA,230,"excelente profesor, enseña de muy buena manera, es respetuoso en todo sentido y tiene mucha vocación.",Positivo,0.9794,Alegría,0.9178,No detectado,0.0096,0.0081,0.0070
FACULTAD DE INGENIERIA Y ARQUITECTURA,CHDZ,IC06,INGENIERÍA CIVIL EN COMPUTACIÓN E INFORMÁTICA (LA SERENA),14700,INTRODUCCION A LA FISICA,230,"excelente profesor, siempre atento a los estudiantes y a explicar de manera detallada su clase, ademas de ser de los pocos que integraba material adicional para poder practicar.",Positivo,0.9566,Otro,0.6953,No detectado,0.0134,0.0078,0.0082
FACULTAD DE INGENIERIA Y ARQUITECTURA,CHDZ,IC06,INGENIERÍA CIVIL EN COMPUTACIÓN E INFORMÁTICA (LA SERENA),14700,INTRODUCCION A LA FISICA,231,"excelente trabajo , su forma de explicaciones muy claras y su modalidad de trabajo increí­ble.",Positivo,0.9702,Alegría,0.9297,No detectado,0.0107,0.0074,0.0079
FACULTAD DE INGENIERIA Y ARQUITECTURA,CHDZ,IMS1,INGENIERIA CIVIL EN MINAS LA SERENA,14700,INTRODUCCION A LA FISICA,230,explica bien el contenido de la materia.,Neutral,0.7365,Otro,0.9963,No detectado,0.0292,0.0114,0.0117
FACULTAD DE INGENIERIA Y ARQUITECTURA,CHDZ,IMS1,INGENIERIA CIVIL EN MINAS LA SERENA,14700,INTRODUCCION A LA FISICA,230,explica bien y simpatico.,Positivo,0.9522,Alegría,0.5090,No detectado,0.0346,0.0189,0.0177
FACULTAD DE INGENIERIA Y ARQUITECTURA,CHDZ,CI03,INGENIERÍA CIVIL INDUSTRIAL (LA SERENA),14700,INTRODUCCION A LA FISICA,230,"explica bien, aunque a veces no se le logre entender.",Neutral,0.4542,Otro,0.9858,No detectado,0.0127,0.0066,0.0088
FACULTAD DE INGENIERIA Y ARQUITECTURA,CHDZ,IC06,INGENIERÍA CIVIL EN COMPUTACIÓN E INFORMÁTICA (LA SERENA),14703,ELECTRICIDAD Y MAGNETISMO,210,explicaba bien.,Neutral,0.5105,Otro,0.9433,No detectado,0.0551,0.0199,0.0230
FACULTAD DE INGENIERIA Y ARQUITECTURA,CHDZ,CI03,INGENIERÍA CIVIL INDUSTRIAL (LA SERENA),14700,INTRODUCCION A LA FISICA,231,la forma de evaluación era facil de pasar.,Neutral,0.7627,Otro,0.9917,No detectado,0.0833,0.0198,0.0292
FACULTAD DE INGENIERIA Y ARQUITECTURA,CHDZ,IMS1,INGENIERIA CIVIL EN MINAS LA SERENA,14703,ELECTRICIDAD Y MAGNETISMO,211,le recomendaria entregar la revision de los informes.,Neutral,0.8883,Otro,0.9927,No detectado,0.0343,0.0071,0.0151
FACULTAD DE INGENIERIA Y ARQUITECTURA,CHDZ,IMS1,INGENIERIA CIVIL EN MINAS LA SERENA,14700,INTRODUCCION A LA FISICA,232,lo único que cambiarí­a serí­a el horario en qué tiene sus laboratorios.,Neutral,0.8567,Otro,0.9936,No detectado,0.0673,0.0091,0.0223
FACULTAD DE INGENIERIA Y ARQUITECTURA,CHDZ,CI03,INGENIERÍA CIVIL INDUSTRIAL (LA SERENA),14700,INTRODUCCION A LA FISICA,230,me encanta.,Positivo,0.8356,Alegría,0.9091,No detectado,0.0552,0.0400,0.0271
FACULTAD DE INGENIERIA Y ARQUITECTURA,CHDZ,IC06,INGENIERÍA CIVIL EN COMPUTACIÓN E INFORMÁTICA (LA SERENA),14700,INTRODUCCION A LA FISICA,230,mi rendimiento fue bajo pero no fue culpa de el profesor.,Neutral,0.6068,Otro,0.9307,No detectado,0.0155,0.0111,0.0105
FACULTAD DE INGENIERIA Y ARQUITECTURA,CHDZ,IC06,INGENIERÍA CIVIL EN COMPUTACIÓN E INFORMÁTICA (LA SERENA),14703,ELECTRICIDAD Y MAGNETISMO,210,muy buen profesor.,Positivo,0.9677,Alegría,0.9051,No detectado,0.0123,0.0104,0.0094
FACULTAD DE INGENIERIA Y ARQUITECTURA,CHDZ,CI03,INGENIERÍA CIVIL INDUSTRIAL (LA SERENA),14703,ELECTRICIDAD Y MAGNETISMO,222,muy buen profesor.,Positivo,0.9677,Alegría,0.9051,No detectado,0.0123,0.0104,0.0094
FACULTAD DE INGENIERIA Y ARQUITECTURA,CHDZ,IMS1,INGENIERIA CIVIL EN MINAS LA SERENA,14703,ELECTRICIDAD Y MAGNETISMO,211,muy buen profesor.,Positivo,0.9677,Alegría,0.9051,No detectado,0.0123,0.0104,0.0094
FACULTAD DE INGENIERIA Y ARQUITECTURA,CHDZ,IMS1,INGENIERIA CIVIL EN MINAS LA SERENA,14703,ELECTRICIDAD Y MAGNETISMO,210,muy buen profesor.,Positivo,0.9677,Alegría,0.9051,No detectado,0.0123,0.0104,0.0094
FACULTAD DE INGENIERIA Y ARQUITECTURA,CHDZ,IC06,INGENIERÍA CIVIL EN COMPUTACIÓN E INFORMÁTICA (LA SERENA),14700,INTRODUCCION A LA FISICA,231,muy buen profesor.,Positivo,0.9677,Alegría,0.9051,No detectado,0.0123,0.0104,0.0094
FACULTAD DE INGENIERIA Y ARQUITECTURA,CHDZ,IC06,INGENIERÍA CIVIL EN COMPUTACIÓN E INFORMÁTICA (LA SERENA),14700,INTRODUCCION A LA FISICA,230,muy buen profesor.,Positivo,0.9677,Alegría,0.9051,No detectado,0.0123,0.0104,0.0094
FACULTAD DE INGENIERIA Y ARQUITECTURA,CHDZ,IC06,INGENIERÍA CIVIL EN COMPUTACIÓN E INFORMÁTICA (LA SERENA),3248,"ONDAS, OPTICA Y CALOR",211,muy buen profesor.,Positivo,0.9677,Alegría,0.9051,No detectado,0.0123,0.0104,0.0094
FACULTAD DE INGENIERIA Y ARQUITECTURA,CHDZ,IC06,INGENIERÍA CIVIL EN COMPUTACIÓN E INFORMÁTICA (LA SERENA),3248,"ONDAS, OPTICA Y CALOR",210,muy buen profesor.,Positivo,0.9677,Alegría,0.9051,No detectado,0.0123,0.0104,0.0094
FACULTAD DE INGENIERIA Y ARQUITECTURA,CHDZ,CI03,INGENIERÍA CIVIL INDUSTRIAL (LA SERENA),14700,INTRODUCCION A LA FISICA,230,muy buen profesor y se aprende bien con el.,Positivo,0.9766,Alegría,0.9645,No detectado,0.0117,0.0089,0.0091
FACULTAD DE INGENIERIA Y ARQUITECTURA,CHDZ,IMS1,INGENIERIA CIVIL EN MINAS LA SERENA,14700,INTRODUCCION A LA FISICA,230,"muy buen profesor, considerado y cuando no entendemos se da el tiempo para explicarnos y poder así comprender mejor su materia, nos ayuda mucho.",Positivo,0.9628,Alegría,0.5632,No detectado,0.0145,0.0078,0.0095
FACULTAD DE INGENIERIA Y ARQUITECTURA,CHDZ,IMS1,INGENIERIA CIVIL EN MINAS LA SERENA,14700,INTRODUCCION A LA FISICA,231,"muy buen profesor, dispuesto a enseñar y logra hacer entender a los demás, muy profesorsional.",Positivo,0.9716,Alegría,0.9713,No detectado,0.0140,0.0093,0.0098
FACULTAD DE INGENIERIA Y ARQUITECTURA,CHDZ,IMS1,INGENIERIA CIVIL EN MINAS LA SERENA,14703,ELECTRICIDAD Y MAGNETISMO,211,"muy buen profesor, es muy ordenado.",Positivo,0.9730,Alegría,0.6326,No detectado,0.0177,0.0123,0.0102
FACULTAD DE INGENIERIA Y ARQUITECTURA,CHDZ,IMS1,INGENIERIA CIVIL EN MINAS LA SERENA,14700,INTRODUCCION A LA FISICA,232,muy bueno.,Positivo,0.8803,Alegría,0.9013,No detectado,0.0337,0.0171,0.0277
FACULTAD DE INGENIERIA Y ARQUITECTURA,CHDZ,IMS1,INGENIERIA CIVIL EN MINAS LA SERENA,14700,INTRODUCCION A LA FISICA,230,muy bueno.,Positivo,0.8803,Alegría,0.9013,No detectado,0.0337,0.0171,0.0277
FACULTAD DE INGENIERIA Y ARQUITECTURA,CHDZ,IMS1,INGENIERIA CIVIL EN MINAS LA SERENA,14703,ELECTRICIDAD Y MAGNETISMO,210,"muy ordenado a la hora de explicar, junto a que logra de muy buena forma que los estudiantes entiendan su asignatura.",Positivo,0.9535,Otro,0.9051,No detectado,0.0117,0.0060,0.0064
FACULTAD DE INGENIERIA Y ARQUITECTURA,CHDZ,IMS1,INGENIERIA CIVIL EN MINAS LA SERENA,14700,INTRODUCCION A LA FISICA,232,muy relajado.,Positivo,0.8717,Alegría,0.5201,No detectado,0.0204,0.0113,0.0151
FACULTAD DE INGENIERIA Y ARQUITECTURA,CHDZ,CI03,INGENIERÍA CIVIL INDUSTRIAL (LA SERENA),14700,INTRODUCCION A LA FISICA,230,"muy responsable y ordenado, aprendi mucho con su enseñanza.",Positivo,0.9661,Alegría,0.9738,No detectado,0.0139,0.0117,0.0092
FACULTAD DE INGENIERIA Y ARQUITECTURA,CHDZ,IC06,INGENIERÍA CIVIL EN COMPUTACIÓN E INFORMÁTICA (LA SERENA),3248,"ONDAS, OPTICA Y CALOR",211,nada.,Neutral,0.4837,Otro,0.8243,No detectado,0.0509,0.0136,0.0305
FACULTAD DE INGENIERIA Y ARQUITECTURA,CHDZ,IC06,INGENIERÍA CIVIL EN COMPUTACIÓN E INFORMÁTICA (LA SERENA),3248,"ONDAS, OPTICA Y CALOR",210,nada.,Neutral,0.4837,Otro,0.8243,No detectado,0.0509,0.0136,0.0305
FACULTAD DE INGENIERIA Y ARQUITECTURA,CHDZ,CI03,INGENIERÍA CIVIL INDUSTRIAL (LA SERENA),14703,ELECTRICIDAD Y MAGNETISMO,222,nada que agregar.,Neutral,0.4990,Otro,0.6519,No detectado,0.0217,0.0132,0.0143
FACULTAD DE INGENIERIA Y ARQUITECTURA,CHDZ,IC06,INGENIERÍA CIVIL EN COMPUTACIÓN E INFORMÁTICA (LA SERENA),14703,ELECTRICIDAD Y MAGNETISMO,222,"nada que agregar, el profesor enseña de muy buena forma la asignatura.",Positivo,0.9706,Otro,0.9738,No detectado,0.0166,0.0087,0.0076
FACULTAD DE INGENIERIA Y ARQUITECTURA,CHDZ,CI03,INGENIERÍA CIVIL INDUSTRIAL (LA SERENA),3248,"ONDAS, OPTICA Y CALOR",211,ninguna.,Neutral,0.4918,Otro,0.5067,No detectado,0.1189,0.0590,0.0686
FACULTAD DE INGENIERIA Y ARQUITECTURA,CHDZ,CI03,INGENIERÍA CIVIL INDUSTRIAL (LA SERENA),3248,"ONDAS, OPTICA Y CALOR",210,ninguna.,Neutral,0.4918,Otro,0.5067,No detectado,0.1189,0.0590,0.0686
FACULTAD DE INGENIERIA Y ARQUITECTURA,CHDZ,CI03,INGENIERÍA CIVIL INDUSTRIAL (LA SERENA),14703,ELECTRICIDAD Y MAGNETISMO,222,no.,Neutral,0.4675,Otro,0.5628,No detectado,0.0628,0.0154,0.0316
FACULTAD DE INGENIERIA Y ARQUITECTURA,CHDZ,CI03,INGENIERÍA CIVIL INDUSTRIAL (LA SERENA),3248,"ONDAS, OPTICA Y CALOR",210,no comentarios.,Neutral,0.5375,Otro,0.9185,No detectado,0.0896,0.0206,0.0378
FACULTAD DE INGENIERIA Y ARQUITECTURA,CHDZ,IMS1,INGENIERIA CIVIL EN MINAS LA SERENA,14700,INTRODUCCION A LA FISICA,231,no me hizo clases este profesor.,Negativo,0.9250,Otro,0.9906,No detectado,0.0437,0.0278,0.0281
FACULTAD DE INGENIERIA Y ARQUITECTURA,CHDZ,IC06,INGENIERÍA CIVIL EN COMPUTACIÓN E INFORMÁTICA (LA SERENA),14703,ELECTRICIDAD Y MAGNETISMO,210,no se que agregar con respecto al docente.,Negativo,0.7400,Otro,0.9945,No detectado,0.0278,0.0150,0.0131
FACULTAD DE INGENIERIA Y ARQUITECTURA,CHDZ,IMS1,INGENIERIA CIVIL EN MINAS LA SERENA,14700,INTRODUCCION A LA FISICA,231,no tuve clases con el.,Neutral,0.5388,Otro,0.9929,No detectado,0.0317,0.0154,0.0186
FACULTAD DE INGENIERIA Y ARQUITECTURA,CHDZ,CI03,INGENIERÍA CIVIL INDUSTRIAL (LA SERENA),3248,"ONDAS, OPTICA Y CALOR",211,none.,Neutral,0.4534,Otro,0.7674,No detectado,0.0729,0.0286,0.0529
FACULTAD DE INGENIERIA Y ARQUITECTURA,CHDZ,CI03,INGENIERÍA CIVIL INDUSTRIAL (LA SERENA),3248,"ONDAS, OPTICA Y CALOR",210,none.,Neutral,0.4534,Otro,0.7674,No detectado,0.0729,0.0286,0.0529
FACULTAD DE INGENIERIA Y ARQUITECTURA,CHDZ,IMS1,INGENIERIA CIVIL EN MINAS LA SERENA,14703,ELECTRICIDAD Y MAGNETISMO,211,paso de la materia contundente y explicada de una manera efectiva.,Positivo,0.8062,Otro,0.9959,No detectado,0.0209,0.0103,0.0097
FACULTAD DE INGENIERIA Y ARQUITECTURA,CHDZ,IMS1,INGENIERIA CIVIL EN MINAS LA SERENA,14703,ELECTRICIDAD Y MAGNETISMO,211,poco entendible su laboratorio pero se lograba realizar sus informes.,Neutral,0.7001,Otro,0.9930,No detectado,0.0285,0.0075,0.0133
FACULTAD DE INGENIERIA Y ARQUITECTURA,CHDZ,IMS1,INGENIERIA CIVIL EN MINAS LA SERENA,14703,ELECTRICIDAD Y MAGNETISMO,222,profesor dedicado a que los alumnos comprendan todo.,Positivo,0.6913,Otro,0.9767,No detectado,0.0138,0.0060,0.0064
FACULTAD DE INGENIERIA Y ARQUITECTURA,CHDZ,CI03,INGENIERÍA CIVIL INDUSTRIAL (LA SERENA),3248,"ONDAS, OPTICA Y CALOR",210,profesor enfocado en hacer pasar a los alumnos.,Neutral,0.6505,Otro,0.9944,No detectado,0.0484,0.0101,0.0168
FACULTAD DE INGENIERIA Y ARQUITECTURA,CHDZ,IC06,INGENIERÍA CIVIL EN COMPUTACIÓN E INFORMÁTICA (LA SERENA),14700,INTRODUCCION A LA FISICA,231,"puntual, explica de manera muy buena y entendible.",Positivo,0.9689,Otro,0.8977,No detectado,0.0246,0.0155,0.0138
FACULTAD DE INGENIERIA Y ARQUITECTURA,CHDZ,IMS1,INGENIERIA CIVIL EN MINAS LA SERENA,14700,INTRODUCCION A LA FISICA,231,se comunica de manera clara.,Neutral,0.6288,Otro,0.9965,No detectado,0.0371,0.0135,0.0116
FACULTAD DE INGENIERIA Y ARQUITECTURA,CHDZ,IMS1,INGENIERIA CIVIL EN MINAS LA SERENA,14700,INTRODUCCION A LA FISICA,230,se da muchas vueltas al explicar cuando ahí­ formas mas corta y de la misma eficiencia.,Neutral,0.7678,Otro,0.9842,No detectado,0.0555,0.0042,0.0133
FACULTAD DE INGENIERIA Y ARQUITECTURA,CHDZ,IMS1,INGENIERIA CIVIL EN MINAS LA SERENA,14700,INTRODUCCION A LA FISICA,232,"si bien es un buen profesor y muy comprometido, no da lugar a dudas de los estudiantes, con una mala disposición a responder.",Negativo,0.8695,Otro,0.9934,No detectado,0.0131,0.0096,0.0093
FACULTAD DE INGENIERIA Y ARQUITECTURA,CHDZ,CI03,INGENIERÍA CIVIL INDUSTRIAL (LA SERENA),3248,"ONDAS, OPTICA Y CALOR",211,sin comentarios.,Neutral,0.4468,Otro,0.6370,No detectado,0.0500,0.0090,0.0231
FACULTAD DE INGENIERIA Y ARQUITECTURA,CHDZ,IC06,INGENIERÍA CIVIL EN COMPUTACIÓN E INFORMÁTICA (LA SERENA),14703,ELECTRICIDAD Y MAGNETISMO,222,sin comentarios.,Neutral,0.4468,Otro,0.6370,No detectado,0.0500,0.0090,0.0231
FACULTAD DE INGENIERIA Y ARQUITECTURA,CHDZ,IC06,INGENIERÍA CIVIL EN COMPUTACIÓN E INFORMÁTICA (LA SERENA),3248,"ONDAS, OPTICA Y CALOR",211,sin comentarios.,Neutral,0.4468,Otro,0.6370,No detectado,0.0500,0.0090,0.0231
FACULTAD DE INGENIERIA Y ARQUITECTURA,CHDZ,IC06,INGENIERÍA CIVIL EN COMPUTACIÓN E INFORMÁTICA (LA SERENA),3248,"ONDAS, OPTICA Y CALOR",210,sin comentarios.,Neutral,0.4468,Otro,0.6370,No detectado,0.0500,0.0090,0.0231
FACULTAD DE INGENIERIA Y ARQUITECTURA,CHDZ,IC06,INGENIERÍA CIVIL EN COMPUTACIÓN E INFORMÁTICA (LA SERENA),14700,INTRODUCCION A LA FISICA,231,solo tuve laboratorio con el asi que no se como evaluarlo en clases.,Neutral,0.5245,Otro,0.9915,No detectado,0.0166,0.0092,0.0105
FACULTAD DE INGENIERIA Y ARQUITECTURA,CHDZ,IC06,INGENIERÍA CIVIL EN COMPUTACIÓN E INFORMÁTICA (LA SERENA),14700,INTRODUCCION A LA FISICA,230,su metodo de enseñanza no me sirvio mucho a mi pero eso no significa que no le sirva a los demas.,Neutral,0.5317,Otro,0.8671,No detectado,0.0201,0.0090,0.0123
FACULTAD DE INGENIERIA Y ARQUITECTURA,CHDZ,IMS1,INGENIERIA CIVIL EN MINAS LA SERENA,14703,ELECTRICIDAD Y MAGNETISMO,222,tener mas flexibilidad con los horarios.,Neutral,0.7846,Otro,0.9889,No detectado,0.0504,0.0069,0.0159
FACULTAD DE INGENIERIA Y ARQUITECTURA,CHDZ,IMS1,INGENIERIA CIVIL EN MINAS LA SERENA,14703,ELECTRICIDAD Y MAGNETISMO,210,tener mas flexibilidad con los horarios.,Neutral,0.7846,Otro,0.9889,No detectado,0.0504,0.0069,0.0159
FACULTAD DE INGENIERIA Y ARQUITECTURA,CHDZ,IC06,INGENIERÍA CIVIL EN COMPUTACIÓN E INFORMÁTICA (LA SERENA),14700,INTRODUCCION A LA FISICA,230,un excelente profesor que me ayudo a desarrollar mucho mas la física.,Positivo,0.9723,Alegría,0.9640,No detectado,0.0122,0.0095,0.0076
FACULTAD DE INGENIERIA Y ARQUITECTURA,CHDZ,CI03,INGENIERÍA CIVIL INDUSTRIAL (LA SERENA),14703,ELECTRICIDAD Y MAGNETISMO,222,"un profesor con amplios conocimientos es capaz de explicar los temas de manera estructurada y accesible, adaptándose al nivel de comprensión de los estudiantes. sabe como simplificar conceptos complejos y utilizar analogí­as y ejemplos para facilitar el aprendizaje.",Positivo,0.8389,Otro,0.9811,No detectado,0.0128,0.0054,0.0078
FACULTAD DE INGENIERIA Y ARQUITECTURA,CHDZ,IMS1,INGENIERIA CIVIL EN MINAS LA SERENA,14703,ELECTRICIDAD Y MAGNETISMO,211,"un profesor muy capaz de transmitir conocimiento de manera clara y precisa, junto con material claro el cual facilita el aprendizaje con ejercicio bien explicados.",Positivo,0.9261,Otro,0.8814,No detectado,0.0144,0.0054,0.0076
FACULTAD DE INGENIERIA Y ARQUITECTURA,CHDZ,IMS1,INGENIERIA CIVIL EN MINAS LA SERENA,14703,ELECTRICIDAD Y MAGNETISMO,210,"un profesor muy capaz de transmitir conocimiento de manera clara y precisa, junto con material claro el cual facilita el aprendizaje con ejercicio bien explicados.",Positivo,0.9261,Otro,0.8814,No detectado,0.0144,0.0054,0.0076
FACULTAD DE INGENIERIA Y ARQUITECTURA,YICH,IC05,INGENIERÍA CIVIL EN COMPUTACIÓN E INFORMÁTICA PLAN 2017,14702,PROGRAMACION COMPUTACIONAL,30,bien en general.,Positivo,0.6820,Alegría,0.8360,No detectado,0.0301,0.0102,0.0202
FACULTAD DE INGENIERIA Y ARQUITECTURA,YICH,IM02,INGENIERÍA CIVIL EN MINAS PLAN 2017,14702,PROGRAMACION COMPUTACIONAL,30,buen carisma.,Positivo,0.9318,Alegría,0.9295,No detectado,0.0252,0.0110,0.0147
FACULTAD DE INGENIERIA Y ARQUITECTURA,YICH,IC05,INGENIERÍA CIVIL EN COMPUTACIÓN E INFORMÁTICA PLAN 2017,14702,PROGRAMACION COMPUTACIONAL,30,buen profesor.,Positivo,0.8798,Alegría,0.6186,No detectado,0.0201,0.0141,0.0145
FACULTAD DE INGENIERIA Y ARQUITECTURA,YICH,IC05,INGENIERÍA CIVIL EN COMPUTACIÓN E INFORMÁTICA PLAN 2017,14702,PROGRAMACION COMPUTACIONAL,30,buen profesor.,Positivo,0.8798,Alegría,0.6186,No detectado,0.0201,0.0141,0.0145
FACULTAD DE INGENIERIA Y ARQUITECTURA,YICH,IC05,INGENIERÍA CIVIL EN COMPUTACIÓN E INFORMÁTICA PLAN 2017,14702,PROGRAMACION COMPUTACIONAL,21,buen profesor.,Positivo,0.8798,Alegría,0.6186,No detectado,0.0201,0.0141,0.0145
FACULTAD DE INGENIERIA Y ARQUITECTURA,YICH,IC05,INGENIERÍA CIVIL EN COMPUTACIÓN E INFORMÁTICA PLAN 2017,14702,PROGRAMACION COMPUTACIONAL,30,buen profesor pero complicado de entender.,Neutral,0.4886,Otro,0.9683,No detectado,0.0156,0.0104,0.0101
FACULTAD DE INGENIERIA Y ARQUITECTURA,YICH,IC05,INGENIERÍA CIVIL EN COMPUTACIÓN E INFORMÁTICA PLAN 2017,14702,PROGRAMACION COMPUTACIONAL,21,buen profesor.,Positivo,0.8798,Alegría,0.6186,No detectado,0.0201,0.0141,0.0145
FACULTAD DE INGENIERIA Y ARQUITECTURA,YICH,IC05,INGENIERÍA CIVIL EN COMPUTACIÓN E INFORMÁTICA PLAN 2017,14702,PROGRAMACION COMPUTACIONAL,30,"buena manera de enseñar y actitud, demuestra que le gusta lo que hace.",Positivo,0.9655,Alegría,0.9841,No detectado,0.0129,0.0111,0.0088
FACULTAD DE INGENIERIA Y ARQUITECTURA,YICH,IC05,INGENIERÍA CIVIL EN COMPUTACIÓN E INFORMÁTICA PLAN 2017,14702,PROGRAMACION COMPUTACIONAL,30,buenas clases.,Positivo,0.4770,Otro,0.6154,No detectado,0.0490,0.0126,0.0305
FACULTAD DE INGENIERIA Y ARQUITECTURA,YICH,IM02,INGENIERÍA CIVIL EN MINAS PLAN 2017,14702,PROGRAMACION COMPUTACIONAL,30,"creo que el problema nunca fue el profesor, sino la asignatura, ya que si vamos a aprender programación, deberíamos aprender sobre el lenguaje universal de esta que es python y no pseudo-códigos, ya que no usaremos un lenguaje ""inventado"" sino que, programaremos con códigos reales en nuestra vida laboral.",Neutral,0.6601,Otro,0.8400,No detectado,0.0658,0.0045,0.0170
FACULTAD DE INGENIERIA Y ARQUITECTURA,YICH,GE02,GEOLOGÍA PLAN 2017,14702,PROGRAMACION COMPUTACIONAL,30,del profesor nada que decir solo agregar que el contenido en comparación al del semestre pasado en el mismo ramo (programación) no tenia nada que ver.,Neutral,0.7266,Otro,0.9947,No detectado,0.0204,0.0074,0.0085
FACULTAD DE INGENIERIA Y ARQUITECTURA,YICH,IC05,INGENIERÍA CIVIL EN COMPUTACIÓN E INFORMÁTICA PLAN 2017,14702,PROGRAMACION COMPUTACIONAL,21,dispuesto a ayudar a alumnos con dificultades y a la hora de enseñar la materia es entendible.,Positivo,0.5303,Otro,0.9906,No detectado,0.0220,0.0056,0.0112
FACULTAD DE INGENIERIA Y ARQUITECTURA,YICH,IC05,INGENIERÍA CIVIL EN COMPUTACIÓN E INFORMÁTICA PLAN 2017,14702,PROGRAMACION COMPUTACIONAL,21,el único inconveniente es su caligrafía.,Neutral,0.5374,Otro,0.9771,No detectado,0.1076,0.0149,0.0224
FACULTAD DE INGENIERIA Y ARQUITECTURA,YICH,IC05,INGENIERÍA CIVIL EN COMPUTACIÓN E INFORMÁTICA PLAN 2017,14702,PROGRAMACION COMPUTACIONAL,30,"en laboratorio me costo dar la prueba n2, debido a que en las clases de teoria no nos paso la materia que debia para poder responder esta prueba, a finales de semestre subio todos los ppt a aula virtual y vi que estaban ahi los pdf de la materia que necesitaba para responder la n2 de laboratorio pero no podiamos ver esos pdf en el momento en que los necesitabamos. debido a eso estabamos preparados para responder pruebas en laboratorio.",Negativo,0.7142,Otro,0.8305,No detectado,0.1034,0.0115,0.0382
FACULTAD DE INGENIERIA Y ARQUITECTURA,YICH,IC05,INGENIERÍA CIVIL EN COMPUTACIÓN E INFORMÁTICA PLAN 2017,14702,PROGRAMACION COMPUTACIONAL,30,excelente desempeño como profesor y se logra aprender y corregir errores en el aprendizaje despues de cada clase.,Positivo,0.9499,Alegría,0.9803,No detectado,0.0125,0.0074,0.0082
FACULTAD DE INGENIERIA Y ARQUITECTURA,YICH,GE02,GEOLOGÍA PLAN 2017,14702,PROGRAMACION COMPUTACIONAL,30,exelente profesor.,Positivo,0.9684,Alegría,0.8469,No detectado,0.0136,0.0102,0.0095
FACULTAD DE INGENIERIA Y ARQUITECTURA,YICH,IC05,INGENIERÍA CIVIL EN COMPUTACIÓN E INFORMÁTICA PLAN 2017,14702,PROGRAMACION COMPUTACIONAL,21,explica de manera adecuada.,Positivo,0.5955,Otro,0.9814,No detectado,0.0275,0.0102,0.0134
FACULTAD DE INGENIERIA Y ARQUITECTURA,YICH,IM02,INGENIERÍA CIVIL EN MINAS PLAN 2017,14702,PROGRAMACION COMPUTACIONAL,30,gran profesor.,Positivo,0.8978,Alegría,0.5446,No detectado,0.0136,0.0122,0.0107
FACULTAD DE INGENIERIA Y ARQUITECTURA,YICH,IC05,INGENIERÍA CIVIL EN COMPUTACIÓN E INFORMÁTICA PLAN 2017,14702,PROGRAMACION COMPUTACIONAL,30,grande profesor yuri.,Positivo,0.9081,Alegría,0.9693,No detectado,0.0131,0.0101,0.0105
FACULTAD DE INGENIERIA Y ARQUITECTURA,YICH,IC05,INGENIERÍA CIVIL EN COMPUTACIÓN E INFORMÁTICA PLAN 2017,14702,PROGRAMACION COMPUTACIONAL,21,hizo una clase con 3 problemas y cada uno valia una nota lo cual esos problemas eran para más de una hora.,Neutral,0.5275,Otro,0.9848,No detectado,0.0557,0.0095,0.0186
FACULTAD DE INGENIERIA Y ARQUITECTURA,YICH,IC05,INGENIERÍA CIVIL EN COMPUTACIÓN E INFORMÁTICA PLAN 2017,14702,PROGRAMACION COMPUTACIONAL,30,la profesora explica detalladamente cada ejemplo.,Neutral,0.6111,Otro,0.9952,No detectado,0.0507,0.0197,0.0148
FACULTAD DE INGENIERIA Y ARQUITECTURA,YICH,IC05,INGENIERÍA CIVIL EN COMPUTACIÓN E INFORMÁTICA PLAN 2017,14702,PROGRAMACION COMPUTACIONAL,21,muy buen profesor.,Positivo,0.9677,Alegría,0.9051,No detectado,0.0123,0.0104,0.0094
FACULTAD DE INGENIERIA Y ARQUITECTURA,YICH,IC05,INGENIERÍA CIVIL EN COMPUTACIÓN E INFORMÁTICA PLAN 2017,14702,PROGRAMACION COMPUTACIONAL,30,nada mas.,Neutral,0.5957,Otro,0.5359,No detectado,0.0598,0.0266,0.0364
FACULTAD DE INGENIERIA Y ARQUITECTURA,YICH,IC05,INGENIERÍA CIVIL EN COMPUTACIÓN E INFORMÁTICA PLAN 2017,14702,PROGRAMACION COMPUTACIONAL,30,nada que decir.,Neutral,0.5090,Otro,0.8319,No detectado,0.0262,0.0117,0.0171
FACULTAD DE INGENIERIA Y ARQUITECTURA,YICH,IC05,INGENIERÍA CIVIL EN COMPUTACIÓN E INFORMÁTICA PLAN 2017,14702,PROGRAMACION COMPUTACIONAL,21,nada que incorporar.,Neutral,0.4863,Otro,0.9863,No detectado,0.0375,0.0086,0.0155
FACULTAD DE INGENIERIA Y ARQUITECTURA,YICH,IC05,INGENIERÍA CIVIL EN COMPUTACIÓN E INFORMÁTICA PLAN 2017,14702,PROGRAMACION COMPUTACIONAL,21,"nada, se aprende con el y tiene comprensión con los estudiantes.",Positivo,0.6054,Otro,0.9692,No detectado,0.0289,0.0096,0.0157
FACULTAD DE INGENIERIA Y ARQUITECTURA,YICH,IC05,INGENIERÍA CIVIL EN COMPUTACIÓN E INFORMÁTICA PLAN 2017,14702,PROGRAMACION COMPUTACIONAL,21,no.,Neutral,0.4675,Otro,0.5628,No detectado,0.0628,0.0154,0.0316
FACULTAD DE INGENIERIA Y ARQUITECTURA,YICH,IC05,INGENIERÍA CIVIL EN COMPUTACIÓN E INFORMÁTICA PLAN 2017,14702,PROGRAMACION COMPUTACIONAL,30,no.,Neutral,0.4675,Otro,0.5628,No detectado,0.0628,0.0154,0.0316
FACULTAD DE INGENIERIA Y ARQUITECTURA,YICH,IC05,INGENIERÍA CIVIL EN COMPUTACIÓN E INFORMÁTICA PLAN 2017,14702,PROGRAMACION COMPUTACIONAL,21,"no mucho que agregar, son buenas sus clases.",Positivo,0.9508,Alegría,0.5069,No detectado,0.0546,0.0087,0.0248
FACULTAD DE INGENIERIA Y ARQUITECTURA,YICH,IC05,INGENIERÍA CIVIL EN COMPUTACIÓN E INFORMÁTICA PLAN 2017,14702,PROGRAMACION COMPUTACIONAL,21,por lo general es buen profesor pero a veces las preguntas de evaluación no se entienden.,Neutral,0.5912,Otro,0.9941,No detectado,0.0157,0.0058,0.0087
FACULTAD DE INGENIERIA Y ARQUITECTURA,YICH,IC05,INGENIERÍA CIVIL EN COMPUTACIÓN E INFORMÁTICA PLAN 2017,14702,PROGRAMACION COMPUTACIONAL,21,profesor decente.,Neutral,0.4482,Otro,0.8914,No detectado,0.0402,0.0167,0.0207
FACULTAD DE INGENIERIA Y ARQUITECTURA,YICH,IC05,INGENIERÍA CIVIL EN COMPUTACIÓN E INFORMÁTICA PLAN 2017,14702,PROGRAMACION COMPUTACIONAL,21,profesor de taller deberia estar en misma altura de materia con catedra pero iba atrasado se le dijo que iba atrasado y no le tomo importancia por lo tanto no funciono de practica para la catedra y estar preparados para pruebas.,Negativo,0.8834,Otro,0.9909,No detectado,0.0475,0.0114,0.0213
FACULTAD DE INGENIERIA Y ARQUITECTURA,YICH,IC05,INGENIERÍA CIVIL EN COMPUTACIÓN E INFORMÁTICA PLAN 2017,14702,PROGRAMACION COMPUTACIONAL,21,"profesor que en comparacion al de teoria siempre estaba atrasado, respecto a las primeras dos experencias del laboratorio bien, pero despues del paro decidio poner en un taller tres notas, algo que encuentro incoherente ya que se supone que por un taller habia una nota, si hubiera mantenido una nota por taller lo recomendaria pero como hizo lo contrario no lo recomiendo ya que es llevado a su idea.",Negativo,0.8701,Ira,0.5245,No detectado,0.0610,0.0143,0.0285
FACULTAD DE INGENIERIA Y ARQUITECTURA,YICH,IC05,INGENIERÍA CIVIL EN COMPUTACIÓN E INFORMÁTICA PLAN 2017,14702,PROGRAMACION COMPUTACIONAL,21,que compre un cuaderno de caligrafía.,Neutral,0.7945,Otro,0.9834,No detectado,0.0928,0.0300,0.0292
FACULTAD DE INGENIERIA Y ARQUITECTURA,YICH,IC05,INGENIERÍA CIVIL EN COMPUTACIÓN E INFORMÁTICA PLAN 2017,14702,PROGRAMACION COMPUTACIONAL,21,siempre llega a la hora y trata de mantener a los alumnos lo más informados posible.,Positivo,0.5413,Otro,0.9941,No detectado,0.0155,0.0077,0.0086
FACULTAD DE INGENIERIA Y ARQUITECTURA,YICH,IC05,INGENIERÍA CIVIL EN COMPUTACIÓN E INFORMÁTICA PLAN 2017,14702,PROGRAMACION COMPUTACIONAL,30,sin comentarios.,Neutral,0.4468,Otro,0.6370,No detectado,0.0500,0.0090,0.0231
FACULTAD DE INGENIERIA Y ARQUITECTURA,YICH,CO05,INGENIERÍA EN CONSTRUCCIÓN PLAN 2017,14702,PROGRAMACION COMPUTACIONAL,30,su método de enseñanza quizás no es el mejor.,Neutral,0.5327,Otro,0.9802,No detectado,0.0134,0.0070,0.0101
FACULTAD DE INGENIERIA Y ARQUITECTURA,YICH,IC05,INGENIERÍA CIVIL EN COMPUTACIÓN E INFORMÁTICA PLAN 2017,14702,PROGRAMACION COMPUTACIONAL,21,"tiene conocimiento en su materia, pero muestra poca empatía hacia los problemas y preocupaciones de los estudiantes. una mayor comprensión y apoyo hacia las dificultades personales de los alumnos mejorarí­a el ambiente de aprendizaje.",Negativo,0.9133,Ira,0.8884,No detectado,0.0125,0.0043,0.0073
FACULTAD DE INGENIERIA Y ARQUITECTURA,YICH,IC05,INGENIERÍA CIVIL EN COMPUTACIÓN E INFORMÁTICA PLAN 2017,14702,PROGRAMACION COMPUTACIONAL,21,yo creo que entre mas pelao el profesor mejor hace clase.,Neutral,0.6907,Otro,0.9734,No detectado,0.1506,0.0260,0.0376
FACULTAD DE INGENIERIA Y ARQUITECTURA,OHGC,AR03,ARQUITECTURA PLAN 2015,11095,EP: FORMULACION Y GESTION DE PROYECTOS,10,"clase poco interactiva, muy densa para el horario en el que la universidad lo propone.",Negativo,0.9593,Otro,0.9481,No detectado,0.0618,0.0113,0.0222
FACULTAD DE INGENIERIA Y ARQUITECTURA,OHGC,AR03,ARQUITECTURA PLAN 2015,11095,EP: FORMULACION Y GESTION DE PROYECTOS,10,"excelente asignatura e información otorgada, complejo a nivel universitario y necesaria para el desarrollo de buenos profesorsionales.",Positivo,0.9558,Otro,0.6080,No detectado,0.0264,0.0080,0.0139
FACULTAD DE INGENIERIA Y ARQUITECTURA,OHGC,AR03,ARQUITECTURA PLAN 2015,11084,TALLER DE ANTEPROYECTO EN AREA DE PROFUNDIZACION,20,excelente asignatura y metodología de enseñanza.,Positivo,0.9720,Alegría,0.6742,No detectado,0.0159,0.0106,0.0124
FACULTAD DE INGENIERIA Y ARQUITECTURA,OHGC,AR03,ARQUITECTURA PLAN 2015,11083,INVESTIGACION PROYECTUAL EN AREA DE PROFUNDIZACION,20,excelente.,Positivo,0.8434,Alegría,0.9649,No detectado,0.0368,0.0149,0.0255
FACULTAD DE INGENIERIA Y ARQUITECTURA,OHGC,AR03,ARQUITECTURA PLAN 2015,11083,INVESTIGACION PROYECTUAL EN AREA DE PROFUNDIZACION,20,las metodologías de estudios y conceptos bases me han dado la base en mi formación académica.,Positivo,0.8327,Otro,0.9913,No detectado,0.0158,0.0079,0.0080
FACULTAD DE INGENIERIA Y ARQUITECTURA,OHGC,AR03,ARQUITECTURA PLAN 2015,11083,INVESTIGACION PROYECTUAL EN AREA DE PROFUNDIZACION,20,"me incorporé tarde, falto mas corrección.",Negativo,0.6108,Otro,0.9906,No detectado,0.0365,0.0121,0.0160
FACULTAD DE INGENIERIA Y ARQUITECTURA,OHGC,AR03,ARQUITECTURA PLAN 2015,11084,TALLER DE ANTEPROYECTO EN AREA DE PROFUNDIZACION,20,"me incorporé tarde, me falto corrección, sin embargo buen profesor.",Neutral,0.6420,Otro,0.9809,No detectado,0.0172,0.0105,0.0117
FACULTAD DE INGENIERIA Y ARQUITECTURA,OHGC,AR03,ARQUITECTURA PLAN 2015,11095,EP: FORMULACION Y GESTION DE PROYECTOS,10,muy buen profesor.,Positivo,0.9677,Alegría,0.9051,No detectado,0.0123,0.0104,0.0094
FACULTAD DE INGENIERIA Y ARQUITECTURA,OHGC,AR03,ARQUITECTURA PLAN 2015,11095,EP: FORMULACION Y GESTION DE PROYECTOS,10,muy buen profesor.,Positivo,0.9677,Alegría,0.9051,No detectado,0.0123,0.0104,0.0094
FACULTAD DE INGENIERIA Y ARQUITECTURA,OHGC,AR03,ARQUITECTURA PLAN 2015,11083,INVESTIGACION PROYECTUAL EN AREA DE PROFUNDIZACION,20,muy buen profesor.,Positivo,0.9677,Alegría,0.9051,No detectado,0.0123,0.0104,0.0094
FACULTAD DE INGENIERIA Y ARQUITECTURA,OHGC,AR03,ARQUITECTURA PLAN 2015,11084,TALLER DE ANTEPROYECTO EN AREA DE PROFUNDIZACION,20,muy buen profesor.,Positivo,0.9677,Alegría,0.9051,No detectado,0.0123,0.0104,0.0094
FACULTAD DE INGENIERIA Y ARQUITECTURA,OHGC,AR03,ARQUITECTURA PLAN 2015,11084,TALLER DE ANTEPROYECTO EN AREA DE PROFUNDIZACION,20,"muy buen profesor, 100% recomendado.",Positivo,0.9680,Alegría,0.7719,No detectado,0.0112,0.0087,0.0091
FACULTAD DE INGENIERIA Y ARQUITECTURA,OHGC,AR03,ARQUITECTURA PLAN 2015,11095,EP: FORMULACION Y GESTION DE PROYECTOS,10,ninguna.,Neutral,0.4918,Otro,0.5067,No detectado,0.1189,0.0590,0.0686
FACULTAD DE INGENIERIA Y ARQUITECTURA,OHGC,AR03,ARQUITECTURA PLAN 2015,11083,INVESTIGACION PROYECTUAL EN AREA DE PROFUNDIZACION,20,ninguna.,Neutral,0.4918,Otro,0.5067,No detectado,0.1189,0.0590,0.0686
FACULTAD DE INGENIERIA Y ARQUITECTURA,OHGC,AR03,ARQUITECTURA PLAN 2015,11084,TALLER DE ANTEPROYECTO EN AREA DE PROFUNDIZACION,20,ninguna.,Neutral,0.4918,Otro,0.5067,No detectado,0.1189,0.0590,0.0686
FACULTAD DE INGENIERIA Y ARQUITECTURA,OHGC,AR03,ARQUITECTURA PLAN 2015,11083,INVESTIGACION PROYECTUAL EN AREA DE PROFUNDIZACION,20,"no puedo opinar de este ramo ya que si bien lo inscribí, no lo cursé por asuntos personales.",Neutral,0.6009,Otro,0.9933,No detectado,0.0157,0.0066,0.0078
FACULTAD DE INGENIERIA Y ARQUITECTURA,OHGC,AR03,ARQUITECTURA PLAN 2015,11095,EP: FORMULACION Y GESTION DE PROYECTOS,10,ok.,Neutral,0.4487,Otro,0.8962,No detectado,0.0586,0.0223,0.0284
FACULTAD DE INGENIERIA Y ARQUITECTURA,OHGC,AR03,ARQUITECTURA PLAN 2015,11083,INVESTIGACION PROYECTUAL EN AREA DE PROFUNDIZACION,20,ok.,Neutral,0.4487,Otro,0.8962,No detectado,0.0586,0.0223,0.0284
FACULTAD DE INGENIERIA Y ARQUITECTURA,OHGC,AR03,ARQUITECTURA PLAN 2015,11084,TALLER DE ANTEPROYECTO EN AREA DE PROFUNDIZACION,20,ok.,Neutral,0.4487,Otro,0.8962,No detectado,0.0586,0.0223,0.0284
FACULTAD DE INGENIERIA Y ARQUITECTURA,OHGC,AR03,ARQUITECTURA PLAN 2015,11083,INVESTIGACION PROYECTUAL EN AREA DE PROFUNDIZACION,20,"profesor que no apoya a la búsqueda de soluciones a tiempos adversos en los estudiantes, típico pensante que la depresión es flojera. ignora correos.",Negativo,0.9741,Otro,0.8293,No detectado,0.0334,0.0099,0.0198
FACULTAD DE INGENIERIA Y ARQUITECTURA,OHGC,AR03,ARQUITECTURA PLAN 2015,11084,TALLER DE ANTEPROYECTO EN AREA DE PROFUNDIZACION,20,"profesor que no apoya a la búsqueda de soluciones a tiempos adversos en los estudiantes, típico pensante que la depresión es flojera. ignora correos.",Negativo,0.9741,Otro,0.8293,No detectado,0.0334,0.0099,0.0198
FACULTAD DE INGENIERIA Y ARQUITECTURA,OHGC,AR03,ARQUITECTURA PLAN 2015,11095,EP: FORMULACION Y GESTION DE PROYECTOS,10,"si bien inscribí­ el ramo, decidí no continuarlo.",Neutral,0.7562,Otro,0.9929,No detectado,0.0131,0.0064,0.0083
FACULTAD DE INGENIERIA Y ARQUITECTURA,OHGC,AR03,ARQUITECTURA PLAN 2015,11084,TALLER DE ANTEPROYECTO EN AREA DE PROFUNDIZACION,20,"si bien inscribí­ el ramo, no lo cursé.",Neutral,0.5885,Otro,0.9859,No detectado,0.0265,0.0102,0.0125
FACULTAD DE INGENIERIA Y ARQUITECTURA,OHGC,AR03,ARQUITECTURA PLAN 2015,11095,EP: FORMULACION Y GESTION DE PROYECTOS,10,sin comentarios.,Neutral,0.4468,Otro,0.6370,No detectado,0.0500,0.0090,0.0231
FACULTAD DE INGENIERIA Y ARQUITECTURA,OHGC,AR03,ARQUITECTURA PLAN 2015,11083,INVESTIGACION PROYECTUAL EN AREA DE PROFUNDIZACION,20,sin comentarios.,Neutral,0.4468,Otro,0.6370,No detectado,0.0500,0.0090,0.0231
FACULTAD DE INGENIERIA Y ARQUITECTURA,OHGC,AR03,ARQUITECTURA PLAN 2015,11084,TALLER DE ANTEPROYECTO EN AREA DE PROFUNDIZACION,20,sin mas que añadir.,Neutral,0.4007,Alegría,0.6326,No detectado,0.0190,0.0141,0.0135
FACULTAD DE INGENIERIA Y ARQUITECTURA,MLGC,AR03,ARQUITECTURA PLAN 2015,11012,GEOMETRIA APLICADA A LA ARQUITECTURA,20,al principio de el semestre el profesor no respetó las horas autónomas ya que en este ramo no tenemos pero el de jgual manera nos mandó una actividad en la cual no nos dio tiempo para realizar en la clase.,Negativo,0.9539,Otro,0.9844,No detectado,0.0392,0.0077,0.0155
FACULTAD DE INGENIERIA Y ARQUITECTURA,MLGC,AR03,ARQUITECTURA PLAN 2015,11012,GEOMETRIA APLICADA A LA ARQUITECTURA,10,aprende­ mucho y siempre resolví­a mis dudas.,Positivo,0.5102,Otro,0.6578,No detectado,0.0216,0.0142,0.0131
FACULTAD DE INGENIERIA Y ARQUITECTURA,MLGC,AR03,ARQUITECTURA PLAN 2015,11012,GEOMETRIA APLICADA A LA ARQUITECTURA,10,aprende­ muy bien con el profesor.,Positivo,0.9242,Otro,0.9003,No detectado,0.0214,0.0139,0.0121
FACULTAD DE INGENIERIA Y ARQUITECTURA,MLGC,AR03,ARQUITECTURA PLAN 2015,11012,GEOMETRIA APLICADA A LA ARQUITECTURA,20,aprendi con sus metodos de enseñanza.,Positivo,0.7221,Otro,0.5512,No detectado,0.0240,0.0141,0.0142
FACULTAD DE INGENIERIA Y ARQUITECTURA,MLGC,AR03,ARQUITECTURA PLAN 2015,11012,GEOMETRIA APLICADA A LA ARQUITECTURA,10,bastante práctico y didáctico su método de aprendizaje.,Positivo,0.9486,Otro,0.9583,No detectado,0.0135,0.0070,0.0098
FACULTAD DE INGENIERIA Y ARQUITECTURA,MLGC,AR03,ARQUITECTURA PLAN 2015,11012,GEOMETRIA APLICADA A LA ARQUITECTURA,10,buen profesor.,Positivo,0.8798,Alegría,0.6186,No detectado,0.0201,0.0141,0.0145
FACULTAD DE INGENIERIA Y ARQUITECTURA,MLGC,AR03,ARQUITECTURA PLAN 2015,11012,GEOMETRIA APLICADA A LA ARQUITECTURA,20,buen profesor que trata de enseñar y ayuda al que no entiende.,Neutral,0.4512,Otro,0.9076,No detectado,0.0151,0.0119,0.0124
FACULTAD DE INGENIERIA Y ARQUITECTURA,MLGC,AR03,ARQUITECTURA PLAN 2015,11178,EFG: INNOVACION SUSTENTABLE,10,buen profesor.,Positivo,0.8798,Alegría,0.6186,No detectado,0.0201,0.0141,0.0145
FACULTAD DE INGENIERIA Y ARQUITECTURA,MLGC,AR03,ARQUITECTURA PLAN 2015,11012,GEOMETRIA APLICADA A LA ARQUITECTURA,10,buen profesor.,Positivo,0.8798,Alegría,0.6186,No detectado,0.0201,0.0141,0.0145
FACULTAD DE INGENIERIA Y ARQUITECTURA,MLGC,AR03,ARQUITECTURA PLAN 2015,11012,GEOMETRIA APLICADA A LA ARQUITECTURA,10,buen profesor.,Positivo,0.8798,Alegría,0.6186,No detectado,0.0201,0.0141,0.0145
FACULTAD DE INGENIERIA Y ARQUITECTURA,MLGC,AR03,ARQUITECTURA PLAN 2015,11012,GEOMETRIA APLICADA A LA ARQUITECTURA,10,buen profesor.,Positivo,0.8798,Alegría,0.6186,No detectado,0.0201,0.0141,0.0145
FACULTAD DE INGENIERIA Y ARQUITECTURA,MLGC,AR03,ARQUITECTURA PLAN 2015,11012,GEOMETRIA APLICADA A LA ARQUITECTURA,10,buen profesor y muy considerado con los estudiantes.,Positivo,0.9599,Otro,0.7253,No detectado,0.0134,0.0109,0.0090
FACULTAD DE INGENIERIA Y ARQUITECTURA,MLGC,AR03,ARQUITECTURA PLAN 2015,11012,GEOMETRIA APLICADA A LA ARQUITECTURA,20,"buen profesor, explica bien y se da el tiempo de enseñar.",Positivo,0.9620,Otro,0.5426,No detectado,0.0117,0.0114,0.0093
FACULTAD DE INGENIERIA Y ARQUITECTURA,MLGC,AR03,ARQUITECTURA PLAN 2015,11178,EFG: INNOVACION SUSTENTABLE,10,"buen profesor, hace entretenida la clase. trabajos agradables en su mayoria.",Positivo,0.9787,Alegría,0.8085,No detectado,0.0189,0.0060,0.0104
FACULTAD DE INGENIERIA Y ARQUITECTURA,MLGC,AR03,ARQUITECTURA PLAN 2015,11012,GEOMETRIA APLICADA A LA ARQUITECTURA,10,"buen profesor, me gustó la metodología que utilizó para que entendiéramos y aprendiéramos.",Positivo,0.9649,Otro,0.9373,No detectado,0.0135,0.0097,0.0089
FACULTAD DE INGENIERIA Y ARQUITECTURA,MLGC,AR03,ARQUITECTURA PLAN 2015,11012,GEOMETRIA APLICADA A LA ARQUITECTURA,10,"buen profesor, se entiende de una manera clara y sencilla lo que nos quiere explicar.",Positivo,0.9597,Otro,0.8496,No detectado,0.0143,0.0083,0.0079
FACULTAD DE INGENIERIA Y ARQUITECTURA,MLGC,AR03,ARQUITECTURA PLAN 2015,11012,GEOMETRIA APLICADA A LA ARQUITECTURA,20,"buena curso en general, con buenos profesores, lo unico que es la entrega de notas de los momentos.",Positivo,0.9551,Alegría,0.9215,No detectado,0.0241,0.0062,0.0119
FACULTAD DE INGENIERIA Y ARQUITECTURA,MLGC,AR03,ARQUITECTURA PLAN 2015,11012,GEOMETRIA APLICADA A LA ARQUITECTURA,20,"buena metodología, me gustan los controles a inicio de cada clase ya que se asegura de que se haya aprendido la materia.",Positivo,0.9629,Otro,0.7645,No detectado,0.0160,0.0067,0.0077
FACULTAD DE INGENIERIA Y ARQUITECTURA,MLGC,AR03,ARQUITECTURA PLAN 2015,11012,GEOMETRIA APLICADA A LA ARQUITECTURA,20,buenas.,Positivo,0.5579,Otro,0.5808,No detectado,0.0739,0.0216,0.0470
FACULTAD DE INGENIERIA Y ARQUITECTURA,MLGC,AR03,ARQUITECTURA PLAN 2015,11012,GEOMETRIA APLICADA A LA ARQUITECTURA,20,clases algo confusas pero dinámicas.,Neutral,0.5429,Otro,0.9765,No detectado,0.0924,0.0063,0.0297
FACULTAD DE INGENIERIA Y ARQUITECTURA,MLGC,AR03,ARQUITECTURA PLAN 2015,11178,EFG: INNOVACION SUSTENTABLE,10,clases vací­as donde se generaba un ambiente incomodo en ocasiones.,Negativo,0.9708,Otro,0.8868,No detectado,0.0675,0.0042,0.0217
FACULTAD DE INGENIERIA Y ARQUITECTURA,MLGC,AR03,ARQUITECTURA PLAN 2015,11012,GEOMETRIA APLICADA A LA ARQUITECTURA,10,"debería mandar rúbrica para las evaluaciones, así podemos estar un poco más conscientes de lo que se evaluará, y en qué nos equivocamos.",Neutral,0.6689,Otro,0.9806,No detectado,0.0294,0.0042,0.0105
FACULTAD DE INGENIERIA Y ARQUITECTURA,MLGC,AR03,ARQUITECTURA PLAN 2015,11012,GEOMETRIA APLICADA A LA ARQUITECTURA,20,el método de evaluación del profesor es agradable ya que permite que haya retroalimentación con las clases pasadas.,Positivo,0.9407,Otro,0.9491,No detectado,0.0128,0.0066,0.0074
FACULTAD DE INGENIERIA Y ARQUITECTURA,MLGC,AR03,ARQUITECTURA PLAN 2015,11012,GEOMETRIA APLICADA A LA ARQUITECTURA,20,"el profesor fue muy amable y comprensivo ante muchas situaciones, estaba dispuesto a conversar y explicar todos los trabajos aun asi fueran fuera del horario de la clase correspondiente.",Positivo,0.8308,Otro,0.9940,No detectado,0.0144,0.0064,0.0083
FACULTAD DE INGENIERIA Y ARQUITECTURA,MLGC,AR03,ARQUITECTURA PLAN 2015,11012,GEOMETRIA APLICADA A LA ARQUITECTURA,10,"el profesor hace muy bien la clase, si es que yo tenia una duda el me la resolví­a con todo el interés y la buena disposición. lo unico que no rescato de esta materia es el ayudante, que la verdad era bien pesado para resolverte las dudas.",Positivo,0.7561,Otro,0.9497,No detectado,0.0469,0.0163,0.0273
FACULTAD DE INGENIERIA Y ARQUITECTURA,MLGC,PJ01,ARQUITECTURA DEL PAISAJE (PLAN 2007),4910,HISTORIA Y TEORIA I,10,el profesor hace muy entretenidas las clases y eficientes para el aprendizaje.,Positivo,0.9723,Otro,0.9361,No detectado,0.0178,0.0041,0.0086
FACULTAD DE INGENIERIA Y ARQUITECTURA,MLGC,AR03,ARQUITECTURA PLAN 2015,11012,GEOMETRIA APLICADA A LA ARQUITECTURA,20,"el profesor miguel garcí­a se muestra amable y respetuoso con sus estudiantes, también se nota un claro conocimiento en la materia geometrí­a aplicada a la arquitectura, personalmente creo que solo faltarí­a mas clases de repaso sobre ciertos temas de la materia antes de saltar de inmediato a un ensayo o al cambio de tema.",Positivo,0.9126,Otro,0.9949,No detectado,0.0119,0.0046,0.0068
FACULTAD DE INGENIERIA Y ARQUITECTURA,MLGC,PJ01,ARQUITECTURA DEL PAISAJE (PLAN 2007),4910,HISTORIA Y TEORIA I,10,el profesor priorizó que pusiéramos en práctica el contenido bajo nuestros propios términos.,Neutral,0.7622,Otro,0.9969,No detectado,0.0132,0.0060,0.0069
FACULTAD DE INGENIERIA Y ARQUITECTURA,MLGC,AR03,ARQUITECTURA PLAN 2015,11012,GEOMETRIA APLICADA A LA ARQUITECTURA,10,"el profesor se comporta de forma agradable por lo que creo que sea dificil que le caiga mal a alguien, además logra hacer que sus clases sean interesantes y motivan el aprendizaje.",Positivo,0.9273,Otro,0.9133,No detectado,0.0147,0.0049,0.0071
FACULTAD DE INGENIERIA Y ARQUITECTURA,MLGC,AR03,ARQUITECTURA PLAN 2015,11012,GEOMETRIA APLICADA A LA ARQUITECTURA,20,el profesor se preocupaba mucho si entendíamos bien la materia y si no se daba el tiempo de volver a explicar a las personas que no llegaban a entender muy bien.,Negativo,0.6440,Otro,0.9898,No detectado,0.0264,0.0071,0.0130
FACULTAD DE INGENIERIA Y ARQUITECTURA,MLGC,AR03,ARQUITECTURA PLAN 2015,11012,GEOMETRIA APLICADA A LA ARQUITECTURA,20,el profesor tiene una buena metodología de enseñanza por lo que no se me dificulto aprender.,Positivo,0.9285,Otro,0.9936,No detectado,0.0139,0.0083,0.0077
FACULTAD DE INGENIERIA Y ARQUITECTURA,MLGC,PJ01,ARQUITECTURA DEL PAISAJE (PLAN 2007),4910,HISTORIA Y TEORIA I,10,"en esta materia aprende­ mucho, el profesor y su ayudante son muy preocupados y comprensibles, los amo.",Positivo,0.9773,Alegría,0.9912,No detectado,0.0178,0.0051,0.0132
FACULTAD DE INGENIERIA Y ARQUITECTURA,MLGC,AR03,ARQUITECTURA PLAN 2015,11012,GEOMETRIA APLICADA A LA ARQUITECTURA,20,enseña de forma dinamica y entretenida.,Positivo,0.9127,Otro,0.8752,No detectado,0.0385,0.0182,0.0218
FACULTAD DE INGENIERIA Y ARQUITECTURA,MLGC,AR03,ARQUITECTURA PLAN 2015,11012,GEOMETRIA APLICADA A LA ARQUITECTURA,10,es muy amable y se muestra el interés de que en verdad ayamos aprendido.,Positivo,0.9539,Alegría,0.8589,No detectado,0.0113,0.0116,0.0075
FACULTAD DE INGENIERIA Y ARQUITECTURA,MLGC,AR03,ARQUITECTURA PLAN 2015,11012,GEOMETRIA APLICADA A LA ARQUITECTURA,10,"es muy buen profesor, explicando cualquier tema a enseña.",Positivo,0.9666,Otro,0.7930,No detectado,0.0103,0.0105,0.0071
FACULTAD DE INGENIERIA Y ARQUITECTURA,MLGC,AR03,ARQUITECTURA PLAN 2015,11012,GEOMETRIA APLICADA A LA ARQUITECTURA,20,es un profesor el cual realmente se preocupa por el rendimiento del estudiante.,Positivo,0.8669,Otro,0.9607,No detectado,0.0137,0.0082,0.0064
FACULTAD DE INGENIERIA Y ARQUITECTURA,MLGC,AR03,ARQUITECTURA PLAN 2015,11012,GEOMETRIA APLICADA A LA ARQUITECTURA,10,este curso me ayudó bastante en lo que era el comprender las matemáticas básicas en la arquitectura.,Positivo,0.9021,Otro,0.5554,No detectado,0.0128,0.0062,0.0068
FACULTAD DE INGENIERIA Y ARQUITECTURA,MLGC,PJ01,ARQUITECTURA DEL PAISAJE (PLAN 2007),4910,HISTORIA Y TEORIA I,10,"este semestre tuve la suerte de contar con un profesor excepcional. su profesorsionalismo y dedicación fueron evidentes en cada clase. aunque implementó actividades distintas a lo convencional, como crear un reel de instagram y un blog en blogger, estas innovaciones enriquecieron nuestro aprendizaje. además, a pesar de sus múltiples compromisos, siempre estuvo presente y disponible para nosotros, asegurándose de que entendiéramos los temas y nos sintiéramos apoyados.",Positivo,0.9334,Alegría,0.9849,No detectado,0.0144,0.0052,0.0080
FACULTAD DE INGENIERIA Y ARQUITECTURA,MLGC,AR03,ARQUITECTURA PLAN 2015,11178,EFG: INNOVACION SUSTENTABLE,10,"excelente asignatura, recursos y metodología de enseñanza, el profesor excelente persona, muy amable y flexible con el alumno para potenciar el rendimiento personal.",Positivo,0.9709,Alegría,0.9824,No detectado,0.0105,0.0079,0.0079
FACULTAD DE INGENIERIA Y ARQUITECTURA,MLGC,AR03,ARQUITECTURA PLAN 2015,11012,GEOMETRIA APLICADA A LA ARQUITECTURA,20,excelente experiencia con docente y ayudante.,Positivo,0.9685,Alegría,0.9634,No detectado,0.0128,0.0101,0.0106
FACULTAD DE INGENIERIA Y ARQUITECTURA,MLGC,PJ01,ARQUITECTURA DEL PAISAJE (PLAN 2007),4910,HISTORIA Y TEORIA I,10,excelente profesor.,Positivo,0.9060,Alegría,0.9409,No detectado,0.0124,0.0121,0.0102
FACULTAD DE INGENIERIA Y ARQUITECTURA,MLGC,PJ01,ARQUITECTURA DEL PAISAJE (PLAN 2007),4910,HISTORIA Y TEORIA I,10,"excelente profesor, el y con su ayudante han sido un 7, explican bien la materia, cualquier duda la resuelven, muy atentos con cada estudiante, solamente siento que las ultimas actividades estuvieron fuera de lo que trataba la asignatura, pero fuera de eso son grandes docentes.",Positivo,0.9743,Alegría,0.9590,No detectado,0.0181,0.0050,0.0106
FACULTAD DE INGENIERIA Y ARQUITECTURA,MLGC,AR03,ARQUITECTURA PLAN 2015,11012,GEOMETRIA APLICADA A LA ARQUITECTURA,10,"excelente profesor, totalmente responsable con fechas y su horario.",Positivo,0.9478,Otro,0.9353,No detectado,0.0145,0.0093,0.0087
FACULTAD DE INGENIERIA Y ARQUITECTURA,MLGC,AR03,ARQUITECTURA PLAN 2015,11012,GEOMETRIA APLICADA A LA ARQUITECTURA,20,gran profesor.,Positivo,0.8978,Alegría,0.5446,No detectado,0.0136,0.0122,0.0107
FACULTAD DE INGENIERIA Y ARQUITECTURA,MLGC,AR03,ARQUITECTURA PLAN 2015,11012,GEOMETRIA APLICADA A LA ARQUITECTURA,20,"hay un buen trato de parte del profesor como del ayudante para explicar cada clase, las clases con los controles iniciales fomentan el repaso de los aprendizajes de clases pasadas, me parece un buen método de enseñanza, hace falta coordinación a la entrega de los resultados de las evaluaciones.",Positivo,0.9013,Otro,0.9740,No detectado,0.0185,0.0049,0.0093
FACULTAD DE INGENIERIA Y ARQUITECTURA,MLGC,PJ01,ARQUITECTURA DEL PAISAJE (PLAN 2007),4910,HISTORIA Y TEORIA I,10,la ayudante del profesor no explica.,Negativo,0.8801,Otro,0.9958,No detectado,0.4091,0.1334,0.1274
FACULTAD DE INGENIERIA Y ARQUITECTURA,MLGC,PJ01,ARQUITECTURA DEL PAISAJE (PLAN 2007),4910,HISTORIA Y TEORIA I,10,las clases del profesor y en la manera que enseña pareciera ser únicas y muy interesantes por el lado de la asignatura.,Positivo,0.9481,Otro,0.9962,No detectado,0.0230,0.0052,0.0112
FACULTAD DE INGENIERIA Y ARQUITECTURA,MLGC,PJ01,ARQUITECTURA DEL PAISAJE (PLAN 2007),4910,HISTORIA Y TEORIA I,10,las clases eran mayormente desarrollada por la profesora asistente.,Neutral,0.8403,Otro,0.9957,No detectado,0.0788,0.0161,0.0218
FACULTAD DE INGENIERIA Y ARQUITECTURA,MLGC,PJ01,ARQUITECTURA DEL PAISAJE (PLAN 2007),4910,HISTORIA Y TEORIA I,10,las evaluaciones son creativas.,Positivo,0.9000,Otro,0.9824,No detectado,0.1015,0.0057,0.0227
FACULTAD DE INGENIERIA Y ARQUITECTURA,MLGC,AR03,ARQUITECTURA PLAN 2015,11012,GEOMETRIA APLICADA A LA ARQUITECTURA,20,me agradaron sus clases.,Positivo,0.9663,Alegría,0.7906,No detectado,0.0377,0.0102,0.0178
FACULTAD DE INGENIERIA Y ARQUITECTURA,MLGC,AR03,ARQUITECTURA PLAN 2015,11012,GEOMETRIA APLICADA A LA ARQUITECTURA,10,me encanto.,Positivo,0.9387,Alegría,0.9530,No detectado,0.0367,0.0260,0.0218
FACULTAD DE INGENIERIA Y ARQUITECTURA,MLGC,PJ01,ARQUITECTURA DEL PAISAJE (PLAN 2007),4910,HISTORIA Y TEORIA I,10,me gusta como enseña el profesor y sus trabajos son bastante entretenidos.,Positivo,0.9784,Alegría,0.9609,No detectado,0.0159,0.0049,0.0106
FACULTAD DE INGENIERIA Y ARQUITECTURA,MLGC,AR03,ARQUITECTURA PLAN 2015,11012,GEOMETRIA APLICADA A LA ARQUITECTURA,20,me gusta como es la manera de enseñar del profesor.,Positivo,0.9683,Alegría,0.8569,No detectado,0.0161,0.0158,0.0099
FACULTAD DE INGENIERIA Y ARQUITECTURA,MLGC,AR03,ARQUITECTURA PLAN 2015,11012,GEOMETRIA APLICADA A LA ARQUITECTURA,20,me gusta la metodología de este profesor.,Positivo,0.9713,Otro,0.4939,No detectado,0.0155,0.0120,0.0090
FACULTAD DE INGENIERIA Y ARQUITECTURA,MLGC,AR03,ARQUITECTURA PLAN 2015,11012,GEOMETRIA APLICADA A LA ARQUITECTURA,10,"me gusta la metodología del profesor , comprendí­ lo que nos querí­a enseñar.",Positivo,0.9529,Alegría,0.8443,No detectado,0.0133,0.0143,0.0078
FACULTAD DE INGENIERIA Y ARQUITECTURA,MLGC,AR03,ARQUITECTURA PLAN 2015,11012,GEOMETRIA APLICADA A LA ARQUITECTURA,10,"me gusta su clase, es buen profesor.",Positivo,0.9769,Alegría,0.9460,No detectado,0.0130,0.0144,0.0095
FACULTAD DE INGENIERIA Y ARQUITECTURA,MLGC,AR03,ARQUITECTURA PLAN 2015,11012,GEOMETRIA APLICADA A LA ARQUITECTURA,20,me gustó mucho como profesor.,Positivo,0.9762,Alegría,0.9646,No detectado,0.0114,0.0146,0.0084
FACULTAD DE INGENIERIA Y ARQUITECTURA,MLGC,AR03,ARQUITECTURA PLAN 2015,11012,GEOMETRIA APLICADA A LA ARQUITECTURA,10,"me gustaba mucho que todas las clases teníamos que hacer controles sobre lo explicado la clase anterior, eso facilito mi aprendizaje.",Positivo,0.7636,Alegría,0.6794,No detectado,0.0192,0.0071,0.0085
FACULTAD DE INGENIERIA Y ARQUITECTURA,MLGC,AR03,ARQUITECTURA PLAN 2015,11012,GEOMETRIA APLICADA A LA ARQUITECTURA,20,me gusto el metodo de enseñanza del profesor y hacer los controles ya que iban recordando la materia que ibamos pasando y a la vez avanzando con cosas nuevas.,Positivo,0.9628,Otro,0.6131,No detectado,0.0274,0.0062,0.0116
FACULTAD DE INGENIERIA Y ARQUITECTURA,MLGC,AR03,ARQUITECTURA PLAN 2015,11012,GEOMETRIA APLICADA A LA ARQUITECTURA,20,mucha paciencia.,Positivo,0.5210,Otro,0.7591,No detectado,0.0322,0.0110,0.0167
FACULTAD DE INGENIERIA Y ARQUITECTURA,MLGC,AR03,ARQUITECTURA PLAN 2015,11012,GEOMETRIA APLICADA A LA ARQUITECTURA,20,muy bien profesor lo quiero.,Positivo,0.9696,Alegría,0.9745,No detectado,0.0116,0.0124,0.0100
FACULTAD DE INGENIERIA Y ARQUITECTURA,MLGC,AR03,ARQUITECTURA PLAN 2015,11012,GEOMETRIA APLICADA A LA ARQUITECTURA,10,muy bien profesor enseña bien y se devuelve a explicar.,Positivo,0.9627,Alegría,0.7109,No detectado,0.0240,0.0143,0.0155
FACULTAD DE INGENIERIA Y ARQUITECTURA,MLGC,AR03,ARQUITECTURA PLAN 2015,11012,GEOMETRIA APLICADA A LA ARQUITECTURA,10,muy buen docente logre un verdadero aprendizaje en las unidades sin embargo el ayudante de este semestre pablo ramirez no me gusto tanto ya que no encontré que tuviera buena disposición al ayudar a los estudiantes que cursan el ramo.,Negativo,0.7874,Otro,0.9046,No detectado,0.0135,0.0064,0.0081
FACULTAD DE INGENIERIA Y ARQUITECTURA,MLGC,AR03,ARQUITECTURA PLAN 2015,11012,GEOMETRIA APLICADA A LA ARQUITECTURA,10,muy buen profesor.,Positivo,0.9677,Alegría,0.9051,No detectado,0.0123,0.0104,0.0094
FACULTAD DE INGENIERIA Y ARQUITECTURA,MLGC,PJ01,ARQUITECTURA DEL PAISAJE (PLAN 2007),4910,HISTORIA Y TEORIA I,10,muy buen profesor.,Positivo,0.9677,Alegría,0.9051,No detectado,0.0123,0.0104,0.0094
FACULTAD DE INGENIERIA Y ARQUITECTURA,MLGC,AR03,ARQUITECTURA PLAN 2015,11012,GEOMETRIA APLICADA A LA ARQUITECTURA,20,muy buen profesor para la materia.,Positivo,0.9230,Otro,0.9843,No detectado,0.0195,0.0099,0.0089
FACULTAD DE INGENIERIA Y ARQUITECTURA,MLGC,PJ01,ARQUITECTURA DEL PAISAJE (PLAN 2007),4910,HISTORIA Y TEORIA I,10,"muy buen profesor, interesante.",Positivo,0.9688,Otro,0.5526,No detectado,0.0117,0.0090,0.0096
FACULTAD DE INGENIERIA Y ARQUITECTURA,MLGC,AR03,ARQUITECTURA PLAN 2015,11012,GEOMETRIA APLICADA A LA ARQUITECTURA,10,"muy buen profesor, se nota que le gusta su trabajo.",Positivo,0.9784,Alegría,0.8351,No detectado,0.0108,0.0095,0.0074
FACULTAD DE INGENIERIA Y ARQUITECTURA,MLGC,AR03,ARQUITECTURA PLAN 2015,11178,EFG: INNOVACION SUSTENTABLE,10,muy buen profesor.,Positivo,0.9677,Alegría,0.9051,No detectado,0.0123,0.0104,0.0094
FACULTAD DE INGENIERIA Y ARQUITECTURA,MLGC,AR03,ARQUITECTURA PLAN 2015,11012,GEOMETRIA APLICADA A LA ARQUITECTURA,20,muy buen profesor.,Positivo,0.9677,Alegría,0.9051,No detectado,0.0123,0.0104,0.0094
FACULTAD DE INGENIERIA Y ARQUITECTURA,MLGC,AR03,ARQUITECTURA PLAN 2015,11012,GEOMETRIA APLICADA A LA ARQUITECTURA,10,muy buen profesor.,Positivo,0.9677,Alegría,0.9051,No detectado,0.0123,0.0104,0.0094
FACULTAD DE INGENIERIA Y ARQUITECTURA,MLGC,PJ01,ARQUITECTURA DEL PAISAJE (PLAN 2007),4910,HISTORIA Y TEORIA I,10,muy buen profesor.,Positivo,0.9677,Alegría,0.9051,No detectado,0.0123,0.0104,0.0094
FACULTAD DE INGENIERIA Y ARQUITECTURA,MLGC,PJ01,ARQUITECTURA DEL PAISAJE (PLAN 2007),4910,HISTORIA Y TEORIA I,10,muy buen profesor.,Positivo,0.9677,Alegría,0.9051,No detectado,0.0123,0.0104,0.0094
FACULTAD DE INGENIERIA Y ARQUITECTURA,MLGC,PJ01,ARQUITECTURA DEL PAISAJE (PLAN 2007),4910,HISTORIA Y TEORIA I,10,muy buen profesor su manera de enseñar es muy buena y muy practica.,Positivo,0.9757,Alegría,0.8514,No detectado,0.0313,0.0310,0.0222
FACULTAD DE INGENIERIA Y ARQUITECTURA,MLGC,AR03,ARQUITECTURA PLAN 2015,11012,GEOMETRIA APLICADA A LA ARQUITECTURA,20,"muy buen profesor tiene mucho interés por enseñar y su dedicación siempre fue notoria, cada vez que necesite ayuda el fue el primero en enseñarme.",Positivo,0.9638,Alegría,0.9596,No detectado,0.0091,0.0111,0.0073
FACULTAD DE INGENIERIA Y ARQUITECTURA,MLGC,AR03,ARQUITECTURA PLAN 2015,11178,EFG: INNOVACION SUSTENTABLE,10,"muy buen profesor, bastante amable, aunque reprobé el ramo por algunos problemas.",Positivo,0.9447,Alegría,0.6105,No detectado,0.0162,0.0092,0.0099
FACULTAD DE INGENIERIA Y ARQUITECTURA,MLGC,AR03,ARQUITECTURA PLAN 2015,11012,GEOMETRIA APLICADA A LA ARQUITECTURA,20,"muy buen profesor, hace la clase amena y se esmera en que todos entiendan.",Positivo,0.9670,Alegría,0.6596,No detectado,0.0124,0.0102,0.0087
FACULTAD DE INGENIERIA Y ARQUITECTURA,MLGC,AR03,ARQUITECTURA PLAN 2015,11012,GEOMETRIA APLICADA A LA ARQUITECTURA,20,"muy buen profesor, sabe enseñar con mucha paciencia.",Positivo,0.9757,Alegría,0.9282,No detectado,0.0120,0.0102,0.0080
FACULTAD DE INGENIERIA Y ARQUITECTURA,MLGC,AR03,ARQUITECTURA PLAN 2015,11012,GEOMETRIA APLICADA A LA ARQUITECTURA,20,"muy buen profesor, se preocupa de que sus alumnos entiendan y aprendan sus materias.",Positivo,0.9669,Alegría,0.8489,No detectado,0.0131,0.0062,0.0075
FACULTAD DE INGENIERIA Y ARQUITECTURA,MLGC,AR03,ARQUITECTURA PLAN 2015,11012,GEOMETRIA APLICADA A LA ARQUITECTURA,20,"muy buen profesor, si lo necesitas te vuelve a explicar hasta que logres entender, nada mas que decir.",Positivo,0.9351,Alegría,0.5056,No detectado,0.0097,0.0084,0.0068
FACULTAD DE INGENIERIA Y ARQUITECTURA,MLGC,AR03,ARQUITECTURA PLAN 2015,11012,GEOMETRIA APLICADA A LA ARQUITECTURA,20,"muy buen profesor, tiene mucha paciencia al explicar lo que uno no entendió, y las explica las veces que sea necesaria.",Positivo,0.9551,Otro,0.8601,No detectado,0.0230,0.0086,0.0112
FACULTAD DE INGENIERIA Y ARQUITECTURA,MLGC,PJ01,ARQUITECTURA DEL PAISAJE (PLAN 2007),4910,HISTORIA Y TEORIA I,10,"muy buen profesor. sus métodos de evaluación son fuera de lo cotidiano, lo que los hace más llevaderos y con resultados de mayor aprendizaje.",Positivo,0.9391,Otro,0.9007,No detectado,0.0159,0.0044,0.0095
FACULTAD DE INGENIERIA Y ARQUITECTURA,MLGC,AR03,ARQUITECTURA PLAN 2015,11012,GEOMETRIA APLICADA A LA ARQUITECTURA,20,muy weno.,Positivo,0.8538,Otro,0.6389,No detectado,0.0329,0.0137,0.0230
FACULTAD DE INGENIERIA Y ARQUITECTURA,MLGC,AR03,ARQUITECTURA PLAN 2015,11012,GEOMETRIA APLICADA A LA ARQUITECTURA,20,nada.,Neutral,0.4837,Otro,0.8243,No detectado,0.0509,0.0136,0.0305
FACULTAD DE INGENIERIA Y ARQUITECTURA,MLGC,AR03,ARQUITECTURA PLAN 2015,11012,GEOMETRIA APLICADA A LA ARQUITECTURA,10,nada que decir.,Neutral,0.5090,Otro,0.8319,No detectado,0.0262,0.0117,0.0171
FACULTAD DE INGENIERIA Y ARQUITECTURA,MLGC,AR03,ARQUITECTURA PLAN 2015,11012,GEOMETRIA APLICADA A LA ARQUITECTURA,20,no hay nada que agregar.,Neutral,0.5624,Otro,0.9043,No detectado,0.0231,0.0123,0.0124
FACULTAD DE INGENIERIA Y ARQUITECTURA,MLGC,AR03,ARQUITECTURA PLAN 2015,11012,GEOMETRIA APLICADA A LA ARQUITECTURA,20,no tengo comentarios.,Negativo,0.5232,Otro,0.7242,No detectado,0.0321,0.0071,0.0184
FACULTAD DE INGENIERIA Y ARQUITECTURA,MLGC,PJ01,ARQUITECTURA DEL PAISAJE (PLAN 2007),4910,HISTORIA Y TEORIA I,10,nos mantenia al tanto con el portafolio.,Neutral,0.7925,Otro,0.9933,No detectado,0.0256,0.0078,0.0099
FACULTAD DE INGENIERIA Y ARQUITECTURA,MLGC,AR03,ARQUITECTURA PLAN 2015,11012,GEOMETRIA APLICADA A LA ARQUITECTURA,10,profesor humilde con grandes capacidades para desarrollar trabajos en conjunto.,Positivo,0.9010,Otro,0.9682,No detectado,0.0163,0.0067,0.0079
FACULTAD DE INGENIERIA Y ARQUITECTURA,MLGC,AR03,ARQUITECTURA PLAN 2015,11012,GEOMETRIA APLICADA A LA ARQUITECTURA,20,"profesor miguel es muy dedicado a entregar los conocimientos en este ramo de geometrí­a, se da el tiempo de explicar las veces necesarias los contenidos para que aprendamos bien.",Positivo,0.9402,Otro,0.9835,No detectado,0.0141,0.0056,0.0067
FACULTAD DE INGENIERIA Y ARQUITECTURA,MLGC,AR03,ARQUITECTURA PLAN 2015,11012,GEOMETRIA APLICADA A LA ARQUITECTURA,10,"profesor miguel un gran profesor, agradecida de que en mi primer semestre coincidir con él, aprende­ bastante y me gusta su manera de enseñar, lo único que creo que podría considerar es tema portafolio, por supuesto coincido en que los portafolios son importantes, sin embargo creo que hay mucho valor también en el trabajo mismo que en el portafolio, puede haber casos en que el trabajo sea enviado sin embargo se evalúa el portafolio a pesar de la entrega haya sido recibida, pero más allá de eso es un gran profesor y gran persona.",Positivo,0.9501,Alegría,0.9322,No detectado,0.0117,0.0057,0.0076
FACULTAD DE INGENIERIA Y ARQUITECTURA,MLGC,AR03,ARQUITECTURA PLAN 2015,11012,GEOMETRIA APLICADA A LA ARQUITECTURA,20,profesor muy amable muestra interés hacia el ramo.,Positivo,0.9480,Otro,0.9531,No detectado,0.0125,0.0067,0.0069
FACULTAD DE INGENIERIA Y ARQUITECTURA,MLGC,AR03,ARQUITECTURA PLAN 2015,11012,GEOMETRIA APLICADA A LA ARQUITECTURA,10,se agradece la claridad con la cual entrega los contenidos en conjunto con clases super organizadas.,Positivo,0.9365,Otro,0.9952,No detectado,0.0256,0.0066,0.0097
FACULTAD DE INGENIERIA Y ARQUITECTURA,MLGC,AR03,ARQUITECTURA PLAN 2015,11012,GEOMETRIA APLICADA A LA ARQUITECTURA,10,se agradece la paciencia para explicar cuantas veces sea necesario.,Positivo,0.5094,Otro,0.9872,No detectado,0.0207,0.0058,0.0088
FACULTAD DE INGENIERIA Y ARQUITECTURA,MLGC,AR03,ARQUITECTURA PLAN 2015,11178,EFG: INNOVACION SUSTENTABLE,10,se demoró demasiado en subir las notas.,Negativo,0.9534,Otro,0.8116,No detectado,0.0410,0.0248,0.0189
FACULTAD DE INGENIERIA Y ARQUITECTURA,MLGC,PJ01,ARQUITECTURA DEL PAISAJE (PLAN 2007),4910,HISTORIA Y TEORIA I,10,su forma de enseñar y de evaluar las considero buenas.,Positivo,0.8736,Otro,0.9862,No detectado,0.0334,0.0096,0.0223
FACULTAD DE INGENIERIA Y ARQUITECTURA,MLGC,AR03,ARQUITECTURA PLAN 2015,11012,GEOMETRIA APLICADA A LA ARQUITECTURA,20,"su método de enseñanza generalmente es buena, sus clases son agradables auditivamente, siento que falta un poco más de interacción con los alumnos.",Positivo,0.9163,Otro,0.9399,No detectado,0.0205,0.0056,0.0094
FACULTAD DE INGENIERIA Y ARQUITECTURA,MLGC,AR03,ARQUITECTURA PLAN 2015,11012,GEOMETRIA APLICADA A LA ARQUITECTURA,10,su manera de explicar me es un poco más facil de entender.,Positivo,0.7179,Otro,0.9702,No detectado,0.0275,0.0162,0.0130
FACULTAD DE INGENIERIA Y ARQUITECTURA,MLGC,AR03,ARQUITECTURA PLAN 2015,11012,GEOMETRIA APLICADA A LA ARQUITECTURA,20,"su metodología de enseñanza también es muy efectiva, sus explicaciones se entienden fácil y sus trabajos siempre están vinculados con lo ya aprendido en clases.",Positivo,0.9124,Otro,0.9918,No detectado,0.0159,0.0056,0.0086
FACULTAD DE INGENIERIA Y ARQUITECTURA,MLGC,PJ01,ARQUITECTURA DEL PAISAJE (PLAN 2007),4910,HISTORIA Y TEORIA I,10,"super profesor y dedicado a lo que hace, respeta y es empático con sus alumnos.",Positivo,0.9695,Alegría,0.7706,No detectado,0.0120,0.0100,0.0083
FACULTAD DE INGENIERIA Y ARQUITECTURA,MLGC,AR03,ARQUITECTURA PLAN 2015,11012,GEOMETRIA APLICADA A LA ARQUITECTURA,10,sus clases en lo personal me parecen muy divertidas aunque el control de entrada me solí­a estresar un poco.,Positivo,0.7829,Otro,0.9769,No detectado,0.0202,0.0057,0.0124
FACULTAD DE INGENIERIA Y ARQUITECTURA,MLGC,PJ01,ARQUITECTURA DEL PAISAJE (PLAN 2007),4910,HISTORIA Y TEORIA I,10,sus clases son muy dinámicas por lo que es más fácil entender.,Positivo,0.6873,Otro,0.9969,No detectado,0.0551,0.0049,0.0188
FACULTAD DE INGENIERIA Y ARQUITECTURA,MLGC,PJ01,ARQUITECTURA DEL PAISAJE (PLAN 2007),4910,HISTORIA Y TEORIA I,10,tanto como el profesor y su ayudante fueron compresibles y me ayudaron con mis dudas.,Positivo,0.9151,Otro,0.9789,No detectado,0.0254,0.0066,0.0158
FACULTAD DE INGENIERIA Y ARQUITECTURA,MLGC,PJ01,ARQUITECTURA DEL PAISAJE (PLAN 2007),4910,HISTORIA Y TEORIA I,10,tiene una forma de enseñar muy didáctica.,Positivo,0.9488,Otro,0.9915,No detectado,0.0404,0.0310,0.0178
FACULTAD DE INGENIERIA Y ARQUITECTURA,MLGC,AR03,ARQUITECTURA PLAN 2015,11012,GEOMETRIA APLICADA A LA ARQUITECTURA,20,"tiene una metodología muy dinámica, ayuda a entender mejor la materia.",Positivo,0.9641,Otro,0.9843,No detectado,0.0183,0.0086,0.0086
FACULTAD DE INGENIERIA Y ARQUITECTURA,MLGC,AR03,ARQUITECTURA PLAN 2015,11012,GEOMETRIA APLICADA A LA ARQUITECTURA,20,"un 7, porque demuestra amor por su profesorsión.",Positivo,0.9409,Alegría,0.9919,No detectado,0.0213,0.0157,0.0126
FACULTAD DE INGENIERIA Y ARQUITECTURA,MLGC,AR03,ARQUITECTURA PLAN 2015,11012,GEOMETRIA APLICADA A LA ARQUITECTURA,10,"un profesor bastante tranquilo, siempre esta para escuchar a sus estudiantes y transmite seguridad. sus clases son bastantes buenas y el se toma el tiempo de que todos entiendan y no se queden atras.",Positivo,0.9641,Alegría,0.5288,No detectado,0.0234,0.0057,0.0115
FACULTAD DE INGENIERIA Y ARQUITECTURA,JATF,OB07,INGENIERÍA CIVIL EN OBRAS CIVILES PLAN 2017,19537,PROYECTO DE TITULO I,41,7.,Neutral,0.5087,Alegría,0.5364,No detectado,0.0590,0.0428,0.0396
FACULTAD DE INGENIERIA Y ARQUITECTURA,JATF,OB07,INGENIERÍA CIVIL EN OBRAS CIVILES PLAN 2017,19537,PROYECTO DE TITULO I,40,7.,Neutral,0.5087,Alegría,0.5364,No detectado,0.0590,0.0428,0.0396
FACULTAD DE INGENIERIA Y ARQUITECTURA,JATF,OB07,INGENIERÍA CIVIL EN OBRAS CIVILES PLAN 2017,19500,INTRODUCCION A LA INGENIERIA EN OBRAS CIVILES,10,buen profesor.,Positivo,0.8798,Alegría,0.6186,No detectado,0.0201,0.0141,0.0145
FACULTAD DE INGENIERIA Y ARQUITECTURA,JATF,OB07,INGENIERÍA CIVIL EN OBRAS CIVILES PLAN 2017,3244,ESTATICA APLICADA,11,buen profesor.,Positivo,0.8798,Alegría,0.6186,No detectado,0.0201,0.0141,0.0145
FACULTAD DE INGENIERIA Y ARQUITECTURA,JATF,OB07,INGENIERÍA CIVIL EN OBRAS CIVILES PLAN 2017,19500,INTRODUCCION A LA INGENIERIA EN OBRAS CIVILES,10,buen profesor.,Positivo,0.8798,Alegría,0.6186,No detectado,0.0201,0.0141,0.0145
FACULTAD DE INGENIERIA Y ARQUITECTURA,JATF,OB07,INGENIERÍA CIVIL EN OBRAS CIVILES PLAN 2017,19500,INTRODUCCION A LA INGENIERIA EN OBRAS CIVILES,10,buen profesor.,Positivo,0.8798,Alegría,0.6186,No detectado,0.0201,0.0141,0.0145
FACULTAD DE INGENIERIA Y ARQUITECTURA,JATF,OB07,INGENIERÍA CIVIL EN OBRAS CIVILES PLAN 2017,19500,INTRODUCCION A LA INGENIERIA EN OBRAS CIVILES,10,buen profesor que motiva a los alumnos a estudiar y aprender.,Positivo,0.9652,Alegría,0.9471,No detectado,0.0138,0.0083,0.0090
FACULTAD DE INGENIERIA Y ARQUITECTURA,JATF,OB07,INGENIERÍA CIVIL EN OBRAS CIVILES PLAN 2017,19500,INTRODUCCION A LA INGENIERIA EN OBRAS CIVILES,10,buena metodologia y clases dinamicas.,Positivo,0.9381,Alegría,0.5871,No detectado,0.0436,0.0088,0.0232
FACULTAD DE INGENIERIA Y ARQUITECTURA,JATF,OB07,INGENIERÍA CIVIL EN OBRAS CIVILES PLAN 2017,19500,INTRODUCCION A LA INGENIERIA EN OBRAS CIVILES,10,buenas clases.,Positivo,0.4770,Otro,0.6154,No detectado,0.0490,0.0126,0.0305
FACULTAD DE INGENIERIA Y ARQUITECTURA,JATF,OB07,INGENIERÍA CIVIL EN OBRAS CIVILES PLAN 2017,19500,INTRODUCCION A LA INGENIERIA EN OBRAS CIVILES,10,bueno.,Neutral,0.4849,Otro,0.8337,No detectado,0.0527,0.0147,0.0360
FACULTAD DE INGENIERIA Y ARQUITECTURA,JATF,OB07,INGENIERÍA CIVIL EN OBRAS CIVILES PLAN 2017,19500,INTRODUCCION A LA INGENIERIA EN OBRAS CIVILES,10,bueno.,Neutral,0.4849,Otro,0.8337,No detectado,0.0527,0.0147,0.0360
FACULTAD DE INGENIERIA Y ARQUITECTURA,JATF,OB07,INGENIERÍA CIVIL EN OBRAS CIVILES PLAN 2017,19500,INTRODUCCION A LA INGENIERIA EN OBRAS CIVILES,10,demuestra pasión por lo que hace.,Positivo,0.8767,Alegría,0.7816,No detectado,0.0146,0.0112,0.0084
FACULTAD DE INGENIERIA Y ARQUITECTURA,JATF,OB07,INGENIERÍA CIVIL EN OBRAS CIVILES PLAN 2017,19500,INTRODUCCION A LA INGENIERIA EN OBRAS CIVILES,10,"el profesor incorporo buenas ideas como el trabajo del puente y la salida a terreno, 10/10.",Positivo,0.9591,Alegría,0.8476,No detectado,0.0128,0.0074,0.0073
FACULTAD DE INGENIERIA Y ARQUITECTURA,JATF,OB07,INGENIERÍA CIVIL EN OBRAS CIVILES PLAN 2017,19500,INTRODUCCION A LA INGENIERIA EN OBRAS CIVILES,10,es buen profesor bastante dedicado a las clases y con ayudarnos en el proceso.,Positivo,0.9163,Otro,0.8272,No detectado,0.0145,0.0110,0.0095
FACULTAD DE INGENIERIA Y ARQUITECTURA,JATF,CO05,INGENIERÍA EN CONSTRUCCIÓN PLAN 2017,3244,ESTATICA APLICADA,11,excelente métodos de trabajo/estudio que incorporó en las clases. muy buen profesor.,Positivo,0.9676,Alegría,0.9474,No detectado,0.0112,0.0081,0.0077
FACULTAD DE INGENIERIA Y ARQUITECTURA,JATF,CO05,INGENIERÍA EN CONSTRUCCIÓN PLAN 2017,3244,ESTATICA APLICADA,11,excelente profesor.,Positivo,0.9060,Alegría,0.9409,No detectado,0.0124,0.0121,0.0102
FACULTAD DE INGENIERIA Y ARQUITECTURA,JATF,CO05,INGENIERÍA EN CONSTRUCCIÓN PLAN 2017,19537,PROYECTO DE TITULO I,41,excelente profesor.,Positivo,0.9060,Alegría,0.9409,No detectado,0.0124,0.0121,0.0102
FACULTAD DE INGENIERIA Y ARQUITECTURA,JATF,CO05,INGENIERÍA EN CONSTRUCCIÓN PLAN 2017,19537,PROYECTO DE TITULO I,40,excelente profesor.,Positivo,0.9060,Alegría,0.9409,No detectado,0.0124,0.0121,0.0102
FACULTAD DE INGENIERIA Y ARQUITECTURA,JATF,OB07,INGENIERÍA CIVIL EN OBRAS CIVILES PLAN 2017,19500,INTRODUCCION A LA INGENIERIA EN OBRAS CIVILES,10,"excelente profesor que transmite conocimiento y animo para la carrera, compartiendo su experiencia que desarrolla confianza con el.",Positivo,0.9664,Alegría,0.9834,No detectado,0.0123,0.0072,0.0073
FACULTAD DE INGENIERIA Y ARQUITECTURA,JATF,CO05,INGENIERÍA EN CONSTRUCCIÓN PLAN 2017,19537,PROYECTO DE TITULO I,41,"excelente profesor, con buenas metodologías de enseñanza.",Positivo,0.9707,Alegría,0.9161,No detectado,0.0130,0.0085,0.0086
FACULTAD DE INGENIERIA Y ARQUITECTURA,JATF,CO05,INGENIERÍA EN CONSTRUCCIÓN PLAN 2017,19537,PROYECTO DE TITULO I,40,"excelente profesor, con buenas metodologías de enseñanza.",Positivo,0.9707,Alegría,0.9161,No detectado,0.0130,0.0085,0.0086
FACULTAD DE INGENIERIA Y ARQUITECTURA,JATF,CO05,INGENIERÍA EN CONSTRUCCIÓN PLAN 2017,19537,PROYECTO DE TITULO I,41,excelente profesor.,Positivo,0.9060,Alegría,0.9409,No detectado,0.0124,0.0121,0.0102
FACULTAD DE INGENIERIA Y ARQUITECTURA,JATF,CO05,INGENIERÍA EN CONSTRUCCIÓN PLAN 2017,19537,PROYECTO DE TITULO I,40,excelente profesor.,Positivo,0.9060,Alegría,0.9409,No detectado,0.0124,0.0121,0.0102
FACULTAD DE INGENIERIA Y ARQUITECTURA,JATF,CO05,INGENIERÍA EN CONSTRUCCIÓN PLAN 2017,19537,PROYECTO DE TITULO I,41,"lo mismo que antes, muy buen profesorsional y profesor.",Positivo,0.9551,Alegría,0.8470,No detectado,0.0114,0.0119,0.0106
FACULTAD DE INGENIERIA Y ARQUITECTURA,JATF,OB07,INGENIERÍA CIVIL EN OBRAS CIVILES PLAN 2017,19500,INTRODUCCION A LA INGENIERIA EN OBRAS CIVILES,10,lo recomiendo.,Positivo,0.8625,Otro,0.7888,No detectado,0.0186,0.0121,0.0144
FACULTAD DE INGENIERIA Y ARQUITECTURA,JATF,OB07,INGENIERÍA CIVIL EN OBRAS CIVILES PLAN 2017,19500,INTRODUCCION A LA INGENIERIA EN OBRAS CIVILES,10,me encantaron las actividades que se realizaron en clase y en general.,Positivo,0.9734,Alegría,0.9906,No detectado,0.0145,0.0072,0.0097
FACULTAD DE INGENIERIA Y ARQUITECTURA,JATF,OB07,INGENIERÍA CIVIL EN OBRAS CIVILES PLAN 2017,19537,PROYECTO DE TITULO I,41,motivador.,Positivo,0.6762,Alegría,0.9085,No detectado,0.0244,0.0154,0.0198
FACULTAD DE INGENIERIA Y ARQUITECTURA,JATF,OB07,INGENIERÍA CIVIL EN OBRAS CIVILES PLAN 2017,19537,PROYECTO DE TITULO I,40,motivador.,Positivo,0.6762,Alegría,0.9085,No detectado,0.0244,0.0154,0.0198
FACULTAD DE INGENIERIA Y ARQUITECTURA,JATF,OB07,INGENIERÍA CIVIL EN OBRAS CIVILES PLAN 2017,19500,INTRODUCCION A LA INGENIERIA EN OBRAS CIVILES,10,muy buen profesor.,Positivo,0.9677,Alegría,0.9051,No detectado,0.0123,0.0104,0.0094
FACULTAD DE INGENIERIA Y ARQUITECTURA,JATF,OB07,INGENIERÍA CIVIL EN OBRAS CIVILES PLAN 2017,19537,PROYECTO DE TITULO I,41,muy buen profesor.,Positivo,0.9677,Alegría,0.9051,No detectado,0.0123,0.0104,0.0094
FACULTAD DE INGENIERIA Y ARQUITECTURA,JATF,OB07,INGENIERÍA CIVIL EN OBRAS CIVILES PLAN 2017,19500,INTRODUCCION A LA INGENIERIA EN OBRAS CIVILES,10,muy buen profesor y director de la carrera ya que cuando tenemos dudas o reclamos no tiene drama con responderlas y solucionarlas al instante y con empatía.,Positivo,0.8777,Otro,0.9593,No detectado,0.0173,0.0056,0.0091
FACULTAD DE INGENIERIA Y ARQUITECTURA,JATF,OB07,INGENIERÍA CIVIL EN OBRAS CIVILES PLAN 2017,19537,PROYECTO DE TITULO I,40,muy buen profesor y disposición del profesor.,Positivo,0.9710,Alegría,0.5800,No detectado,0.0155,0.0122,0.0119
FACULTAD DE INGENIERIA Y ARQUITECTURA,JATF,OB07,INGENIERÍA CIVIL EN OBRAS CIVILES PLAN 2017,19537,PROYECTO DE TITULO I,41,muy buen profesor!.,Positivo,0.9699,Alegría,0.9834,No detectado,0.0129,0.0092,0.0094
FACULTAD DE INGENIERIA Y ARQUITECTURA,JATF,OB07,INGENIERÍA CIVIL EN OBRAS CIVILES PLAN 2017,3244,ESTATICA APLICADA,11,"muy buen profesor, explica muy bien la materia, resuelve todo tipo de duda que surge en clases, demuestra que sabe la materia que enseña.",Positivo,0.9716,Alegría,0.7854,No detectado,0.0132,0.0069,0.0074
FACULTAD DE INGENIERIA Y ARQUITECTURA,JATF,CO05,INGENIERÍA EN CONSTRUCCIÓN PLAN 2017,19537,PROYECTO DE TITULO I,40,"muy buen profesor, muy buena ayuda para poder confiar en uno mismo igualmente.",Positivo,0.9790,Alegría,0.9097,No detectado,0.0104,0.0067,0.0068
FACULTAD DE INGENIERIA Y ARQUITECTURA,JATF,OB07,INGENIERÍA CIVIL EN OBRAS CIVILES PLAN 2017,19537,PROYECTO DE TITULO I,40,"muy buen profesor, te guia y te motiva a dar lo mejor de uno!.",Positivo,0.9760,Alegría,0.9838,No detectado,0.0102,0.0074,0.0071
FACULTAD DE INGENIERIA Y ARQUITECTURA,JATF,CO05,INGENIERÍA EN CONSTRUCCIÓN PLAN 2017,19537,PROYECTO DE TITULO I,41,nada.,Neutral,0.4837,Otro,0.8243,No detectado,0.0509,0.0136,0.0305
FACULTAD DE INGENIERIA Y ARQUITECTURA,JATF,CO05,INGENIERÍA EN CONSTRUCCIÓN PLAN 2017,19537,PROYECTO DE TITULO I,40,nada.,Neutral,0.4837,Otro,0.8243,No detectado,0.0509,0.0136,0.0305
FACULTAD DE INGENIERIA Y ARQUITECTURA,JATF,OB07,INGENIERÍA CIVIL EN OBRAS CIVILES PLAN 2017,19500,INTRODUCCION A LA INGENIERIA EN OBRAS CIVILES,10,"nada que decir, muy buen profesor.",Positivo,0.9623,Alegría,0.8432,No detectado,0.0118,0.0107,0.0089
FACULTAD DE INGENIERIA Y ARQUITECTURA,JATF,OB07,INGENIERÍA CIVIL EN OBRAS CIVILES PLAN 2017,19500,INTRODUCCION A LA INGENIERIA EN OBRAS CIVILES,10,si me gustaría que hayan más salidas a terreno.,Positivo,0.8021,Otro,0.9873,No detectado,0.0502,0.0067,0.0188
FACULTAD DE INGENIERIA Y ARQUITECTURA,JATF,OB07,INGENIERÍA CIVIL EN OBRAS CIVILES PLAN 2017,19500,INTRODUCCION A LA INGENIERIA EN OBRAS CIVILES,10,sin comentario.,Neutral,0.5580,Otro,0.9483,No detectado,0.0810,0.0212,0.0381
FACULTAD DE INGENIERIA Y ARQUITECTURA,JATF,OB07,INGENIERÍA CIVIL EN OBRAS CIVILES PLAN 2017,19500,INTRODUCCION A LA INGENIERIA EN OBRAS CIVILES,10,sin comentarios.,Neutral,0.4468,Otro,0.6370,No detectado,0.0500,0.0090,0.0231
FACULTAD DE INGENIERIA Y ARQUITECTURA,JATF,OB07,INGENIERÍA CIVIL EN OBRAS CIVILES PLAN 2017,19500,INTRODUCCION A LA INGENIERIA EN OBRAS CIVILES,10,sin comentarios.,Neutral,0.4468,Otro,0.6370,No detectado,0.0500,0.0090,0.0231
FACULTAD DE INGENIERIA Y ARQUITECTURA,JATF,OB07,INGENIERÍA CIVIL EN OBRAS CIVILES PLAN 2017,19500,INTRODUCCION A LA INGENIERIA EN OBRAS CIVILES,10,"super buen profesor, super simpatico, didactico.",Positivo,0.9467,Alegría,0.7869,No detectado,0.0311,0.0150,0.0153
FACULTAD DE INGENIERIA Y ARQUITECTURA,JATF,OB07,INGENIERÍA CIVIL EN OBRAS CIVILES PLAN 2017,19500,INTRODUCCION A LA INGENIERIA EN OBRAS CIVILES,10,super buennprofesor y buena dispocision en mano de todo.,Positivo,0.9623,Alegría,0.9715,No detectado,0.0189,0.0078,0.0125
FACULTAD DE INGENIERIA Y ARQUITECTURA,CALR,CO05,INGENIERÍA EN CONSTRUCCIÓN PLAN 2017,3297,DISEÑO DE PAVIMENTOS,10,buen profesor sabe mucho de vialidad.,Positivo,0.8686,Otro,0.9914,No detectado,0.0125,0.0074,0.0071
FACULTAD DE INGENIERIA Y ARQUITECTURA,CALR,CO05,INGENIERÍA EN CONSTRUCCIÓN PLAN 2017,3297,DISEÑO DE PAVIMENTOS,10,"buen profesor, entrega información como real que sirve en la vida relaciona el curso con la realidad.",Positivo,0.8751,Otro,0.9686,No detectado,0.0123,0.0081,0.0075
FACULTAD DE INGENIERIA Y ARQUITECTURA,CALR,CO05,INGENIERÍA EN CONSTRUCCIÓN PLAN 2017,3297,DISEÑO DE PAVIMENTOS,10,buen profesor.,Positivo,0.8798,Alegría,0.6186,No detectado,0.0201,0.0141,0.0145
FACULTAD DE INGENIERIA Y ARQUITECTURA,CALR,OB07,INGENIERÍA CIVIL EN OBRAS CIVILES PLAN 2017,19545,PROYECTO DE TITULO II,40,es un buen profesor espero sig enseñando y motivando a otros estudiantes.,Positivo,0.9742,Alegría,0.9041,No detectado,0.0122,0.0098,0.0072
FACULTAD DE INGENIERIA Y ARQUITECTURA,CALR,CO05,INGENIERÍA EN CONSTRUCCIÓN PLAN 2017,3297,DISEÑO DE PAVIMENTOS,10,nada.,Neutral,0.4837,Otro,0.8243,No detectado,0.0509,0.0136,0.0305
FACULTAD DE INGENIERIA Y ARQUITECTURA,CALR,OB07,INGENIERÍA CIVIL EN OBRAS CIVILES PLAN 2017,19545,PROYECTO DE TITULO II,90,nada que decir.,Neutral,0.5090,Otro,0.8319,No detectado,0.0262,0.0117,0.0171
FACULTAD DE INGENIERIA Y ARQUITECTURA,CALR,CO05,INGENIERÍA EN CONSTRUCCIÓN PLAN 2017,3297,DISEÑO DE PAVIMENTOS,10,"no entrega nunca las notas,al final del semestre entrego todas las notas.",Neutral,0.6670,Otro,0.9905,No detectado,0.0882,0.0149,0.0278
FACULTAD DE INGENIERIA Y ARQUITECTURA,CALR,OB07,INGENIERÍA CIVIL EN OBRAS CIVILES PLAN 2017,3297,DISEÑO DE PAVIMENTOS,10,"profesor con mucho conocimiento que entregar, deberían agregar más ramos de vialidad a la malla.",Neutral,0.6005,Otro,0.9959,No detectado,0.0381,0.0056,0.0102
FACULTAD DE INGENIERIA Y ARQUITECTURA,CALR,OB07,INGENIERÍA CIVIL EN OBRAS CIVILES PLAN 2017,3297,DISEÑO DE PAVIMENTOS,10,que entregue las correcciones antes de las evaluaciones que vienen.,Neutral,0.8712,Otro,0.9906,No detectado,0.0570,0.0135,0.0174
FACULTAD DE INGENIERIA Y ARQUITECTURA,CALR,CO05,INGENIERÍA EN CONSTRUCCIÓN PLAN 2017,3297,DISEÑO DE PAVIMENTOS,10,"sabe mucho de lo que enseña, pero no sabe enseñar, debido a que toca un tema y se le va la onda profundizándose en ese tema y pierde el hilo de la clase, confunde, no va al grano y le faltan habilidades blandas ya que se exalta con poco...",Negativo,0.9745,Otro,0.9433,No detectado,0.0185,0.0065,0.0098
FACULTAD DE INGENIERIA Y ARQUITECTURA,CALR,OB07,INGENIERÍA CIVIL EN OBRAS CIVILES PLAN 2017,3297,DISEÑO DE PAVIMENTOS,10,solamente mejorar tiempo de entrega de notas.,Neutral,0.8698,Otro,0.9949,No detectado,0.0186,0.0067,0.0084
FACULTAD DE INGENIERIA Y ARQUITECTURA,GHLA,CI03,INGENIERÍA CIVIL INDUSTRIAL (LA SERENA),14704,MECANICA,221,20/10.,Positivo,0.4204,Alegría,0.8649,No detectado,0.0508,0.0387,0.0334
FACULTAD DE INGENIERIA Y ARQUITECTURA,GHLA,CI03,INGENIERÍA CIVIL INDUSTRIAL (LA SERENA),14704,MECANICA,221,único inconveniente es que se demoro mucho en entregar las notas de evaluacion durante el semestre.,Negativo,0.9134,Otro,0.8817,No detectado,0.0275,0.0082,0.0102
FACULTAD DE INGENIERIA Y ARQUITECTURA,GHLA,CI03,INGENIERÍA CIVIL INDUSTRIAL (LA SERENA),58020,GESTION DE LA CADENA DE ABASTECIMIENTO,211,"bueb profesor, muy aplicado.",Positivo,0.9314,Otro,0.9729,No detectado,0.0334,0.0187,0.0158
FACULTAD DE INGENIERIA Y ARQUITECTURA,GHLA,IMS1,INGENIERIA CIVIL EN MINAS LA SERENA,14704,MECANICA,221,buen docente.,Positivo,0.8689,Alegría,0.8098,No detectado,0.0230,0.0187,0.0216
FACULTAD DE INGENIERIA Y ARQUITECTURA,GHLA,IC06,INGENIERÍA CIVIL EN COMPUTACIÓN E INFORMÁTICA (LA SERENA),14704,MECANICA,221,buen profesor.,Positivo,0.8798,Alegría,0.6186,No detectado,0.0201,0.0141,0.0145
FACULTAD DE INGENIERIA Y ARQUITECTURA,GHLA,IC06,INGENIERÍA CIVIL EN COMPUTACIÓN E INFORMÁTICA (LA SERENA),14704,MECANICA,220,buen profesor.,Positivo,0.8798,Alegría,0.6186,No detectado,0.0201,0.0141,0.0145
FACULTAD DE INGENIERIA Y ARQUITECTURA,GHLA,CI03,INGENIERÍA CIVIL INDUSTRIAL (LA SERENA),58020,GESTION DE LA CADENA DE ABASTECIMIENTO,211,buen profesor.,Positivo,0.8798,Alegría,0.6186,No detectado,0.0201,0.0141,0.0145
FACULTAD DE INGENIERIA Y ARQUITECTURA,GHLA,CI03,INGENIERÍA CIVIL INDUSTRIAL (LA SERENA),58020,GESTION DE LA CADENA DE ABASTECIMIENTO,210,buen profesor.,Positivo,0.8798,Alegría,0.6186,No detectado,0.0201,0.0141,0.0145
FACULTAD DE INGENIERIA Y ARQUITECTURA,GHLA,CI03,INGENIERÍA CIVIL INDUSTRIAL (LA SERENA),14704,MECANICA,221,buen profesor en laboratorios.,Positivo,0.8200,Otro,0.8843,No detectado,0.0258,0.0118,0.0144
FACULTAD DE INGENIERIA Y ARQUITECTURA,GHLA,CI03,INGENIERÍA CIVIL INDUSTRIAL (LA SERENA),58020,GESTION DE LA CADENA DE ABASTECIMIENTO,210,buen profesor excelente.,Positivo,0.9569,Alegría,0.9485,No detectado,0.0157,0.0129,0.0153
FACULTAD DE INGENIERIA Y ARQUITECTURA,GHLA,CI03,INGENIERÍA CIVIL INDUSTRIAL (LA SERENA),58020,GESTION DE LA CADENA DE ABASTECIMIENTO,211,"buen profesor, apoya a los estudiantes.",Positivo,0.9284,Alegría,0.7371,No detectado,0.0383,0.0146,0.0177
FACULTAD DE INGENIERIA Y ARQUITECTURA,GHLA,CI03,INGENIERÍA CIVIL INDUSTRIAL (LA SERENA),58020,GESTION DE LA CADENA DE ABASTECIMIENTO,210,"buen profesor, explica super bien las clases, responsable con el curso.",Positivo,0.9679,Alegría,0.8573,No detectado,0.0168,0.0108,0.0101
FACULTAD DE INGENIERIA Y ARQUITECTURA,GHLA,IMS1,INGENIERIA CIVIL EN MINAS LA SERENA,14704,MECANICA,221,bueno.,Neutral,0.4849,Otro,0.8337,No detectado,0.0527,0.0147,0.0360
FACULTAD DE INGENIERIA Y ARQUITECTURA,GHLA,IMS1,INGENIERIA CIVIL EN MINAS LA SERENA,14704,MECANICA,220,bueno.,Neutral,0.4849,Otro,0.8337,No detectado,0.0527,0.0147,0.0360
FACULTAD DE INGENIERIA Y ARQUITECTURA,GHLA,CI03,INGENIERÍA CIVIL INDUSTRIAL (LA SERENA),14704,MECANICA,220,clases bien explicadas.,Positivo,0.7334,Otro,0.8713,No detectado,0.0860,0.0094,0.0312
FACULTAD DE INGENIERIA Y ARQUITECTURA,GHLA,IC06,INGENIERÍA CIVIL EN COMPUTACIÓN E INFORMÁTICA (LA SERENA),14704,MECANICA,221,"el curso de laboratorio perteneciente a la asignatura de mecánica, fue un ramo de acompañamiento que nos ayudó a entender mejor los contenidos que estaban siendo tratados en el teórico que estábamos cursando. fue de acuerdo a los contenidos que el menciono en sus primeras clases.",Positivo,0.7040,Otro,0.9956,No detectado,0.0122,0.0066,0.0073
FACULTAD DE INGENIERIA Y ARQUITECTURA,GHLA,CI03,INGENIERÍA CIVIL INDUSTRIAL (LA SERENA),14704,MECANICA,221,enseña de tal manera que genera un interés adicional por lo que esta explicando.,Positivo,0.8413,Otro,0.9962,No detectado,0.0137,0.0077,0.0065
FACULTAD DE INGENIERIA Y ARQUITECTURA,GHLA,CI03,INGENIERÍA CIVIL INDUSTRIAL (LA SERENA),58020,GESTION DE LA CADENA DE ABASTECIMIENTO,210,"es muy buen profesor, compresivo totalmente.",Positivo,0.9613,Otro,0.8885,No detectado,0.0149,0.0118,0.0091
FACULTAD DE INGENIERIA Y ARQUITECTURA,GHLA,CI03,INGENIERÍA CIVIL INDUSTRIAL (LA SERENA),14704,MECANICA,221,es un buen profesor que demuestra gusto en su vocación.,Positivo,0.9602,Otro,0.7168,No detectado,0.0118,0.0081,0.0067
FACULTAD DE INGENIERIA Y ARQUITECTURA,GHLA,CI03,INGENIERÍA CIVIL INDUSTRIAL (LA SERENA),58020,GESTION DE LA CADENA DE ABASTECIMIENTO,211,excelente.,Positivo,0.8434,Alegría,0.9649,No detectado,0.0368,0.0149,0.0255
FACULTAD DE INGENIERIA Y ARQUITECTURA,GHLA,CI03,INGENIERÍA CIVIL INDUSTRIAL (LA SERENA),14704,MECANICA,221,"excelente docente, explica de buena manera es flexible a la hora de entregar trabajos siempre y cuando haya una explicación, buena disposición.",Positivo,0.9643,Alegría,0.5852,No detectado,0.0146,0.0070,0.0081
FACULTAD DE INGENIERIA Y ARQUITECTURA,GHLA,CI03,INGENIERÍA CIVIL INDUSTRIAL (LA SERENA),58020,GESTION DE LA CADENA DE ABASTECIMIENTO,211,excelente profesor.,Positivo,0.9060,Alegría,0.9409,No detectado,0.0124,0.0121,0.0102
FACULTAD DE INGENIERIA Y ARQUITECTURA,GHLA,CI03,INGENIERÍA CIVIL INDUSTRIAL (LA SERENA),58020,GESTION DE LA CADENA DE ABASTECIMIENTO,210,excelente profesor.,Positivo,0.9060,Alegría,0.9409,No detectado,0.0124,0.0121,0.0102
FACULTAD DE INGENIERIA Y ARQUITECTURA,GHLA,CI03,INGENIERÍA CIVIL INDUSTRIAL (LA SERENA),58020,GESTION DE LA CADENA DE ABASTECIMIENTO,211,excelente profesor.,Positivo,0.9060,Alegría,0.9409,No detectado,0.0124,0.0121,0.0102
FACULTAD DE INGENIERIA Y ARQUITECTURA,GHLA,CI03,INGENIERÍA CIVIL INDUSTRIAL (LA SERENA),58020,GESTION DE LA CADENA DE ABASTECIMIENTO,210,excelente profesor.,Positivo,0.9060,Alegría,0.9409,No detectado,0.0124,0.0121,0.0102
FACULTAD DE INGENIERIA Y ARQUITECTURA,GHLA,CI03,INGENIERÍA CIVIL INDUSTRIAL (LA SERENA),58020,GESTION DE LA CADENA DE ABASTECIMIENTO,210,excelente profesor.,Positivo,0.9060,Alegría,0.9409,No detectado,0.0124,0.0121,0.0102
FACULTAD DE INGENIERIA Y ARQUITECTURA,GHLA,CI03,INGENIERÍA CIVIL INDUSTRIAL (LA SERENA),14704,MECANICA,221,excelente profesor.,Positivo,0.9060,Alegría,0.9409,No detectado,0.0124,0.0121,0.0102
FACULTAD DE INGENIERIA Y ARQUITECTURA,GHLA,CI03,INGENIERÍA CIVIL INDUSTRIAL (LA SERENA),14704,MECANICA,221,excelente profesor.,Positivo,0.9060,Alegría,0.9409,No detectado,0.0124,0.0121,0.0102
FACULTAD DE INGENIERIA Y ARQUITECTURA,GHLA,CI03,INGENIERÍA CIVIL INDUSTRIAL (LA SERENA),14704,MECANICA,220,excelente profesor.,Positivo,0.9060,Alegría,0.9409,No detectado,0.0124,0.0121,0.0102
FACULTAD DE INGENIERIA Y ARQUITECTURA,GHLA,CI03,INGENIERÍA CIVIL INDUSTRIAL (LA SERENA),14704,MECANICA,221,excelente profesor para laboratorio.,Positivo,0.8460,Otro,0.9445,No detectado,0.0181,0.0102,0.0102
FACULTAD DE INGENIERIA Y ARQUITECTURA,GHLA,CI03,INGENIERÍA CIVIL INDUSTRIAL (LA SERENA),14704,MECANICA,221,"excelente tanto como profesor como persona, profesor que siempre esta dispuesto a atender dudas de los alumnos en cada momentos, dias que se cancelaban las clases por terceros, este estaba en la sala para incluso resolver dudas cuando ni siquiera estaba estipulado, compromiso de 100% con la universidad y con el alumno.",Positivo,0.7807,Alegría,0.6550,No detectado,0.0180,0.0056,0.0100
FACULTAD DE INGENIERIA Y ARQUITECTURA,GHLA,CI03,INGENIERÍA CIVIL INDUSTRIAL (LA SERENA),14704,MECANICA,221,explica muy bien solo faltarí­a el uso de más ejercicios y menos teoría para comprender con más exactitud.,Positivo,0.7509,Otro,0.9933,No detectado,0.0157,0.0054,0.0081
FACULTAD DE INGENIERIA Y ARQUITECTURA,GHLA,CI03,INGENIERÍA CIVIL INDUSTRIAL (LA SERENA),58020,GESTION DE LA CADENA DE ABASTECIMIENTO,210,explica muy bien y se toma el tiempo de responddr las dudas de los estudiantes.,Positivo,0.9421,Otro,0.9860,No detectado,0.0135,0.0073,0.0077
FACULTAD DE INGENIERIA Y ARQUITECTURA,GHLA,CI03,INGENIERÍA CIVIL INDUSTRIAL (LA SERENA),14704,MECANICA,221,god.,Neutral,0.3919,Otro,0.5175,No detectado,0.0434,0.0230,0.0336
FACULTAD DE INGENIERIA Y ARQUITECTURA,GHLA,CI03,INGENIERÍA CIVIL INDUSTRIAL (LA SERENA),14704,MECANICA,220,god.,Neutral,0.3919,Otro,0.5175,No detectado,0.0434,0.0230,0.0336
FACULTAD DE INGENIERIA Y ARQUITECTURA,GHLA,IC06,INGENIERÍA CIVIL EN COMPUTACIÓN E INFORMÁTICA (LA SERENA),14704,MECANICA,220,"las clases de mecánica con profesor gerardo lamas, fueron de gran agrado y me ayudaron a superar el curso en dónde en un principio, no existían­ tales posibilidades de aprobar el curso.",Positivo,0.9696,Alegría,0.9136,No detectado,0.0109,0.0050,0.0080
FACULTAD DE INGENIERIA Y ARQUITECTURA,GHLA,CI03,INGENIERÍA CIVIL INDUSTRIAL (LA SERENA),58020,GESTION DE LA CADENA DE ABASTECIMIENTO,211,m.,Neutral,0.4914,Otro,0.5195,No detectado,0.0699,0.0487,0.0470
FACULTAD DE INGENIERIA Y ARQUITECTURA,GHLA,CI03,INGENIERÍA CIVIL INDUSTRIAL (LA SERENA),58020,GESTION DE LA CADENA DE ABASTECIMIENTO,210,m.,Neutral,0.4914,Otro,0.5195,No detectado,0.0699,0.0487,0.0470
FACULTAD DE INGENIERIA Y ARQUITECTURA,GHLA,CI03,INGENIERÍA CIVIL INDUSTRIAL (LA SERENA),58020,GESTION DE LA CADENA DE ABASTECIMIENTO,211,"me gusto la enseñanza que nos entrego, tiene buena comunicación el profesor.",Positivo,0.9805,Alegría,0.9721,No detectado,0.0124,0.0104,0.0085
FACULTAD DE INGENIERIA Y ARQUITECTURA,GHLA,CI03,INGENIERÍA CIVIL INDUSTRIAL (LA SERENA),58020,GESTION DE LA CADENA DE ABASTECIMIENTO,210,"muy atento el profesor, gran enseñanza.",Positivo,0.9779,Otro,0.6748,No detectado,0.0139,0.0102,0.0103
FACULTAD DE INGENIERIA Y ARQUITECTURA,GHLA,CI03,INGENIERÍA CIVIL INDUSTRIAL (LA SERENA),14704,MECANICA,221,muy buen profesor.,Positivo,0.9677,Alegría,0.9051,No detectado,0.0123,0.0104,0.0094
FACULTAD DE INGENIERIA Y ARQUITECTURA,GHLA,CI03,INGENIERÍA CIVIL INDUSTRIAL (LA SERENA),14704,MECANICA,221,muy buen profesor.,Positivo,0.9677,Alegría,0.9051,No detectado,0.0123,0.0104,0.0094
FACULTAD DE INGENIERIA Y ARQUITECTURA,GHLA,CI03,INGENIERÍA CIVIL INDUSTRIAL (LA SERENA),58020,GESTION DE LA CADENA DE ABASTECIMIENTO,211,muy buen profesor.,Positivo,0.9677,Alegría,0.9051,No detectado,0.0123,0.0104,0.0094
FACULTAD DE INGENIERIA Y ARQUITECTURA,GHLA,CI03,INGENIERÍA CIVIL INDUSTRIAL (LA SERENA),58020,GESTION DE LA CADENA DE ABASTECIMIENTO,210,muy buen profesor.,Positivo,0.9677,Alegría,0.9051,No detectado,0.0123,0.0104,0.0094
FACULTAD DE INGENIERIA Y ARQUITECTURA,GHLA,CI03,INGENIERÍA CIVIL INDUSTRIAL (LA SERENA),58020,GESTION DE LA CADENA DE ABASTECIMIENTO,211,muy buen profesor.,Positivo,0.9677,Alegría,0.9051,No detectado,0.0123,0.0104,0.0094
FACULTAD DE INGENIERIA Y ARQUITECTURA,GHLA,CI03,INGENIERÍA CIVIL INDUSTRIAL (LA SERENA),58020,GESTION DE LA CADENA DE ABASTECIMIENTO,210,muy buen profesor.,Positivo,0.9677,Alegría,0.9051,No detectado,0.0123,0.0104,0.0094
FACULTAD DE INGENIERIA Y ARQUITECTURA,GHLA,CI03,INGENIERÍA CIVIL INDUSTRIAL (LA SERENA),58020,GESTION DE LA CADENA DE ABASTECIMIENTO,211,muy buen profesor.,Positivo,0.9677,Alegría,0.9051,No detectado,0.0123,0.0104,0.0094
FACULTAD DE INGENIERIA Y ARQUITECTURA,GHLA,CI03,INGENIERÍA CIVIL INDUSTRIAL (LA SERENA),58020,GESTION DE LA CADENA DE ABASTECIMIENTO,211,muy buen profesor.,Positivo,0.9677,Alegría,0.9051,No detectado,0.0123,0.0104,0.0094
FACULTAD DE INGENIERIA Y ARQUITECTURA,GHLA,CI03,INGENIERÍA CIVIL INDUSTRIAL (LA SERENA),58020,GESTION DE LA CADENA DE ABASTECIMIENTO,210,muy buen profesor.,Positivo,0.9677,Alegría,0.9051,No detectado,0.0123,0.0104,0.0094
FACULTAD DE INGENIERIA Y ARQUITECTURA,GHLA,CI03,INGENIERÍA CIVIL INDUSTRIAL (LA SERENA),14704,MECANICA,221,muy buen profesor.,Positivo,0.9677,Alegría,0.9051,No detectado,0.0123,0.0104,0.0094
FACULTAD DE INGENIERIA Y ARQUITECTURA,GHLA,CI03,INGENIERÍA CIVIL INDUSTRIAL (LA SERENA),14704,MECANICA,220,muy buen profesor.,Positivo,0.9677,Alegría,0.9051,No detectado,0.0123,0.0104,0.0094
FACULTAD DE INGENIERIA Y ARQUITECTURA,GHLA,CI03,INGENIERÍA CIVIL INDUSTRIAL (LA SERENA),14704,MECANICA,220,muy buen profesor.,Positivo,0.9677,Alegría,0.9051,No detectado,0.0123,0.0104,0.0094
FACULTAD DE INGENIERIA Y ARQUITECTURA,GHLA,CI03,INGENIERÍA CIVIL INDUSTRIAL (LA SERENA),58020,GESTION DE LA CADENA DE ABASTECIMIENTO,211,"muy buen profesor, clases didacticas.",Positivo,0.9592,Alegría,0.8608,No detectado,0.0256,0.0090,0.0136
FACULTAD DE INGENIERIA Y ARQUITECTURA,GHLA,CI03,INGENIERÍA CIVIL INDUSTRIAL (LA SERENA),58020,GESTION DE LA CADENA DE ABASTECIMIENTO,210,"muy buen profesor, clases didacticas.",Positivo,0.9592,Alegría,0.8608,No detectado,0.0256,0.0090,0.0136
FACULTAD DE INGENIERIA Y ARQUITECTURA,GHLA,CI03,INGENIERÍA CIVIL INDUSTRIAL (LA SERENA),14704,MECANICA,220,"muy buen profesor, lo recomiendo al máximo.",Positivo,0.9805,Alegría,0.9570,No detectado,0.0088,0.0081,0.0078
FACULTAD DE INGENIERIA Y ARQUITECTURA,GHLA,CI03,INGENIERÍA CIVIL INDUSTRIAL (LA SERENA),14704,MECANICA,221,muy bueno.,Positivo,0.8803,Alegría,0.9013,No detectado,0.0337,0.0171,0.0277
FACULTAD DE INGENIERIA Y ARQUITECTURA,GHLA,IC06,INGENIERÍA CIVIL EN COMPUTACIÓN E INFORMÁTICA (LA SERENA),14704,MECANICA,221,muy bueno.,Positivo,0.8803,Alegría,0.9013,No detectado,0.0337,0.0171,0.0277
FACULTAD DE INGENIERIA Y ARQUITECTURA,GHLA,IC06,INGENIERÍA CIVIL EN COMPUTACIÓN E INFORMÁTICA (LA SERENA),14704,MECANICA,220,muy bueno.,Positivo,0.8803,Alegría,0.9013,No detectado,0.0337,0.0171,0.0277
FACULTAD DE INGENIERIA Y ARQUITECTURA,GHLA,CI03,INGENIERÍA CIVIL INDUSTRIAL (LA SERENA),58020,GESTION DE LA CADENA DE ABASTECIMIENTO,211,nada.,Neutral,0.4837,Otro,0.8243,No detectado,0.0509,0.0136,0.0305
FACULTAD DE INGENIERIA Y ARQUITECTURA,GHLA,CI03,INGENIERÍA CIVIL INDUSTRIAL (LA SERENA),58020,GESTION DE LA CADENA DE ABASTECIMIENTO,210,nada.,Neutral,0.4837,Otro,0.8243,No detectado,0.0509,0.0136,0.0305
FACULTAD DE INGENIERIA Y ARQUITECTURA,GHLA,CI03,INGENIERÍA CIVIL INDUSTRIAL (LA SERENA),14704,MECANICA,220,"nada q decir, muy buen profesor.",Positivo,0.9536,Alegría,0.8983,No detectado,0.0117,0.0103,0.0094
FACULTAD DE INGENIERIA Y ARQUITECTURA,GHLA,IMS1,INGENIERIA CIVIL EN MINAS LA SERENA,14704,MECANICA,221,ningún otro.,Neutral,0.6196,Otro,0.9152,No detectado,0.0394,0.0195,0.0273
FACULTAD DE INGENIERIA Y ARQUITECTURA,GHLA,IMS1,INGENIERIA CIVIL EN MINAS LA SERENA,14704,MECANICA,220,ningún otro.,Neutral,0.6196,Otro,0.9152,No detectado,0.0394,0.0195,0.0273
FACULTAD DE INGENIERIA Y ARQUITECTURA,GHLA,CI03,INGENIERÍA CIVIL INDUSTRIAL (LA SERENA),58020,GESTION DE LA CADENA DE ABASTECIMIENTO,211,ninguno.,Neutral,0.5276,Otro,0.8177,No detectado,0.0802,0.0215,0.0500
FACULTAD DE INGENIERIA Y ARQUITECTURA,GHLA,CI03,INGENIERÍA CIVIL INDUSTRIAL (LA SERENA),58020,GESTION DE LA CADENA DE ABASTECIMIENTO,210,ninguno.,Neutral,0.5276,Otro,0.8177,No detectado,0.0802,0.0215,0.0500
FACULTAD DE INGENIERIA Y ARQUITECTURA,GHLA,IMS1,INGENIERIA CIVIL EN MINAS LA SERENA,14704,MECANICA,221,no tengo otro comentario sobre el profesor.,Neutral,0.6158,Otro,0.9971,No detectado,0.0166,0.0110,0.0097
FACULTAD DE INGENIERIA Y ARQUITECTURA,GHLA,IMS1,INGENIERIA CIVIL EN MINAS LA SERENA,14704,MECANICA,220,no tengo otro comentario sobre el profesor.,Neutral,0.6158,Otro,0.9971,No detectado,0.0166,0.0110,0.0097
FACULTAD DE INGENIERIA Y ARQUITECTURA,GHLA,CI03,INGENIERÍA CIVIL INDUSTRIAL (LA SERENA),14704,MECANICA,220,nose congele.,Negativo,0.5296,Otro,0.8536,No detectado,0.0701,0.0277,0.0362
FACULTAD DE INGENIERIA Y ARQUITECTURA,GHLA,IC06,INGENIERÍA CIVIL EN COMPUTACIÓN E INFORMÁTICA (LA SERENA),14704,MECANICA,220,"nuevamente explicó, el profesor gerardo logró que la asignatura que considere más dificil de todo el semestre al ser de la rama de física se me facilitaria considerablemente a la hora de practicarla, explicó como debes saber usar las fórmulas que uno posee, como unas equivalen mejor que otras y esto reducido a lo que debí­a practicar pues en conocimientos el profesor gerardo fue bastante bueno ya que mostró una amplia práctica de mecánica.",Positivo,0.8467,Otro,0.9941,No detectado,0.0159,0.0068,0.0079
FACULTAD DE INGENIERIA Y ARQUITECTURA,GHLA,CI03,INGENIERÍA CIVIL INDUSTRIAL (LA SERENA),58020,GESTION DE LA CADENA DE ABASTECIMIENTO,211,profesor muy claro en entregar conocimiento.,Positivo,0.6058,Otro,0.9940,No detectado,0.0164,0.0088,0.0079
FACULTAD DE INGENIERIA Y ARQUITECTURA,GHLA,IC06,INGENIERÍA CIVIL EN COMPUTACIÓN E INFORMÁTICA (LA SERENA),14704,MECANICA,220,puntual y responsable.,Neutral,0.5345,Alegría,0.5328,No detectado,0.0320,0.0242,0.0204
FACULTAD DE INGENIERIA Y ARQUITECTURA,GHLA,CI03,INGENIERÍA CIVIL INDUSTRIAL (LA SERENA),14704,MECANICA,221,"recomendado, buena enseñanza en clases.",Positivo,0.9490,Otro,0.6325,No detectado,0.0180,0.0076,0.0113
FACULTAD DE INGENIERIA Y ARQUITECTURA,GHLA,CI03,INGENIERÍA CIVIL INDUSTRIAL (LA SERENA),58020,GESTION DE LA CADENA DE ABASTECIMIENTO,211,si.,Neutral,0.5224,Otro,0.5875,No detectado,0.0894,0.0297,0.0463
FACULTAD DE INGENIERIA Y ARQUITECTURA,GHLA,CI03,INGENIERÍA CIVIL INDUSTRIAL (LA SERENA),58020,GESTION DE LA CADENA DE ABASTECIMIENTO,210,si.,Neutral,0.5224,Otro,0.5875,No detectado,0.0894,0.0297,0.0463
FACULTAD DE INGENIERIA Y ARQUITECTURA,GHLA,IC06,INGENIERÍA CIVIL EN COMPUTACIÓN E INFORMÁTICA (LA SERENA),14704,MECANICA,221,"siempre me ha costado aprender los ramos de física pero si tengo que recomendar un profesor para aprenderla seria el profesor gerardo pues sus métodos son claros y llenos de ejemplos,logras imaginar casos ficticios con sus condiciones ideales y si no,este iba preparado con las simulaciones y experimentos en el laboratorio.",Neutral,0.6723,Otro,0.9659,No detectado,0.0579,0.0048,0.0201
FACULTAD DE INGENIERIA Y ARQUITECTURA,GHLA,CI03,INGENIERÍA CIVIL INDUSTRIAL (LA SERENA),58020,GESTION DE LA CADENA DE ABASTECIMIENTO,211,sin comentarios.,Neutral,0.4468,Otro,0.6370,No detectado,0.0500,0.0090,0.0231
FACULTAD DE INGENIERIA Y ARQUITECTURA,GHLA,CI03,INGENIERÍA CIVIL INDUSTRIAL (LA SERENA),58020,GESTION DE LA CADENA DE ABASTECIMIENTO,210,sin comentarios.,Neutral,0.4468,Otro,0.6370,No detectado,0.0500,0.0090,0.0231
FACULTAD DE INGENIERIA Y ARQUITECTURA,GHLA,CI03,INGENIERÍA CIVIL INDUSTRIAL (LA SERENA),14704,MECANICA,221,sin comentarios.,Neutral,0.4468,Otro,0.6370,No detectado,0.0500,0.0090,0.0231
FACULTAD DE INGENIERIA Y ARQUITECTURA,GHLA,CI03,INGENIERÍA CIVIL INDUSTRIAL (LA SERENA),58020,GESTION DE LA CADENA DE ABASTECIMIENTO,211,sin nada que agregar.,Neutral,0.5233,Otro,0.8024,No detectado,0.0305,0.0146,0.0159
FACULTAD DE INGENIERIA Y ARQUITECTURA,GHLA,CI03,INGENIERÍA CIVIL INDUSTRIAL (LA SERENA),58020,GESTION DE LA CADENA DE ABASTECIMIENTO,210,sin nada que agregar.,Neutral,0.5233,Otro,0.8024,No detectado,0.0305,0.0146,0.0159
FACULTAD DE INGENIERIA Y ARQUITECTURA,GHLA,CI03,INGENIERÍA CIVIL INDUSTRIAL (LA SERENA),14704,MECANICA,221,susoendi estudios.,Neutral,0.7305,Otro,0.9744,No detectado,0.0188,0.0130,0.0167
FACULTAD DE INGENIERIA Y ARQUITECTURA,GHLA,IC06,INGENIERÍA CIVIL EN COMPUTACIÓN E INFORMÁTICA (LA SERENA),14704,MECANICA,220,un profesor muy bueno que se preocupa por que sus estudiantes aprendan y les da oportunidades para que estos puedan superar sus limites y demostrar que si aprendieron lo que el profesor enseñaba.,Positivo,0.9632,Alegría,0.8003,No detectado,0.0167,0.0060,0.0083
FACULTAD DE INGENIERIA Y ARQUITECTURA,GHLA,IC06,INGENIERÍA CIVIL EN COMPUTACIÓN E INFORMÁTICA (LA SERENA),14704,MECANICA,221,un profesor muy respetuoso y comprensivo con sus estudiantes.,Positivo,0.9669,Otro,0.6827,No detectado,0.0159,0.0107,0.0085
